scope,song,genre,level,bpm,kind,seg_index,start_bar,end_bar,function,label_ja,n_bars,notes_total,n_events,align_err_ms,phi_star_ms,offset_delta_ms,spearman_raw,spearman_smooth,spearman_weighted,pearson_smooth,peak_err_bars,boundary_hit_tol1,boundary_hit_tol2,d_bar_mean,I_mean,suggested_notes,floor_fit,mae_notes,bias_notes,song_kind,seg_voiced,onset_ratio_vd,plan_v02,accent_stems,plan_primary,plan_secondary,best_stem,best_recall,second_stem,second_recall,best_stem_lift,best_lift,plan_agree,plan_agree_top2,plan_agree_lift,recall_drums,recall_bass,recall_other,recall_vocals,prec_vocals,lift_drums,lift_bass,lift_other,lift_vocals,none_share,pool_precision,ending_label,tail_ratio,section_spearman,n_segments,seg_best_drums,seg_best_other,seg_best_vocals,seg_best_bass,seg_plan_agree,seg_plan_agree_top2
song,-OutsideRRequieM-,オンゲキ＆CHUNITHM,13.6,181.0,,,,,,,104,817,519,0.0,-10.0,3.89,0.393,0.373,0.337,0.456,34,0.5,0.5,7.856,,8.128,0.177,3.025,-1.818,vocal,,,,,,,,,,,,,,,,0.736,0.146,0.181,0.181,0.559,3.135,1.549,1.373,2.546,0.123,0.497,tail_kill,1.082,0.661,9,9,0,0,0,1.0,1.0
song,7thSense,maimai,14.4,150.0,,,,,,,80,859,612,0.0,0.0,7.0,0.717,0.723,0.729,0.703,2,0.75,0.75,10.738,,12.32,0.264,3.644,-2.486,instrumental,,,,,,,,,,,,,,,,0.578,0.141,0.159,0.054,0.667,2.686,1.597,2.465,2.394,0.294,0.607,tail_kill,1.257,0.933,9,8,1,0,0,0.889,1.0
song,ARROW,niconico＆ボーカロイド,13.3,131.0,,,,,,,68,657,448,0.0,7.5,11.52,0.384,0.423,0.457,0.575,24,0.75,0.75,9.662,,11.231,-0.2,2.512,-0.207,vocal,,,,,,,,,,,,,,,,0.643,0.216,0.125,0.23,0.599,3.315,1.875,1.125,2.851,0.147,0.527,tail_kill,1.281,0.687,10,10,0,0,0,1.0,1.0
song,Acceleration,maimai,13.4,180.0,,,,,,,60,464,363,0.0,-5.0,6.37,0.559,0.493,0.508,0.481,36,0.5,0.5,7.733,,8.173,0.429,2.728,-1.75,instrumental,,,,,,,,,,,,,,,,0.614,0.353,0.113,0.074,0.575,3.323,2.837,1.702,2.112,0.132,0.707,tail_kill,1.277,0.714,6,6,0,0,0,1.0,1.0
song,Aiolos,maimai,14.3,205.0,,,,,,,110,1100,821,0.0,20.0,16.41,0.552,0.505,0.478,0.434,2,0.5,1.0,10.0,,9.015,0.189,4.305,-3.435,instrumental,,,,,,,,,,,,,,,,0.571,0.136,0.25,0.117,0.468,2.272,1.604,2.154,1.284,0.223,0.67,tail_kill,1.025,0.717,14,13,0,0,1,0.929,1.0
song,Axeria,maimai,14.5,193.0,,,,,,,87,888,657,0.0,-2.5,6.52,0.38,0.368,0.466,0.401,64,0.5,1.0,10.207,,9.575,0.463,3.553,-2.839,instrumental,,,,,,,,,,,,,,,,0.504,0.122,0.441,0.105,0.719,2.375,1.999,2.438,2.003,0.195,0.742,tail_kill,1.335,0.479,10,7,3,0,0,0.8,1.0
song,B.M.S.,ゲーム＆バラエティ,14.2,200.0,,,,,,,78,853,642,0.0,5.0,7.34,0.01,0.157,0.158,-0.116,46,1.0,1.0,10.936,,8.568,1.617,4.519,-3.828,vocal,,,,,,,,,,,,,,,,0.531,0.159,0.282,0.128,0.544,2.112,1.463,1.569,1.385,0.318,0.625,tail_kill,1.143,-0.091,10,9,0,1,0,0.9,1.0
song,BAD∞END∞NIGHT,niconico＆ボーカロイド,13.5,204.0,,,,,,,80,496,367,0.0,-2.5,7.63,0.282,0.189,0.272,0.194,18,0.25,0.25,6.2,,7.212,0.433,1.357,0.183,vocal,,,,,,,,,,,,,,,,0.553,0.06,0.632,0.232,0.559,2.415,0.497,3.11,2.478,0.103,0.44,other,0.948,0.791,8,4,4,0,0,0.625,0.875
song,Back 2 Back,ゲーム＆バラエティ,13.7,150.0,,,,,,,67,381,190,0.0,7.5,7.73,0.27,0.15,0.15,0.189,18,0.75,0.75,5.687,,9.808,0.4,1.704,1.218,vocal,,,,,,,,,,,,,,,,0.926,0.668,0.463,0.226,0.207,3.333,3.371,3.118,2.03,0.037,0.235,tail_kill,1.099,0.143,7,7,0,0,0,1.0,1.0
song,Bang Babang Bang!!!,オンゲキ＆CHUNITHM,13.2,200.0,,,,,,,103,756,513,0.0,-7.5,5.31,0.628,0.529,0.503,0.641,18,0.25,0.75,7.34,,6.348,0.189,2.84,-2.445,vocal,,,,,,,,,,,,,,,,0.776,0.092,0.131,0.402,0.746,2.893,1.993,1.624,3.173,0.084,0.589,tail_kill,1.209,0.527,10,9,1,0,0,0.9,1.0
song,Barbed Eye,maimai,13.0,135.0,,,,,,,79,807,533,0.0,0.0,-0.68,0.537,0.472,0.522,0.549,32,0.5,1.0,10.215,,9.404,0.218,3.046,-2.396,vocal,,,,,,,,,,,,,,,,0.587,0.18,0.188,0.283,0.656,2.915,2.271,3.045,2.991,0.22,0.584,tail_kill,1.236,0.4,9,9,0,0,0,1.0,1.0
song,Believe the Rainbow,maimai,13.4,133.0,,,,,,,77,445,184,0.0,-12.5,3.64,0.314,0.336,0.337,0.29,0,1.0,1.0,5.779,,11.062,0.279,3.305,2.324,vocal,,,,,,,,,,,,,,,,0.88,0.277,0.174,0.332,0.277,4.937,1.81,2.272,3.613,0.049,0.219,tail_kill,1.427,0.301,11,10,0,0,1,0.909,1.0
song,Black Out,maimai,13.3,142.0,,,,,,,44,339,269,0.0,7.5,11.36,0.524,0.502,0.564,0.569,2,1.0,1.0,7.705,,10.361,-0.031,2.025,0.925,instrumental,,,,,,,,,,,,,,,,0.68,0.208,0.502,0.394,0.544,2.868,1.988,2.846,2.65,0.1,0.499,tail_kill,1.087,0.6,6,4,1,0,1,0.667,0.833
song,Brain Power,ゲーム＆バラエティ,13.4,170.0,,,,,,,76,663,488,0.0,5.0,16.7,0.534,0.479,0.469,0.376,2,0.0,0.25,8.724,,8.593,-0.119,3.441,-1.814,instrumental,,,,,,,,,,,,,,,,0.594,0.217,0.49,0.234,0.679,2.914,1.543,1.616,2.557,0.096,0.528,tail_kill,1.662,0.714,7,4,3,0,0,0.571,1.0
song,Contrapasso -paradiso-,maimai,14.4,243.0,,,,,,,126,1024,596,0.0,-5.0,5.75,0.628,0.662,0.615,0.703,26,0.5,0.75,8.127,,7.605,0.218,2.829,-2.244,instrumental,,,,,,,,,,,,,,,,0.669,0.174,0.196,0.062,0.39,3.003,1.255,2.739,1.376,0.174,0.582,other,0.8,0.808,14,12,2,0,0,0.857,1.0
song,Cosmic Magic Shooter,東方Project,13.9,163.0,,,,,,,72,763,421,0.0,-12.5,1.8,0.33,0.466,0.522,0.452,28,0.5,0.5,10.597,,10.513,0.107,2.465,-2.118,vocal,,,,,,,,,,,,,,,,0.781,0.309,0.375,0.214,0.6,2.873,2.695,2.193,2.592,0.04,0.535,tail_kill,1.168,0.714,8,7,1,0,0,0.875,1.0
song,DO RORO DERODERO ON DO RORO,ゲーム＆バラエティ,13.7,190.0,,,,,,,78,515,456,0.0,-20.0,-12.88,-0.271,-0.288,-0.243,-0.188,40,0.5,0.5,6.603,,7.743,1.43,2.785,0.269,vocal,,,,,,,,,,,,,,,,0.353,0.118,0.463,0.158,0.444,2.19,1.461,2.278,1.66,0.265,0.467,tail_kill,1.287,-0.293,9,2,6,0,1,0.222,0.778
song,DRAGONLADY,ゲーム＆バラエティ,13.9,150.0,,,,,,,55,642,581,0.0,5.0,14.32,0.669,0.573,0.522,0.604,20,0.25,0.25,11.673,,11.424,-0.5,3.603,-2.478,vocal,,,,,,,,,,,,,,,,0.568,0.169,0.375,0.143,0.709,1.862,2.044,2.248,1.831,0.091,0.717,tail_kill,1.199,0.2,6,5,1,0,0,0.833,1.0
song,Danza zandA,maimai,13.4,129.0,,,,,,,59,638,386,0.0,15.0,8.1,0.235,0.081,0.058,-0.037,42,0.25,1.0,10.814,,11.405,1.009,2.536,-1.499,instrumental,,,,,,,,,,,,,,,,0.668,0.029,0.518,0.15,0.387,2.573,0.913,3.704,1.878,0.176,0.497,tail_kill,1.121,-0.25,7,5,2,0,0,0.714,1.0
song,Death Scythe,maimai,13.8,182.0,,,,,,,89,763,613,0.0,-2.5,2.57,0.645,0.621,0.522,0.534,6,0.75,0.75,8.573,,9.415,0.256,1.887,-0.635,instrumental,,,,,,,,,,,,,,,,0.706,0.739,0.037,0.15,0.681,2.895,3.172,1.747,2.226,0.108,0.786,tail_kill,1.152,0.634,10,6,0,0,4,0.6,1.0
song,D✪N’T ST✪P R✪CKIN’,maimai,13.8,140.0,,,,,,,72,802,519,0.0,2.5,10.8,-0.024,-0.02,0.068,0.136,22,0.5,1.0,11.139,,12.24,0.784,4.101,-2.226,vocal,,,,,,,,,,,,,,,,0.557,0.06,0.193,0.117,0.366,2.946,0.704,1.115,1.513,0.256,0.501,other,0.808,-0.214,8,8,0,0,0,1.0,1.0
song,ECHO,niconico＆ボーカロイド,13.5,140.0,,,,,,,74,768,425,0.0,-15.0,-0.34,0.753,0.748,0.751,0.785,12,0.75,0.75,10.378,,10.509,0.323,2.699,-2.206,vocal,,,,,,,,,,,,,,,,0.546,0.068,0.381,0.2,0.515,2.949,0.716,3.651,2.63,0.195,0.474,tail_kill,1.036,0.976,8,5,3,0,0,0.75,1.0
song,Endless World,maimai,13.0,142.0,,,,,,,66,398,300,0.0,-7.5,5.63,0.128,0.142,0.195,0.255,6,0.5,0.75,6.03,,8.941,0.316,2.38,1.802,vocal,,,,,,,,,,,,,,,,0.77,0.21,0.2,0.127,0.463,3.069,2.196,2.05,2.892,0.11,0.385,tail_kill,1.119,0.267,9,9,0,0,0,1.0,1.0
song,FEEL ALIVE,maimai,13.7,162.0,,,,,,,55,469,391,0.0,-7.5,11.35,0.243,0.224,0.197,0.452,28,0.5,0.75,8.527,,9.081,0.141,2.677,-1.185,instrumental,,,,,,,,,,,,,,,,0.752,0.373,0.166,0.133,0.495,2.701,2.518,1.488,1.756,0.156,0.573,tail_kill,1.055,0.8,4,4,0,0,0,1.0,1.0
song,FFT,maimai,14.0,180.0,,,,,,,95,849,516,0.0,2.5,7.19,0.457,0.46,0.521,0.452,36,0.75,0.75,8.937,,9.52,0.283,3.26,-1.754,instrumental,,,,,,,,,,,,,,,,0.643,0.116,0.298,0.122,0.512,2.97,2.308,2.656,2.135,0.229,0.586,tail_kill,1.175,0.667,8,8,0,0,0,1.0,1.0
song,FLOWER,ゲーム＆バラエティ,13.9,173.0,,,,,,,86,812,613,0.0,0.0,-4.51,0.565,0.603,0.549,0.427,14,0.25,0.25,9.442,,9.905,0.424,3.389,-1.952,instrumental,,,,,,,,,,,,,,,,0.374,0.064,0.465,0.088,0.329,2.226,1.635,1.957,1.1,0.214,0.536,other,0.993,0.983,9,3,6,0,0,0.556,1.0
song,FUJIN Rumble,ゲーム＆バラエティ,14.5,192.0,,,,,,,96,1000,838,0.0,0.0,11.66,0.845,0.763,0.694,0.787,8,0.5,0.5,10.417,,9.625,0.085,4.282,-3.406,instrumental,,,,,,,,,,,,,,,,0.591,0.173,0.172,0.17,0.693,2.343,1.503,1.505,1.722,0.243,0.763,other,0.684,0.937,12,11,1,0,0,0.917,1.0
song,GOODMEN,ゲーム＆バラエティ,13.4,175.0,,,,,,,91,875,613,0.0,2.5,10.57,0.482,0.52,0.559,0.546,62,0.75,0.75,9.615,,8.407,0.508,3.271,-2.972,instrumental,,,,,,,,,,,,,,,,0.661,0.253,0.131,0.437,0.738,2.445,2.594,1.693,2.703,0.09,0.609,tail_kill,1.313,0.63,9,8,0,1,0,0.889,1.0
song,Garden Of The Dragon,ゲーム＆バラエティ,13.5,120.0,,,,,,,54,676,507,0.0,0.0,18.61,0.285,0.367,0.301,0.326,8,0.5,0.5,12.519,,12.26,0.408,3.773,-2.605,instrumental,,,,,,,,,,,,,,,,0.795,0.136,0.006,0.012,0.353,2.405,1.484,2.616,1.236,0.183,0.6,tail_kill,1.138,0.6,5,5,0,0,0,1.0,1.0
song,Get Happy,maimai,13.8,150.0,,,,,,,75,680,568,0.0,15.0,8.18,-0.06,-0.165,-0.22,0.119,68,0.0,1.0,9.067,,11.424,0.665,1.716,0.07,instrumental,,,,,,,,,,,,,,,,0.678,0.18,0.474,0.021,0.231,2.235,1.837,2.3,0.812,0.107,0.542,tail_kill,1.172,-0.12,8,6,2,0,0,0.75,1.0
song,Got more raves？,ゲーム＆バラエティ,14.1,266.0,,,,,,,134,902,716,0.0,2.5,10.3,0.455,0.392,0.224,0.577,80,0.5,0.5,6.731,,6.442,0.262,2.025,-1.444,instrumental,,,,,,,,,,,,,,,,0.609,0.25,0.12,0.068,0.419,2.47,2.058,2.512,1.204,0.258,0.684,tail_kill,1.43,0.263,12,11,1,0,0,0.917,1.0
song,HERA,maimai,14.3,185.0,,,,,,,105,1031,757,0.0,12.5,6.51,0.622,0.602,0.598,0.718,62,0.5,0.75,9.819,,9.989,0.069,3.421,-2.4,instrumental,,,,,,,,,,,,,,,,0.472,0.289,0.563,0.091,0.429,2.349,1.883,1.945,1.319,0.086,0.562,tail_kill,1.248,0.464,11,3,8,0,0,0.273,0.727
song,HIMITSUスパーク,POPS＆アニメ,13.2,156.0,,,,,,,86,668,443,0.0,0.0,6.96,0.37,0.241,0.282,0.265,32,0.25,0.75,7.767,,8.138,0.631,2.561,-1.589,vocal,,,,,,,,,,,,,,,,0.623,0.305,0.21,0.282,0.488,3.23,3.094,2.767,2.546,0.138,0.533,tail_kill,1.046,0.557,12,9,2,1,0,0.833,1.0
song,Hyper Active,maimai,13.9,160.0,,,,,,,90,1064,824,0.0,-2.5,10.78,0.258,0.168,0.265,0.263,32,0.25,0.25,11.822,,10.71,0.623,3.545,-3.009,instrumental,,,,,,,,,,,,,,,,0.536,0.22,0.17,0.17,0.473,2.273,1.441,1.695,1.381,0.246,0.645,fade_out,0.698,0.259,12,12,0,0,0,1.0,1.0
song,Imperishable Night 2006 (2016 Refine),東方Project,13.8,161.0,,,,,,,87,1043,810,0.0,0.0,-5.27,0.444,0.547,0.561,0.611,0,0.75,1.0,11.989,,10.643,0.008,4.639,-4.261,instrumental,,,,,,,,,,,,,,,,0.678,0.389,0.257,0.28,0.689,2.435,1.744,1.328,1.969,0.096,0.631,tail_kill,1.022,0.905,8,8,0,0,0,1.0,1.0
song,Infantoon Fantasy,オンゲキ＆CHUNITHM,13.8,185.0,,,,,,,110,1039,689,0.0,2.5,5.72,0.723,0.628,0.665,0.651,64,1.0,1.0,9.445,,9.263,0.385,2.818,-2.391,instrumental,,,,,,,,,,,,,,,,0.736,0.043,0.255,0.054,0.37,2.812,1.677,2.327,1.293,0.141,0.662,tail_kill,1.191,0.843,13,12,1,0,0,1.0,1.0
song,JACKY [Remix],ゲーム＆バラエティ,13.7,135.0,,,,,,,49,386,300,0.0,12.5,7.22,0.552,0.52,0.468,0.447,26,0.75,0.75,7.878,,10.898,0.023,1.999,0.869,instrumental,,,,,,,,,,,,,,,,0.823,0.227,0.153,0.15,0.388,2.575,1.804,1.782,1.915,0.11,0.43,other,0.984,-0.029,6,6,0,0,0,1.0,1.0
song,Jack-the-Ripper◆,ゲーム＆バラエティ,14.1,210.0,,,,,,,127,933,754,0.0,20.0,11.66,0.308,0.265,0.319,0.213,60,0.5,0.75,7.346,,7.718,0.741,2.599,-1.918,instrumental,,,,,,,,,,,,,,,,0.588,0.235,0.223,0.052,0.661,2.575,2.211,2.469,2.01,0.235,0.656,tail_kill,1.276,0.354,11,10,1,0,0,0.909,1.0
song,Jumble Rumble,maimai,14.0,185.0,,,,,,,96,1081,820,0.0,-5.0,10.8,0.412,0.263,0.293,0.238,10,0.75,1.0,11.26,,9.263,0.791,3.795,-3.651,instrumental,,,,,,,,,,,,,,,,0.457,0.188,0.76,0.09,0.561,1.908,1.422,2.584,1.45,0.061,0.68,other,0.999,0.322,12,1,10,0,1,0.083,0.917
song,KISS CANDY FLAVOR,ゲーム＆バラエティ,13.4,146.0,,,,,,,83,730,517,0.0,-15.0,0.83,0.311,0.261,0.179,0.402,24,1.0,1.0,8.795,,10.077,0.529,2.458,-2.291,vocal,,,,,,,,,,,,,,,,0.745,0.087,0.246,0.259,0.606,3.61,1.274,1.398,2.767,0.139,0.515,other,0.569,0.548,8,8,0,0,0,0.875,1.0
song,Kattobi KEIKYU Rider,オンゲキ＆CHUNITHM,13.7,220.0,,,,,,,134,844,490,0.0,-7.5,7.97,0.426,0.232,0.205,0.29,20,0.25,0.25,6.299,,6.687,0.597,2.047,-1.53,vocal,,,,,,,,,,,,,,,,0.855,0.02,0.116,0.255,0.312,3.171,0.418,0.711,1.669,0.092,0.336,other,0.973,0.587,16,16,0,0,0,1.0,1.0
song,L4TS2018 (feat. あひる & KTA),ゲーム＆バラエティ,13.3,190.0,,,,,,,84,574,342,0.0,-37.5,-22.51,0.57,0.512,0.492,0.639,6,0.25,0.5,6.833,,7.743,-0.206,1.886,-0.417,vocal,,,,,,,,,,,,,,,,0.672,0.252,0.167,0.237,0.503,3.347,3.038,2.052,2.691,0.082,0.427,other,0.53,0.783,9,8,1,0,0,0.667,0.889
song,Like the Wind [Reborn],ゲーム＆バラエティ,14.0,200.0,,,,,,,88,679,513,0.0,0.0,7.59,0.442,0.489,0.501,0.422,62,0.75,0.75,7.716,,8.568,-0.099,2.814,-0.893,instrumental,,,,,,,,,,,,,,,,0.509,0.333,0.409,0.094,0.471,2.631,2.567,2.65,1.643,0.16,0.649,tail_kill,1.215,0.573,11,7,4,0,0,0.636,0.909
song,MYTHOS,maimai,14.4,158.0,,,,,,,76,735,584,0.0,2.5,10.95,0.485,0.37,0.364,0.528,34,0.75,1.0,9.671,,11.696,-0.085,4.207,-0.004,instrumental,,,,,,,,,,,,,,,,0.56,0.356,0.168,0.026,0.246,2.357,1.712,3.008,0.812,0.217,0.563,tail_kill,1.577,0.333,9,9,0,0,0,1.0,1.0
song,Magical Flavor,maimai,13.3,98.0,,,,,,,49,593,367,0.0,-7.5,6.24,0.372,0.318,0.442,0.428,6,0.75,0.75,12.102,,15.012,0.14,3.035,0.464,vocal,,,,,,,,,,,,,,,,0.869,0.098,0.463,0.221,0.375,3.986,2.365,3.101,2.114,0.046,0.482,tail_kill,1.177,0.543,6,6,0,0,0,1.0,1.0
song,Magical Sound Shower,niconico＆ボーカロイド,13.4,120.0,,,,,,,71,662,489,0.0,-7.5,-0.03,0.347,0.2,0.19,0.408,20,0.25,0.25,9.324,,12.26,0.221,3.321,-0.385,vocal,,,,,,,,,,,,,,,,0.836,0.403,0.413,0.094,0.505,2.852,3.392,2.465,2.459,0.039,0.474,other,0.979,0.65,9,9,0,0,0,1.0,1.0
song,Mare Maris,maimai,13.9,150.0,,,,,,,80,856,598,0.0,17.5,27.88,0.459,0.374,0.358,0.398,2,0.75,0.75,10.7,,11.424,0.322,2.873,-1.609,instrumental,,,,,,,,,,,,,,,,0.632,0.084,0.356,0.318,0.725,2.966,0.795,1.871,2.717,0.155,0.549,tail_kill,1.437,0.491,11,11,0,0,0,0.909,0.909
song,Maxi,ゲーム＆バラエティ,14.0,180.0,,,,,,,84,914,623,0.0,10.0,25.42,0.494,0.545,0.536,0.696,58,0.25,0.75,10.881,,9.52,0.14,4.0,-3.6,vocal,,,,,,,,,,,,,,,,0.674,0.079,0.294,0.178,0.514,2.477,0.874,1.745,1.612,0.197,0.568,other,0.678,0.929,8,8,0,0,0,1.0,1.0
song,Money Money,東方Project,13.2,145.0,,,,,,,89,745,438,0.0,-10.0,-2.2,0.332,0.255,0.281,0.386,54,0.75,0.75,8.371,,8.002,0.464,3.404,-2.275,vocal,,,,,,,,,,,,,,,,0.724,0.329,0.187,0.24,0.52,3.293,2.716,1.768,2.761,0.096,0.483,tail_kill,1.075,0.393,13,8,1,0,4,0.615,0.923
song,My Dearest Song,オンゲキ＆CHUNITHM,13.3,145.0,,,,,,,85,802,495,0.0,7.5,7.9,0.626,0.55,0.632,0.517,30,0.75,1.0,9.435,,10.146,0.069,2.737,-1.399,vocal,,,,,,,,,,,,,,,,0.545,0.121,0.273,0.224,0.782,3.297,2.569,2.677,3.773,0.22,0.632,other,0.702,0.708,12,11,1,0,0,0.917,1.0
song,Mysterious Destiny,ゲーム＆バラエティ,13.3,140.0,,,,,,,64,372,187,0.0,-2.5,7.83,0.288,0.541,0.541,0.445,2,0.5,0.75,5.812,,10.509,-0.221,3.321,3.321,vocal,,,,,,,,,,,,,,,,0.738,0.519,0.561,0.112,0.196,2.773,3.531,2.818,1.946,0.011,0.237,tail_kill,1.054,0.899,6,3,2,0,1,0.5,0.833
song,Nerverakes,maimai,14.1,140.0,,,,,,,46,560,523,0.0,15.0,10.51,0.299,0.276,0.26,0.498,24,0.5,0.5,12.174,,12.24,-0.029,4.466,-2.148,instrumental,,,,,,,,,,,,,,,,0.386,0.465,0.124,0.164,0.748,2.226,2.005,1.599,1.922,0.212,0.77,tail_kill,1.171,-0.1,5,2,0,0,3,0.4,0.8
song,Night Fly,maimai,13.2,127.0,,,,,,,42,286,216,0.0,10.0,10.83,0.571,0.431,0.388,0.496,12,0.75,0.75,6.81,,9.997,-0.003,3.067,0.442,vocal,,,,,,,,,,,,,,,,0.745,0.13,0.222,0.153,0.314,2.93,2.297,1.286,1.956,0.116,0.366,tail_kill,1.45,0.1,5,5,0,0,0,1.0,1.0
song,Nitrous Fury,maimai,14.0,144.0,,,,,,,63,752,748,0.0,2.5,15.9,0.52,0.522,0.482,0.475,0,0.75,0.75,11.937,,11.9,-0.363,2.26,-1.341,instrumental,,,,,,,,,,,,,,,,0.615,0.135,0.179,0.222,0.849,2.225,1.588,1.777,2.104,0.273,0.812,tail_kill,1.068,0.691,8,8,0,0,0,1.0,1.0
song,Paranoia,東方Project,13.6,150.0,,,,,,,84,818,538,0.0,7.5,12.8,0.157,0.056,0.05,0.254,20,0.5,0.5,9.738,,9.808,0.405,3.212,-1.9,vocal,,,,,,,,,,,,,,,,0.697,0.552,0.612,0.204,0.516,2.669,2.641,2.128,2.228,0.035,0.471,tail_kill,1.232,0.067,10,8,2,0,0,0.8,1.0
song,Party 4U ”holy nite mix”,ゲーム＆バラエティ,13.7,159.0,,,,,,,59,695,477,0.0,2.5,10.43,0.322,0.257,0.281,0.424,34,0.75,0.75,11.78,,9.253,-0.528,3.875,-3.286,instrumental,,,,,,,,,,,,,,,,0.665,0.371,0.193,0.069,0.696,2.449,1.814,1.891,2.229,0.13,0.579,tail_kill,1.146,0.464,7,6,0,0,1,0.857,1.0
song,Reach For The Stars,ゲーム＆バラエティ,13.9,203.0,,,,,,,72,549,373,0.0,0.0,3.76,0.529,0.595,0.397,0.595,36,0.5,0.75,7.625,,8.441,-0.293,2.582,-0.523,vocal,,,,,,,,,,,,,,,,0.606,0.126,0.284,0.196,0.702,2.658,1.545,2.43,2.732,0.158,0.57,fade_out,0.525,0.7,9,6,3,0,0,0.778,1.0
song,Rodeo Machine,POPS＆アニメ,13.8,115.0,,,,,,,56,428,167,0.0,17.5,9.33,0.631,0.65,0.637,0.476,20,0.0,0.75,7.643,,14.901,-0.512,6.152,6.089,vocal,,,,,,,,,,,,,,,,0.886,0.234,0.371,0.126,0.162,3.394,3.077,1.871,1.914,0.06,0.217,other,0.851,0.771,6,6,0,0,0,1.0,1.0
song,Scars of FAUNA,ゲーム＆バラエティ,13.8,165.0,,,,,,,81,777,480,0.0,-5.0,10.8,0.569,0.62,0.615,0.57,0,0.5,1.0,9.593,,10.385,0.308,2.649,-1.491,instrumental,,,,,,,,,,,,,,,,0.744,0.019,0.329,0.127,0.323,2.807,0.243,3.137,1.369,0.133,0.507,tail_kill,1.368,0.867,9,7,2,0,0,0.778,1.0
song,Signature,maimai,13.5,128.0,,,,,,,70,698,503,0.0,-17.5,0.63,0.731,0.758,0.746,0.84,2,0.75,0.75,9.971,,11.494,-0.155,2.102,-0.688,instrumental,,,,,,,,,,,,,,,,0.785,0.052,0.129,0.08,0.325,3.906,0.858,1.494,1.434,0.109,0.599,tail_kill,1.241,0.95,9,9,0,0,0,1.0,1.0
song,Space Harrier Main Theme [Reborn],ゲーム＆バラエティ,13.6,125.0,,,,,,,59,464,424,0.0,-10.0,6.84,0.334,0.301,0.275,0.291,44,1.0,1.0,7.864,,11.77,0.251,3.571,0.409,instrumental,,,,,,,,,,,,,,,,0.505,0.163,0.351,0.243,0.512,2.015,1.924,2.552,2.367,0.245,0.344,tail_kill,1.367,0.238,8,6,2,0,0,0.75,0.875
song,Still,オンゲキ＆CHUNITHM,13.4,176.0,,,,,,,102,793,510,0.0,-15.0,-6.2,0.369,0.306,0.335,0.31,16,0.75,1.0,7.775,,8.359,0.427,2.237,-0.952,vocal,,,,,,,,,,,,,,,,0.667,0.028,0.178,0.147,0.463,3.244,0.792,2.458,2.158,0.214,0.519,tail_kill,1.061,0.517,9,9,0,0,0,1.0,1.0
song,Streak,maimai,13.7,150.0,,,,,,,48,332,239,0.0,10.0,10.69,0.565,0.525,0.572,0.511,12,0.25,0.5,6.917,,9.808,0.125,1.804,1.04,instrumental,,,,,,,,,,,,,,,,0.745,0.151,0.464,0.138,0.218,2.927,2.496,1.911,1.216,0.059,0.359,other,0.922,1.0,5,5,0,0,0,1.0,1.0
song,TRUST,オンゲキ＆CHUNITHM,13.1,190.0,,,,,,,95,729,448,0.0,5.0,12.48,0.53,0.456,0.472,0.41,20,0.5,0.75,7.674,,6.682,0.305,2.814,-2.138,vocal,,,,,,,,,,,,,,,,0.587,0.078,0.395,0.29,0.797,2.803,1.526,2.936,3.67,0.156,0.58,other,0.945,0.564,12,10,2,0,0,0.833,1.0
song,ULTRA B+K,ゲーム＆バラエティ,13.9,175.0,,,,,,,89,845,524,0.0,-5.0,3.53,0.567,0.416,0.549,0.569,10,0.5,0.75,9.494,,9.792,0.502,3.199,-2.802,instrumental,,,,,,,,,,,,,,,,0.721,0.195,0.267,0.086,0.506,3.064,1.685,1.465,1.984,0.065,0.529,tail_kill,1.027,0.483,9,8,1,0,0,0.889,1.0
song,Urban Crusher [Remix],ゲーム＆バラエティ,13.4,155.0,,,,,,,66,476,426,0.0,5.0,8.7,-0.116,-0.115,-0.2,-0.035,36,1.0,1.0,7.212,,9.492,0.828,1.962,-0.18,instrumental,,,,,,,,,,,,,,,,0.648,0.193,0.434,0.021,0.6,2.717,2.6,2.132,2.373,0.145,0.551,tail_kill,1.057,-0.405,8,7,1,0,0,0.875,1.0
song,We Gonna Journey,オンゲキ＆CHUNITHM,13.9,160.0,,,,,,,85,915,632,0.0,5.0,13.25,0.538,0.549,0.445,0.681,36,0.5,0.5,10.765,,10.71,-0.238,3.464,-2.142,vocal,,,,,,,,,,,,,,,,0.682,0.187,0.245,0.172,0.521,2.487,1.01,2.354,1.821,0.106,0.524,tail_kill,1.184,0.736,11,11,0,0,0,1.0,1.0
song,White Traveling Girl,東方Project,13.4,154.0,,,,,,,85,805,545,0.0,2.5,10.24,0.117,0.059,0.05,0.23,42,0.5,0.5,9.471,,9.553,0.414,3.161,-1.718,vocal,,,,,,,,,,,,,,,,0.892,0.374,0.384,0.325,0.714,3.002,2.768,1.863,3.023,0.048,0.552,tail_kill,1.175,0.048,8,7,1,0,0,0.875,0.875
song,World Vanquisher,オンゲキ＆CHUNITHM,14.3,170.0,,,,,,,100,1072,811,0.0,-5.0,6.89,0.462,0.437,0.493,0.514,50,0.5,1.0,10.72,,10.871,0.368,3.986,-2.609,instrumental,,,,,,,,,,,,,,,,0.488,0.007,0.074,0.074,0.328,2.416,0.482,1.663,0.995,0.427,0.657,tail_kill,1.621,0.452,8,7,1,0,0,0.875,1.0
song,Xevel,オンゲキ＆CHUNITHM,14.3,176.0,,,,,,,98,1169,897,0.0,2.5,7.6,0.293,0.244,0.303,0.517,64,0.0,0.5,11.929,,10.032,-0.294,4.657,-3.308,instrumental,,,,,,,,,,,,,,,,0.642,0.214,0.417,0.108,0.59,2.478,1.947,1.552,1.468,0.186,0.693,tail_kill,1.32,0.685,10,8,2,0,0,0.8,1.0
song,YU-MU,東方Project,13.2,160.0,,,,,,,66,576,365,0.0,-2.5,-7.74,0.198,-0.029,-0.009,0.337,38,0.25,0.25,8.727,,7.935,0.492,2.918,-2.449,vocal,,,,,,,,,,,,,,,,0.386,0.227,0.142,0.192,0.56,2.939,2.302,1.68,2.59,0.34,0.565,tail_kill,1.046,-0.4,4,2,0,1,1,0.5,0.75
song,awake,ゲーム＆バラエティ,13.2,170.0,,,,,,,56,391,281,0.0,17.5,7.93,0.183,0.032,0.042,0.607,36,0.25,0.5,6.982,,7.468,-0.552,2.064,-0.637,vocal,,,,,,,,,,,,,,,,0.794,0.687,0.402,0.203,0.407,3.332,3.271,2.931,1.978,0.025,0.54,tail_kill,1.307,0.2,4,2,0,0,2,0.5,1.0
song,connecting with you,maimai,13.2,155.0,,,,,,,91,850,564,0.0,-2.5,9.62,0.678,0.594,0.515,0.728,60,0.75,0.75,9.341,,8.191,0.204,3.458,-3.038,vocal,,,,,,,,,,,,,,,,0.652,0.257,0.31,0.231,0.73,3.046,1.986,1.913,3.124,0.137,0.532,tail_kill,1.392,0.7,9,7,0,2,0,0.778,1.0
song,maiム・maiム feat.週刊少年マガジン,maimai,13.2,140.0,,,,,,,72,684,431,0.0,7.5,9.32,0.132,0.061,-0.03,0.098,4,0.5,0.75,9.5,,9.069,0.805,3.461,-2.61,vocal,,,,,,,,,,,,,,,,0.793,0.123,0.712,0.197,0.436,3.417,1.844,3.406,2.152,0.095,0.54,other,0.882,0.182,11,9,2,0,0,0.909,1.0
song,sweet little sister,東方Project,13.4,168.0,,,,,,,87,617,440,0.0,5.0,9.06,0.281,0.358,0.267,0.21,4,0.5,0.5,7.092,,8.608,0.565,2.345,-0.657,vocal,,,,,,,,,,,,,,,,0.868,0.052,0.393,0.295,0.855,3.075,1.188,1.714,4.082,0.048,0.446,tail_kill,1.516,0.193,9,7,2,0,0,0.778,1.0
song,taboo tears you up,東方Project,13.4,180.0,,,,,,,103,937,604,0.0,-10.0,-8.54,0.408,0.369,0.315,0.411,36,0.75,0.75,9.097,,8.173,0.71,3.665,-3.166,vocal,,,,,,,,,,,,,,,,0.556,0.205,0.272,0.277,0.46,2.766,2.012,2.15,1.868,0.21,0.567,other,0.852,0.621,11,8,2,1,0,0.727,0.818
song,【東方ニコカラ】秘神マターラ feat.魂音泉【IOSYS】,東方Project,13.4,168.0,,,,,,,97,851,522,0.0,5.0,7.97,0.348,0.391,0.344,0.383,58,0.0,0.5,8.773,,8.757,0.163,2.494,-1.671,vocal,,,,,,,,,,,,,,,,0.661,0.079,0.259,0.299,0.415,3.11,1.096,1.701,1.97,0.126,0.457,other,0.912,0.685,10,9,0,1,0,0.9,1.0
song,おこちゃま戦争,niconico＆ボーカロイド,13.3,175.0,,,,,,,86,740,575,0.0,5.0,7.63,0.5,0.478,0.516,0.566,4,0.0,0.0,8.605,,8.407,0.477,2.332,-1.924,vocal,,,,,,,,,,,,,,,,0.654,0.308,0.259,0.197,0.739,2.882,2.521,1.54,2.595,0.118,0.612,tail_kill,1.162,0.9,9,7,2,0,0,0.778,1.0
song,おちゃめ機能,niconico＆ボーカロイド,13.6,150.0,,,,,,,56,499,441,0.0,-2.5,12.26,-0.072,0.031,0.039,0.164,4,0.0,0.0,8.911,,9.808,0.608,1.625,-1.322,vocal,,,,,,,,,,,,,,,,0.757,0.254,0.318,0.225,0.623,2.635,3.109,1.798,2.185,0.098,0.596,other,0.828,0.714,6,5,1,0,0,0.833,1.0
song,しねばいいのに,niconico＆ボーカロイド,13.0,138.0,,,,,,,65,479,258,0.0,-25.0,2.46,0.424,0.514,0.481,0.348,28,0.25,0.75,7.369,,9.2,-0.725,4.344,0.671,vocal,,,,,,,,,,,,,,,,0.659,0.167,0.636,0.302,0.401,2.556,0.821,2.205,3.075,0.101,0.249,tail_kill,2.392,0.643,8,6,2,0,0,0.875,1.0
song,すーぱーぬこになりたい,niconico＆ボーカロイド,13.7,194.0,,,,,,,96,897,600,0.0,-7.5,6.04,0.042,0.062,0.015,-0.064,6,0.25,0.5,9.344,,7.584,1.379,3.55,-3.397,vocal,,,,,,,,,,,,,,,,0.733,0.127,0.138,0.202,0.658,2.824,1.787,1.753,2.249,0.173,0.642,tail_kill,1.258,0.017,9,9,0,0,0,1.0,1.0
song,どういうことなの！？,niconico＆ボーカロイド,13.4,175.0,,,,,,,84,594,441,0.0,5.0,7.25,0.082,0.086,0.18,0.117,12,0.75,1.0,7.071,,8.451,0.709,2.34,-0.415,vocal,,,,,,,,,,,,,,,,0.723,0.277,0.27,0.213,0.746,3.016,2.808,3.244,3.321,0.163,0.622,other,0.972,0.167,9,7,1,0,1,0.778,1.0
song,どうしてこうなった,niconico＆ボーカロイド,13.7,180.0,,,,,,,101,934,700,0.0,0.0,8.47,0.359,0.126,0.177,0.17,46,0.75,0.75,9.248,,8.173,0.812,3.402,-2.615,vocal,,,,,,,,,,,,,,,,0.873,0.254,0.131,0.151,0.555,2.823,2.363,1.903,1.839,0.067,0.676,tail_kill,1.216,0.14,12,11,1,0,0,0.917,1.0
song,にじよめちゃん体操第一億,POPS＆アニメ,13.8,120.0,,,,,,,50,469,232,0.0,-17.5,-29.93,0.01,-0.141,-0.243,0.134,28,0.25,0.5,9.38,,12.959,0.551,3.269,1.5,vocal,,,,,,,,,,,,,,,,0.806,0.353,0.272,0.276,0.352,4.409,3.557,3.728,2.462,0.142,0.408,other,0.853,0.7,5,4,1,0,0,0.8,1.0
song,ぽっぴっぽー,niconico＆ボーカロイド,13.3,150.0,,,,,,,61,507,404,0.0,0.0,3.43,0.082,-0.004,-0.074,0.047,48,0.75,0.75,8.311,,9.808,0.808,3.026,-2.797,vocal,,,,,,,,,,,,,,,,0.646,0.282,0.428,0.441,0.777,2.201,3.153,1.919,3.304,0.027,0.461,tail_kill,1.354,-0.647,8,6,0,2,0,0.75,0.875
song,アンハッピーリフレイン,niconico＆ボーカロイド,13.4,205.0,,,,,,,94,756,527,0.0,7.5,9.6,0.561,0.407,0.403,0.479,2,0.25,0.5,8.043,,7.177,0.215,2.089,-1.672,vocal,,,,,,,,,,,,,,,,0.689,0.184,0.173,0.156,0.55,2.711,2.291,2.191,1.974,0.195,0.615,other,0.777,0.714,6,5,1,0,0,1.0,1.0
song,アージェントシンメトリー,maimai,13.5,172.0,,,,,,,91,746,467,0.0,7.5,5.37,0.282,0.187,0.161,0.305,18,0.5,0.5,8.198,,8.553,0.231,2.994,-1.082,instrumental,,,,,,,,,,,,,,,,0.585,0.079,0.235,0.199,0.5,3.128,1.316,1.415,2.342,0.178,0.484,tail_kill,1.235,0.491,10,9,1,0,0,0.9,1.0
song,ウサテイ,東方Project,14.0,190.0,,,,,,,81,646,545,0.0,2.5,15.89,0.364,0.327,0.219,0.453,18,0.25,0.5,7.975,,9.019,0.095,1.71,-0.456,vocal,,,,,,,,,,,,,,,,0.756,0.604,0.084,0.229,0.477,2.773,2.679,1.735,1.592,0.081,0.654,tail_kill,1.144,0.643,7,4,0,0,3,0.571,1.0
song,ウッーウッーウマウマ(ﾟ∀ﾟ),POPS＆アニメ,13.4,164.73,,,,,,,66,542,352,0.0,5.0,11.8,0.209,0.16,0.236,0.516,12,0.5,0.5,8.212,,8.931,0.344,1.872,-0.846,vocal,,,,,,,,,,,,,,,,0.812,0.531,0.403,0.378,0.655,3.143,3.023,2.411,3.131,0.08,0.517,tail_kill,1.324,0.4,4,3,1,0,0,1.0,1.0
song,オモイヨシノ,ゲーム＆バラエティ,13.3,168.0,,,,,,,93,675,500,0.0,7.5,5.36,0.284,0.19,0.232,0.209,74,0.25,0.25,7.258,,8.757,0.494,2.716,-0.096,vocal,,,,,,,,,,,,,,,,0.56,0.078,0.406,0.168,0.564,3.109,1.551,3.212,2.555,0.182,0.608,other,0.982,0.2,9,6,2,1,0,0.667,1.0
song,ガチャガチャきゅ～と・ふぃぎゅ@メイト,POPS＆アニメ,13.2,178.0,,,,,,,92,690,395,0.0,10.0,6.71,0.16,0.293,0.297,0.336,16,0.5,0.75,7.5,,7.133,0.548,2.467,-1.797,vocal,,,,,,,,,,,,,,,,0.828,0.521,0.261,0.327,0.496,3.424,3.256,2.208,2.735,0.048,0.493,tail_kill,1.067,0.427,11,10,1,0,0,0.909,1.0
song,キミノヨゾラ哨戒班,niconico＆ボーカロイド,13.0,185.0,,,,,,,90,741,535,0.0,0.0,4.84,0.547,0.438,0.529,0.443,0,0.25,0.75,8.233,,6.863,0.597,3.026,-2.732,vocal,,,,,,,,,,,,,,,,0.703,0.234,0.355,0.144,0.558,3.207,2.22,2.904,2.08,0.071,0.745,tail_kill,1.123,0.732,8,6,2,0,0,0.875,1.0
song,キレキャリオン,niconico＆ボーカロイド,13.1,170.0,,,,,,,86,715,446,0.0,-5.0,7.18,0.411,0.326,0.347,0.379,2,0.5,0.5,8.314,,7.468,0.35,3.337,-2.513,vocal,,,,,,,,,,,,,,,,0.785,0.052,0.092,0.24,0.594,3.618,1.439,2.045,2.787,0.152,0.618,tail_kill,1.353,0.286,8,8,0,0,0,1.0,1.0
song,ギリギリ最強あいまいみー！,POPS＆アニメ,13.7,185.0,,,,,,,79,755,448,0.0,-7.5,1.23,0.149,0.149,0.192,0.273,2,0.5,0.75,9.557,,7.952,0.429,3.488,-2.556,vocal,,,,,,,,,,,,,,,,0.667,0.228,0.047,0.268,0.553,2.878,2.96,1.574,2.219,0.19,0.615,other,0.994,0.31,9,9,0,0,0,1.0,1.0
song,クノイチでも恋がしたい,niconico＆ボーカロイド,13.4,185.0,,,,,,,101,855,516,0.0,2.5,3.7,0.58,0.44,0.359,0.335,14,0.5,1.0,8.465,,7.952,0.57,2.404,-1.676,vocal,,,,,,,,,,,,,,,,0.814,0.089,0.134,0.234,0.738,3.207,2.312,1.566,3.21,0.108,0.598,other,0.915,0.774,11,10,1,0,0,0.909,1.0
song,コトバ・カラフル,ゲーム＆バラエティ,13.7,169.0,,,,,,,60,575,310,0.0,-5.0,5.42,-0.072,-0.131,-0.09,0.33,36,0.25,0.5,9.583,,8.705,0.433,2.657,-1.975,vocal,,,,,,,,,,,,,,,,0.848,0.413,0.468,0.284,0.677,3.513,2.341,3.13,3.193,0.032,0.6,other,0.887,0.0,7,7,0,0,0,1.0,1.0
song,ジンギスカン,POPS＆アニメ,13.3,150.0,,,,,,,81,752,472,0.0,-2.5,-0.27,-0.072,-0.223,-0.081,-0.003,16,1.0,1.0,9.284,,9.808,0.951,2.797,-1.759,vocal,,,,,,,,,,,,,,,,0.725,0.127,0.267,0.489,0.565,3.518,2.749,2.784,2.805,0.104,0.628,tail_kill,1.279,0.056,12,11,0,1,0,0.917,0.917
song,ジングルベル,maimai,14.4,100.0,,,,,,,38,648,545,0.0,-2.5,4.54,-0.051,0.021,-0.183,0.071,6,0.5,0.5,17.053,,18.48,0.792,3.903,-2.723,vocal,,,,,,,,,,,,,,,,0.539,0.077,0.237,0.053,0.583,2.416,1.878,2.1,1.667,0.367,0.714,tail_kill,1.114,0.0,4,4,0,0,0,0.75,1.0
song,ストリーミングハート,niconico＆ボーカロイド,13.3,210.0,,,,,,,114,742,530,0.0,2.5,3.72,0.364,0.489,0.471,0.373,16,0.25,0.25,6.509,,7.006,0.249,1.995,-1.124,vocal,,,,,,,,,,,,,,,,0.489,0.151,0.215,0.262,0.623,2.805,2.348,2.585,2.665,0.211,0.57,other,0.787,0.833,8,6,2,0,0,1.0,1.0
song,セガサターン起動音[H.][Remix],ゲーム＆バラエティ,13.0,148.0,,,,,,,47,368,280,0.0,5.0,12.43,0.203,0.236,-0.033,-0.356,22,0.25,0.25,7.83,,8.578,1.891,2.661,-0.702,instrumental,,,,,,,,,,,,,,,,0.604,0.25,0.15,0.232,0.371,2.356,2.07,2.081,1.768,0.296,0.377,other,0.814,0.2,4,4,0,0,0,1.0,1.0
song,ソーラン☆節,maimai,13.4,145.0,,,,,,,54,414,333,0.0,2.5,4.43,0.443,0.402,0.372,0.5,0,0.25,0.5,7.667,,10.146,-0.236,2.506,0.816,vocal,,,,,,,,,,,,,,,,0.742,0.129,0.408,0.168,0.378,2.977,2.396,2.751,1.747,0.147,0.554,tail_kill,1.37,0.464,7,7,0,0,0,0.857,1.0
song,ダンスロボットダンス,niconico＆ボーカロイド,13.3,190.0,,,,,,,113,826,416,0.0,7.5,5.12,0.271,0.346,0.199,0.369,32,0.75,0.75,7.31,,7.743,0.484,2.096,-1.353,vocal,,,,,,,,,,,,,,,,0.772,0.154,0.101,0.303,0.63,3.512,2.104,0.946,3.724,0.113,0.436,other,0.923,0.442,14,14,0,0,0,1.0,1.0
song,デッドレッドガールズ,niconico＆ボーカロイド,13.8,230.0,,,,,,,127,917,617,0.0,-7.5,1.24,0.156,0.267,0.318,0.387,20,1.0,1.0,7.22,,7.45,-0.133,2.325,-0.605,vocal,,,,,,,,,,,,,,,,0.684,0.057,0.092,0.196,0.624,2.835,1.491,1.415,2.315,0.203,0.58,other,0.814,0.675,14,13,1,0,0,0.929,0.929
song,ドーナツホール,niconico＆ボーカロイド,13.6,252.0,,,,,,,143,934,549,0.0,-20.0,-5.75,0.205,0.189,0.059,0.348,120,0.5,1.0,6.531,,5.838,0.628,2.102,-1.852,vocal,,,,,,,,,,,,,,,,0.727,0.169,0.408,0.14,0.546,3.357,2.306,3.074,2.313,0.117,0.56,tail_kill,1.091,0.357,17,14,3,0,0,0.824,1.0
song,ナイト・オブ・ナイツ,東方Project,13.3,180.0,,,,,,,80,675,619,0.0,17.5,17.22,0.297,0.431,0.38,0.524,50,0.5,0.75,8.438,,8.173,0.436,2.739,-2.364,instrumental,,,,,,,,,,,,,,,,0.732,0.38,0.649,0.265,0.641,2.514,2.1,2.686,1.953,0.133,0.729,tail_kill,1.215,0.524,8,5,3,0,0,0.625,1.0
song,ネクロファンタジア～Arr.Demetori,東方Project,13.8,180.0,,,,,,,109,971,623,0.0,-2.5,-7.83,0.277,0.242,0.332,0.271,6,0.5,0.75,8.908,,9.52,0.693,2.647,-1.923,instrumental,,,,,,,,,,,,,,,,0.822,0.303,0.17,0.398,0.523,2.316,2.047,3.301,2.221,0.107,0.48,tail_kill,1.221,0.402,13,13,0,0,0,1.0,1.0
song,ハート・ビート,オンゲキ＆CHUNITHM,13.4,212.0,,,,,,,125,818,530,0.0,-2.5,2.33,0.342,0.292,0.349,0.259,10,0.5,0.75,6.544,,6.94,0.491,2.166,-1.099,vocal,,,,,,,,,,,,,,,,0.698,0.179,0.298,0.315,0.702,3.055,2.275,2.409,3.258,0.106,0.541,tail_kill,1.165,0.67,15,13,1,1,0,0.867,0.933
song,ピーマンたべたら,maimai,13.7,178.0,,,,,,,73,691,484,0.0,2.5,9.94,0.24,0.027,0.146,0.01,6,0.25,0.5,9.466,,8.265,1.129,3.382,-2.698,vocal,,,,,,,,,,,,,,,,0.647,0.182,0.103,0.151,0.507,2.515,1.886,2.705,1.771,0.262,0.628,tail_kill,1.254,0.429,8,8,0,0,0,1.0,1.0
song,フキゲンワルツ,niconico＆ボーカロイド,13.2,210.0,,,,,,,121,776,502,0.0,0.0,8.83,0.027,-0.083,-0.008,-0.112,12,0.0,0.5,6.413,,6.046,1.153,3.24,-2.883,vocal,,,,,,,,,,,,,,,,0.456,0.126,0.494,0.303,0.817,2.356,1.657,2.653,3.874,0.171,0.448,tail_kill,1.189,-0.1,11,3,6,2,0,0.364,0.909
song,ユビキリ,maimai,13.3,174.0,,,,,,,84,642,334,0.0,5.0,5.43,0.499,0.489,0.493,0.546,0,0.25,0.25,7.643,,8.455,-0.365,2.11,-0.158,vocal,,,,,,,,,,,,,,,,0.62,0.087,0.207,0.305,0.477,3.345,0.71,3.137,2.878,0.18,0.416,other,0.916,0.691,11,9,0,2,0,0.818,0.909
song,リンカーネイション,niconico＆ボーカロイド,13.8,185.0,,,,,,,99,861,619,0.0,0.0,-0.06,0.398,0.264,0.308,0.509,6,0.5,0.75,8.697,,9.263,0.436,2.542,-1.823,vocal,,,,,,,,,,,,,,,,0.648,0.052,0.134,0.192,0.713,2.852,1.982,2.56,2.537,0.213,0.715,other,0.949,0.318,11,10,0,1,0,1.0,1.0
song,ロストワンの号哭,niconico＆ボーカロイド,13.6,162.0,,,,,,,87,946,689,0.0,5.0,-3.24,0.065,-0.003,0.113,-0.056,28,0.75,0.75,10.874,,9.081,1.252,5.531,-5.514,vocal,,,,,,,,,,,,,,,,0.457,0.128,0.077,0.203,0.625,2.484,1.961,1.938,2.03,0.366,0.691,tail_kill,1.288,-0.417,9,7,0,2,0,0.778,1.0
song,ローリンガール,niconico＆ボーカロイド,13.2,195.0,,,,,,,96,543,380,0.0,2.5,5.09,0.086,0.059,0.084,0.323,18,0.5,0.5,5.656,,6.511,0.449,1.891,-0.083,vocal,,,,,,,,,,,,,,,,0.539,0.203,0.174,0.184,0.556,2.954,1.984,2.523,2.942,0.237,0.477,tail_kill,1.017,0.491,10,7,1,1,1,0.7,0.9
song,ワールズエンド・ダンスホール,niconico＆ボーカロイド,13.0,171.0,,,,,,,68,464,357,0.0,5.0,6.47,0.091,0.204,0.166,0.214,10,0.5,0.75,6.824,,7.425,0.229,1.622,-0.858,vocal,,,,,,,,,,,,,,,,0.588,0.168,0.535,0.401,0.726,2.695,1.574,2.765,3.391,0.101,0.525,other,0.989,0.429,6,3,2,1,0,0.5,1.0
song,僕は空気が嫁ない,niconico＆ボーカロイド,13.5,192.0,,,,,,,89,770,464,0.0,7.5,11.0,0.499,0.44,0.46,0.524,10,0.25,0.75,8.652,,7.663,0.414,3.01,-2.908,instrumental,,,,,,,,,,,,,,,,0.53,0.05,0.222,0.179,0.653,2.839,1.19,2.452,2.673,0.267,0.607,other,0.722,0.943,6,6,0,0,0,1.0,1.0
song,光線チューニング,オンゲキ＆CHUNITHM,13.7,190.0,,,,,,,112,933,543,0.0,10.0,5.38,0.125,0.09,0.194,0.247,44,0.25,0.75,8.33,,7.743,0.734,2.803,-2.241,vocal,,,,,,,,,,,,,,,,0.759,0.175,0.188,0.337,0.628,2.96,3.308,2.632,2.906,0.179,0.539,tail_kill,1.321,0.127,11,9,0,0,2,0.818,0.818
song,円舞曲、君に,ゲーム＆バラエティ,13.3,128.0,,,,,,,58,394,284,0.0,-5.0,6.2,0.496,0.398,0.411,0.383,8,0.0,0.25,6.793,,11.494,0.204,2.822,1.42,vocal,,,,,,,,,,,,,,,,0.581,0.074,0.391,0.211,0.403,4.021,3.696,2.857,2.633,0.197,0.34,tail_kill,1.233,0.75,7,5,2,0,0,0.857,1.0
song,初音ミクの消失,niconico＆ボーカロイド,13.9,240.0,,,,,,,133,961,761,0.0,2.5,8.87,0.559,0.547,0.553,0.52,36,0.25,1.0,7.226,,7.14,-0.203,2.851,-1.497,vocal,,,,,,,,,,,,,,,,0.558,0.234,0.075,0.201,0.586,1.918,1.62,1.91,1.797,0.258,0.497,other,0.9,0.596,14,13,0,0,1,0.929,0.929
song,初音ミクの激唱,niconico＆ボーカロイド,14.5,200.0,,,,,,,119,834,721,0.0,-5.0,4.07,0.629,0.648,0.633,0.532,26,0.75,0.75,7.008,,9.24,-0.486,4.151,0.588,vocal,,,,,,,,,,,,,,,,0.441,0.146,0.091,0.197,0.717,1.97,1.658,2.446,2.447,0.399,0.554,other,0.82,0.683,14,13,0,0,1,1.0,1.0
song,前前前世,POPS＆アニメ,13.0,190.0,,,,,,,84,697,466,0.0,-7.5,-3.32,0.19,0.14,0.185,0.068,4,0.5,0.5,8.298,,6.682,1.081,2.893,-2.529,vocal,,,,,,,,,,,,,,,,0.646,0.112,0.112,0.129,0.472,3.214,2.046,2.153,1.865,0.27,0.641,tail_kill,1.1,-0.092,10,10,0,0,0,1.0,1.0
song,厨病激発ボーイ,niconico＆ボーカロイド,13.8,190.0,,,,,,,110,928,656,0.0,7.5,8.74,0.367,0.233,0.334,0.36,70,0.75,0.75,8.436,,9.133,0.408,2.921,-0.965,vocal,,,,,,,,,,,,,,,,0.578,0.16,0.116,0.137,0.497,2.949,1.613,3.018,1.832,0.25,0.615,tail_kill,1.348,0.252,12,11,1,0,0,0.917,1.0
song,右肩の蝶,niconico＆ボーカロイド,13.1,140.0,,,,,,,85,757,428,0.0,5.0,14.35,0.461,0.422,0.457,0.511,8,0.25,0.75,8.906,,9.069,0.462,2.988,-2.196,vocal,,,,,,,,,,,,,,,,0.825,0.486,0.355,0.133,0.35,3.123,2.803,2.443,2.028,0.054,0.388,tail_kill,1.305,0.459,12,12,0,0,0,1.0,1.0
song,咲キ誇レ常世ノ華,maimai,13.5,170.0,,,,,,,109,804,479,0.001,5.0,-3.74,0.53,0.413,0.45,0.51,50,0.75,0.75,7.376,,7.255,0.188,2.649,-1.596,vocal,,,,,,,,,,,,,,,,0.699,0.084,0.119,0.219,0.577,3.301,1.379,2.323,2.676,0.15,0.564,tail_kill,1.254,0.337,13,11,2,0,0,0.846,0.923
song,四月の雨,maimai,13.9,79.0,,,,,,,40,634,456,0.0,-5.0,6.27,0.36,0.321,0.184,0.348,2,0.25,0.25,15.85,,21.691,0.422,4.033,0.374,instrumental,,,,,,,,,,,,,,,,0.575,0.068,0.425,0.037,0.179,2.708,2.165,2.352,0.794,0.182,0.604,tail_kill,1.065,0.5,5,4,1,0,0,0.8,1.0
song,回レ！雪月花,POPS＆アニメ,13.3,160.0,,,,,,,59,665,470,0.0,-7.5,10.69,0.265,0.161,0.131,0.218,6,0.5,0.75,11.271,,9.195,0.815,4.726,-4.391,vocal,,,,,,,,,,,,,,,,0.583,0.234,0.272,0.319,0.724,2.466,2.281,2.164,2.443,0.153,0.657,tail_kill,1.087,0.429,6,5,1,0,0,0.833,0.833
song,夜咄ディセイブ,niconico＆ボーカロイド,13.8,260.0,,,,,,,123,635,467,0.0,10.0,14.44,0.325,0.292,0.309,0.312,18,1.0,1.0,5.163,,6.591,0.45,1.288,-0.043,vocal,,,,,,,,,,,,,,,,0.644,0.186,0.165,0.221,0.66,2.7,2.176,2.106,2.765,0.203,0.488,other,0.993,0.174,16,15,0,1,0,0.812,0.938
song,夜明けまであと３秒,ゲーム＆バラエティ,14.0,177.0,,,,,,,97,962,730,0.0,-10.0,2.3,0.026,-0.007,0.22,0.023,0,0.5,0.5,9.918,,9.44,1.033,3.821,-3.061,instrumental,,,,,,,,,,,,,,,,0.375,0.084,0.123,0.037,0.474,2.198,1.742,2.57,1.391,0.525,0.68,other,0.945,0.059,14,11,3,0,0,0.929,1.0
song,妖精村の月誕祭 ～Lunate Elf,東方Project,13.3,132.0,,,,,,,55,606,379,0.0,30.0,20.24,0.571,0.533,0.571,0.606,18,0.5,0.5,11.018,,11.145,0.244,3.644,-2.807,instrumental,,,,,,,,,,,,,,,,0.881,0.121,0.364,0.087,0.508,2.847,2.047,2.589,2.236,0.084,0.509,tail_kill,1.021,0.2,4,4,0,0,0,1.0,1.0
song,幸せになれる隠しコマンドがあるらしい,niconico＆ボーカロイド,14.0,142.0,,,,,,,86,850,495,0.0,-12.5,-0.74,0.464,0.547,0.566,0.512,24,0.75,1.0,9.884,,12.068,-0.078,2.82,-0.538,vocal,,,,,,,,,,,,,,,,0.764,0.042,0.123,0.236,0.391,3.077,0.545,2.297,2.013,0.156,0.436,other,0.86,0.72,12,12,0,0,0,1.0,1.0
song,幻想のサテライト,東方Project,14.1,230.0,,,,,,,124,850,541,0.0,7.5,7.12,0.602,0.664,0.708,0.649,90,0.75,1.0,6.855,,7.45,0.017,2.304,-0.837,vocal,,,,,,,,,,,,,,,,0.503,0.094,0.414,0.331,0.539,2.501,2.81,3.194,2.302,0.177,0.511,fade_out,0.62,0.771,14,7,4,3,0,0.643,0.929
song,幾四音-Ixion-,オンゲキ＆CHUNITHM,13.3,210.0,,,,,,,123,794,562,0.0,5.0,0.35,0.223,0.205,0.225,0.048,66,0.5,0.75,6.455,,7.006,0.8,2.274,-0.44,vocal,,,,,,,,,,,,,,,,0.582,0.187,0.126,0.1,0.389,3.178,2.276,3.09,1.716,0.35,0.565,tail_kill,1.239,0.338,15,15,0,0,0,1.0,1.0
song,放課後ストライド,niconico＆ボーカロイド,13.3,225.0,,,,,,,124,708,469,0.0,-5.0,5.73,0.323,0.343,0.342,0.492,90,0.5,0.5,5.71,,6.539,0.25,1.225,-0.101,vocal,,,,,,,,,,,,,,,,0.876,0.168,0.09,0.252,0.596,2.937,1.653,2.221,2.906,0.079,0.459,tail_kill,1.051,0.352,13,13,0,0,0,1.0,1.0
song,敗北の少年,niconico＆ボーカロイド,13.4,185.0,,,,,,,110,968,608,0.0,-22.5,-13.39,0.017,-0.083,-0.129,-0.018,40,0.0,0.75,8.8,,7.952,1.137,3.784,-3.049,vocal,,,,,,,,,,,,,,,,0.727,0.105,0.204,0.151,0.719,2.805,1.359,2.034,2.862,0.141,0.545,tail_kill,1.151,0.187,14,12,2,0,0,0.857,1.0
song,日本の米は世界一,POPS＆アニメ,13.3,138.0,,,,,,,64,706,413,0.0,-5.0,3.71,0.272,0.263,0.195,0.479,4,0.25,0.5,11.031,,10.661,0.018,3.591,-2.4,vocal,,,,,,,,,,,,,,,,0.722,0.249,0.293,0.228,0.58,3.482,2.602,2.224,2.681,0.131,0.606,other,0.884,0.748,10,10,0,0,0,1.0,1.0
song,最終鬼畜妹・一部声,東方Project,13.9,200.0,,,,,,,110,841,507,0.0,15.0,19.64,0.271,0.24,0.235,0.562,24,0.25,0.25,7.645,,8.568,-0.185,2.42,-0.115,vocal,,,,,,,,,,,,,,,,0.544,0.254,0.174,0.219,0.489,2.628,2.584,1.215,2.214,0.248,0.435,other,0.294,0.648,10,9,0,0,1,0.8,0.9
song,木彫り鯰と右肩ゾンビ,niconico＆ボーカロイド,13.6,150.0,,,,,,,87,925,571,0.0,0.0,10.93,0.185,0.2,0.271,0.254,42,0.5,1.0,10.632,,9.808,0.372,2.772,-1.929,vocal,,,,,,,,,,,,,,,,0.785,0.322,0.49,0.277,0.495,3.369,2.739,3.243,2.131,0.068,0.672,tail_kill,1.035,0.424,12,12,0,0,0,1.0,1.0
song,東方スイーツ！～鬼畜姉妹と受難メイド～,東方Project,13.2,179.0,,,,,,,77,552,343,0.0,0.0,12.06,0.384,0.281,0.242,0.331,24,0.25,0.25,7.169,,7.093,0.547,2.288,-1.563,vocal,,,,,,,,,,,,,,,,0.662,0.152,0.522,0.364,0.587,3.099,2.506,2.76,3.092,0.102,0.469,tail_kill,1.116,0.167,9,6,3,0,0,0.667,0.889
song,東方妖々夢 ～the maximum moving about～,東方Project,13.3,196.975,,,,,,,118,780,531,0.002,2.5,-10.05,0.279,0.28,0.35,0.34,0,0.5,0.5,6.61,,7.381,0.511,1.712,-0.571,vocal,,,,,,,,,,,,,,,,0.533,0.262,0.12,0.177,0.534,3.12,2.727,2.731,2.452,0.288,0.589,tail_kill,1.04,0.783,14,14,0,0,0,1.0,1.0
song,極圏,ゲーム＆バラエティ,14.4,207.0,,,,,,,100,979,688,0.0,0.0,12.34,0.387,0.44,0.47,0.622,14,0.5,0.5,9.79,,8.928,0.234,3.826,-3.119,instrumental,,,,,,,,,,,,,,,,0.645,0.148,0.183,0.071,0.62,2.49,1.466,2.229,1.76,0.252,0.715,tail_kill,1.124,0.609,11,8,2,0,1,0.727,1.0
song,火炎地獄,maimai,14.1,216.0,,,,,,,97,685,432,0.0,22.5,45.23,0.289,0.245,0.266,0.351,0,0.5,0.75,7.062,,7.933,0.289,2.152,-1.063,instrumental,,,,,,,,,,,,,,,,0.623,0.185,0.005,0.31,0.465,2.774,2.303,2.746,2.074,0.31,0.509,tail_kill,1.027,0.561,11,11,0,0,0,1.0,1.0
song,炉心融解,niconico＆ボーカロイド,13.2,165.0,,,,,,,64,416,269,0.0,-5.0,8.74,0.455,0.367,0.332,0.491,12,0.25,0.75,6.5,,7.695,0.191,1.824,0.202,vocal,,,,,,,,,,,,,,,,0.81,0.494,0.323,0.234,0.636,3.637,3.115,3.823,3.731,0.037,0.534,other,0.769,0.829,6,4,1,0,1,0.833,1.0
song,炭★坑★節,maimai,13.3,112.0,,,,,,,45,356,286,0.0,5.0,7.21,-0.159,-0.305,-0.32,-0.202,8,1.0,1.0,7.911,,13.136,1.277,4.479,3.148,vocal,,,,,,,,,,,,,,,,0.731,0.262,0.143,0.112,0.21,3.317,2.616,2.632,1.214,0.189,0.473,other,0.995,-0.6,5,5,0,0,0,1.0,1.0
song,片想いサンバ,niconico＆ボーカロイド,13.2,150.0,,,,,,,81,816,574,0.0,-12.5,0.58,0.149,0.079,0.161,-0.041,20,0.25,0.5,10.074,,8.464,1.235,3.87,-3.762,vocal,,,,,,,,,,,,,,,,0.727,0.021,0.429,0.178,0.291,2.853,0.554,1.871,1.171,0.037,0.468,tail_kill,1.266,-0.607,7,7,0,0,0,1.0,1.0
song,生きてるおばけは生きている,niconico＆ボーカロイド,13.3,140.0,,,,,,,72,829,557,0.0,0.0,2.33,0.335,0.209,0.192,0.381,10,1.0,1.0,11.514,,10.509,0.308,2.917,-2.19,vocal,,,,,,,,,,,,,,,,0.693,0.07,0.056,0.174,0.735,3.134,1.401,1.91,2.764,0.21,0.704,tail_kill,1.14,0.695,9,9,0,0,0,1.0,1.0
song,疾走あんさんぶる,東方Project,13.7,195.0,,,,,,,104,890,670,0.0,25.0,23.04,0.363,0.506,0.517,0.364,54,0.75,1.0,8.558,,7.545,-0.3,2.727,-1.82,instrumental,,,,,,,,,,,,,,,,0.727,0.288,0.402,0.579,0.692,2.635,1.897,2.978,2.483,0.151,0.649,tail_kill,1.373,0.434,12,9,0,3,0,0.417,1.0
song,真・ハンサム体操でズンドコホイ,POPS＆アニメ,13.4,140.0,,,,,,,61,500,306,0.0,-5.0,6.75,0.286,0.221,0.216,0.155,2,0.0,0.0,8.197,,10.509,0.433,3.55,-0.588,vocal,,,,,,,,,,,,,,,,0.667,0.376,0.415,0.203,0.333,2.682,2.527,2.092,2.001,0.163,0.347,tail_kill,1.647,-0.036,8,7,1,0,0,0.875,1.0
song,空威張りビヘイビア,maimai,13.7,186.0,,,,,,,102,887,555,0.0,2.5,4.89,0.42,0.478,0.513,0.629,2,0.0,0.75,8.696,,7.91,0.34,3.175,-2.735,vocal,,,,,,,,,,,,,,,,0.568,0.097,0.086,0.27,0.667,3.278,2.867,2.652,2.747,0.323,0.689,tail_kill,1.207,0.701,12,11,0,1,0,0.833,1.0
song,終点,niconico＆ボーカロイド,13.7,222.0,,,,,,,107,710,470,0.0,-10.0,2.23,0.338,0.387,0.439,0.471,0,0.25,0.25,6.636,,6.627,0.441,2.699,-2.125,vocal,,,,,,,,,,,,,,,,0.715,0.16,0.115,0.198,0.585,2.762,2.14,2.417,2.477,0.164,0.532,other,0.584,0.829,6,6,0,0,0,1.0,1.0
song,緋色のDance,東方Project,13.3,155.0,,,,,,,65,598,476,0.0,10.0,13.94,0.002,-0.142,-0.026,-0.221,8,1.0,1.0,9.2,,9.492,1.391,2.75,-1.467,vocal,,,,,,,,,,,,,,,,0.489,0.063,0.101,0.185,0.524,2.718,1.738,1.525,1.911,0.368,0.622,tail_kill,1.372,-0.5,7,7,0,0,0,1.0,1.0
song,脳漿炸裂ガール,niconico＆ボーカロイド,14.1,155.0,,,,,,,66,678,618,0.0,2.5,12.72,0.126,-0.025,-0.063,0.073,16,1.0,1.0,10.273,,11.055,0.858,2.614,-1.49,vocal,,,,,,,,,,,,,,,,0.591,0.183,0.17,0.15,0.394,1.914,1.513,2.122,1.147,0.194,0.592,other,0.998,0.1,9,7,2,0,0,0.778,1.0
song,言ノ葉カルマ,maimai,13.4,150.0,,,,,,,87,792,605,0.0,0.0,6.32,0.217,0.222,0.333,0.163,16,1.0,1.0,9.103,,9.808,0.752,3.044,-2.051,vocal,,,,,,,,,,,,,,,,0.559,0.152,0.478,0.276,0.628,2.183,2.66,2.404,2.521,0.145,0.504,other,0.947,0.385,12,8,4,0,0,0.667,0.833
song,記憶、記録,maimai,13.6,185.0,,,,,,,81,651,486,0.0,-5.0,5.53,0.345,0.237,0.35,0.369,12,0.25,0.5,8.037,,7.952,0.45,2.977,-2.397,vocal,,,,,,,,,,,,,,,,0.827,0.103,0.356,0.245,0.778,2.982,2.007,2.56,2.892,0.035,0.668,tail_kill,1.182,0.086,6,6,0,0,0,1.0,1.0
song,超絶！Superlative,ゲーム＆バラエティ,13.2,200.0,,,,,,,87,448,325,0.0,-22.5,-16.96,0.113,0.104,0.128,0.187,12,0.25,0.5,5.149,,6.348,0.576,2.092,-0.068,instrumental,,,,,,,,,,,,,,,,0.594,0.055,0.194,0.32,0.45,2.782,1.729,2.809,2.546,0.274,0.382,other,0.874,0.671,8,7,1,0,0,0.875,0.875
song,進捗どうですか？,東方Project,13.6,199.0,,,,,,,103,918,551,0.0,-7.5,3.11,0.498,0.336,0.357,0.408,34,0.25,0.5,8.913,,7.393,0.479,3.567,-3.18,vocal,,,,,,,,,,,,,,,,0.659,0.319,0.167,0.251,0.738,3.234,2.29,2.224,2.873,0.134,0.662,other,0.856,0.821,10,8,0,2,0,0.9,1.0
song,電車で電車でOPA!OPA!OPA! -GMT mashup-,ゲーム＆バラエティ,13.8,134.0,,,,,,,70,572,377,0.0,-7.5,8.86,0.098,0.002,0.033,0.104,22,1.0,1.0,8.171,,12.788,0.511,3.892,1.684,vocal,,,,,,,,,,,,,,,,0.785,0.271,0.3,0.204,0.535,2.488,2.281,2.374,3.025,0.056,0.388,tail_kill,1.101,-0.629,11,10,0,0,1,0.818,0.909
song,響縁,東方Project,13.0,180.0,,,,,,,89,674,422,0.0,0.0,2.76,0.45,0.512,0.471,0.511,10,0.75,0.75,7.573,,7.053,0.389,2.837,-2.338,vocal,,,,,,,,,,,,,,,,0.822,0.294,0.097,0.235,0.478,3.344,2.912,1.545,2.336,0.102,0.524,tail_kill,1.073,0.85,9,6,0,1,2,0.667,1.0
song,頓珍漢の宴,niconico＆ボーカロイド,13.8,145.0,,,,,,,81,987,624,0.0,5.0,9.1,0.522,0.436,0.466,0.661,30,0.5,0.75,12.185,,11.818,-0.073,3.657,-2.365,vocal,,,,,,,,,,,,,,,,0.716,0.179,0.298,0.192,0.569,2.607,1.9,1.827,2.109,0.109,0.571,tail_kill,1.036,0.709,10,10,0,0,0,1.0,1.0
song,魔法少女になるしかねぇ,ゲーム＆バラエティ,14.0,165.0,,,,,,,90,956,676,0.0,0.0,9.09,0.305,0.278,0.317,0.273,14,0.25,0.5,10.622,,10.385,0.413,3.344,-2.674,vocal,,,,,,,,,,,,,,,,0.592,0.223,0.5,0.312,0.601,2.541,1.403,2.062,2.079,0.098,0.547,other,0.93,0.224,10,6,3,1,0,0.5,0.9
song,魔理沙は大変なものを盗んでいきました,東方Project,13.3,170.0,,,,,,,81,584,484,0.0,-7.5,6.05,0.312,0.366,0.457,0.37,22,0.5,0.75,7.21,,8.654,0.371,2.325,-0.815,vocal,,,,,,,,,,,,,,,,0.585,0.076,0.583,0.275,0.462,2.279,1.674,2.257,1.937,0.101,0.479,other,0.867,0.862,8,4,4,0,0,0.5,1.0
song,麒麟,ゲーム＆バラエティ,14.1,220.0,,,,,,,116,837,562,0.0,7.5,10.63,0.724,0.636,0.624,0.646,2,0.0,0.5,7.216,,7.789,-0.159,2.945,-1.467,instrumental,,,,,,,,,,,,,,,,0.635,0.279,0.237,0.123,0.67,2.496,2.75,2.546,2.554,0.19,0.578,other,0.797,0.75,9,7,2,0,0,0.778,1.0
