scope,song,level,bpm,kind,seg_index,start_bar,end_bar,function,label_ja,n_bars,notes_total,n_events,align_err_ms,phi_star_ms,offset_delta_ms,spearman_raw,spearman_smooth,spearman_weighted,pearson_smooth,peak_err_bars,boundary_hit_tol1,boundary_hit_tol2,d_bar_mean,I_mean,suggested_notes,floor_fit,mae_notes,bias_notes,plan_primary,plan_secondary,best_stem,best_recall,second_stem,second_recall,best_stem_lift,best_lift,plan_agree,plan_agree_top2,plan_agree_lift,recall_drums,recall_bass,recall_other,recall_vocals,prec_drums,prec_bass,prec_other,prec_vocals,lift_drums,lift_bass,lift_other,lift_vocals,none_share,pool_precision,ending_label,tail_ratio,section_spearman
song,Back 2 Back,13.7,150.0,,,,,,,67,381,190,0.0,7.5,7.73,0.3196,0.2152,0.2143,0.1424,26,0.75,0.75,5.687,,9.15,0.5291,2.067,1.173,,,,,,,,,,,,0.9211,0.6684,0.4632,0.2211,0.3059,0.329,0.3099,0.2029,3.3194,3.3941,3.1081,1.9922,0.0368,0.234,tail_kill,1.0991,0.3571
segment,Back 2 Back,13.7,150.0,audio_segment,0,2,12,intro,イントロ,11,,23,,,,,,,,,,,4.0,0.5944,,,,,vocal,,drums,0.913,bass,0.8261,bass,5.3698,False,False,False,0.913,0.8261,0.3478,0.3913,0.2877,0.3878,0.2051,0.1607,4.1443,5.3698,2.7939,2.2516,,,,,
segment,Back 2 Back,13.7,150.0,audio_segment,1,13,20,pre_chorus,Bメロ,8,,19,,,,,,,,,,,5.25,0.3494,,,,,drum,,drums,0.8947,other,0.8421,bass,5.3588,True,True,False,0.8947,0.7895,0.8421,0.0526,0.3091,0.4412,0.3721,0.1429,3.9371,5.3588,4.6131,1.6305,,,,,
segment,Back 2 Back,13.7,150.0,audio_segment,2,21,36,chorus,サビ,16,,49,,,,,,,,,,,6.125,0.8381,,,,,vocal,drum,drums,0.9388,bass,0.5918,other,3.5535,False,False,False,0.9388,0.5918,0.5306,0.2041,0.3172,0.271,0.3768,0.1667,3.2583,2.6682,3.5535,1.5557,,,,,
segment,Back 2 Back,13.7,150.0,audio_segment,3,37,44,interlude,間奏,8,,26,,,,,,,,,,,6.375,0.4239,,,,,drum,hook,drums,0.9615,bass,0.6154,vocals,8.2244,True,True,False,0.9615,0.6154,0.0769,0.0385,0.3676,0.3721,0.1333,1.0,3.5229,3.3711,1.1329,8.2244,,,,,
segment,Back 2 Back,13.7,150.0,audio_segment,4,45,52,verse,Aメロ,8,,23,,,,,,,,,,,5.75,0.7022,,,,,hook,vocal,drums,0.8696,bass,0.6087,bass,3.1382,False,False,False,0.8696,0.6087,0.6087,0.2609,0.2703,0.3043,0.2642,0.2609,2.9667,3.1382,2.767,2.5524,,,,,
segment,Back 2 Back,13.7,150.0,audio_segment,5,53,62,final_chorus,ラスサビ,10,,30,,,,,,,,,,,6.0,0.8415,,,,,vocal,drum,drums,0.8,bass,0.5333,other,3.3503,False,False,False,0.8,0.5333,0.4667,0.0667,0.2474,0.254,0.35,0.0556,2.6235,2.5347,3.3503,0.5279,,,,,
segment,Back 2 Back,13.7,150.0,audio_segment,6,63,68,quiet_chorus,落ちサビ,6,,20,,,,,,,,,,,6.667,0.7451,,,,,hook,vocal,drums,1.0,bass,0.8,vocals,4.4811,False,False,False,1.0,0.8,0.35,0.6,0.3448,0.381,0.3889,0.5217,3.2888,3.4651,3.2894,4.4811,,,,,
segment,Back 2 Back,13.7,150.0,chart_changepoint,0,2,17,,,16,,33,,,,,,,,,,,4.25,0.5037,,,,,,,drums,0.8788,bass,0.7879,bass,5.207,,,,0.8788,0.7879,0.4848,0.303,0.2685,0.3714,0.2462,0.1667,3.9297,5.207,3.4312,2.3099,,,,,
segment,Back 2 Back,13.7,150.0,chart_changepoint,1,18,37,,,20,,59,,,,,,,,,,,5.85,0.7626,,,,,,,drums,0.9492,bass,0.6441,other,3.7112,,,,0.9492,0.6441,0.5763,0.1864,0.3237,0.3089,0.3778,0.1719,3.4263,3.1271,3.7112,1.6488,,,,,
segment,Back 2 Back,13.7,150.0,chart_changepoint,2,38,44,,,7,,25,,,,,,,,,,,7.143,0.4033,,,,,,,drums,0.92,bass,0.6,drums,3.3468,,,,0.92,0.6,0.0,0.0,0.3833,0.375,0.0,,3.3468,3.1107,0.0,,,,,,
segment,Back 2 Back,13.7,150.0,chart_changepoint,3,45,53,,,9,,23,,,,,,,,,,,5.111,0.7039,,,,,,,drums,0.8696,bass,0.6087,bass,3.2366,,,,0.8696,0.6087,0.6087,0.2609,0.2326,0.28,0.2545,0.2609,2.8874,3.2366,2.9721,2.8546,,,,,
segment,Back 2 Back,13.7,150.0,chart_changepoint,4,54,68,,,15,,50,,,,,,,,,,,6.667,0.8112,,,,,,,drums,0.88,bass,0.64,other,3.368,,,,0.88,0.64,0.44,0.28,0.3077,0.3168,0.3929,0.2373,2.9277,2.8681,3.368,2.0417,,,,,
song,MYTHOS,14.4,158.0,,,,,,,76,735,584,0.0,2.5,10.77,0.2706,0.196,0.1793,0.409,60,0.75,1.0,9.671,,10.1,0.1338,4.513,-1.424,,,,,,,,,,,,0.5599,0.3545,0.1661,0.0257,0.633,0.4638,0.8981,0.2459,2.357,1.7067,3.0039,0.8124,0.2192,0.5638,tail_kill,1.5769,0.0333
segment,MYTHOS,14.4,158.0,audio_segment,0,2,8,intro,イントロ,7,,1,,,,,,,,,,,0.286,0.1561,,,,,drum,hook,drums,0.0,bass,0.0,drums,0.0,True,True,True,0.0,0.0,0.0,0.0,0.0,0.0,,0.0,0.0,0.0,,0.0,,,,,
segment,MYTHOS,14.4,158.0,audio_segment,1,9,20,chorus,サビ,12,,11,,,,,,,,,,,3.667,0.8605,,,,,drum,,drums,0.9091,bass,0.0,drums,4.4174,True,True,True,0.9091,0.0,0.0,0.0,0.1429,0.0,0.0,0.0,4.4174,0.0,0.0,0.0,,,,,
segment,MYTHOS,14.4,158.0,audio_segment,2,21,24,verse,Aメロ,4,,9,,,,,,,,,,,6.5,0.7579,,,,,drum,hook,drums,0.8889,other,0.2222,other,11.3632,True,True,False,0.8889,0.0,0.2222,0.1111,0.2667,0.0,1.0,0.1667,3.4668,0.0,11.3632,1.9314,,,,,
segment,MYTHOS,14.4,158.0,audio_segment,3,25,44,interlude,間奏,20,,159,,,,,,,,,,,11.05,0.8366,,,,,hook,,drums,0.5975,bass,0.3585,other,2.9917,False,False,True,0.5975,0.3585,0.2327,0.0252,0.6169,0.3585,0.9024,0.8,2.2783,1.3302,2.9917,2.5602,,,,,
segment,MYTHOS,14.4,158.0,audio_segment,4,45,56,final_chorus,ラスサビ,12,,184,,,,,,,,,,,15.417,0.9177,,,,,drum,,drums,0.5598,bass,0.4837,drums,1.9005,True,True,True,0.5598,0.4837,0.1196,0.0217,0.9717,0.978,0.9565,0.5714,1.9005,1.8687,1.6398,0.9544,,,,,
segment,MYTHOS,14.4,158.0,audio_segment,5,57,68,verse,Aメロ,12,,105,,,,,,,,,,,10.667,0.7512,,,,,hook,,drums,0.4952,bass,0.2667,other,2.4383,False,False,True,0.4952,0.2667,0.2,0.0286,0.6582,0.5,0.8077,0.6,2.1628,1.5841,2.4383,1.7503,,,,,
segment,MYTHOS,14.4,158.0,audio_segment,6,69,72,interlude,間奏,4,,33,,,,,,,,,,,9.5,0.6804,,,,,hook,,drums,0.5455,other,0.2424,other,2.8507,False,True,True,0.5455,0.1515,0.2424,0.0,0.5625,0.2632,0.8889,,2.0132,0.8857,2.8507,,,,,,
segment,MYTHOS,14.4,158.0,audio_segment,7,73,76,interlude,間奏,4,,59,,,,,,,,,,,16.5,0.7289,,,,,drum,hook,drums,0.4746,bass,0.339,other,1.7505,True,True,False,0.4746,0.339,0.0678,0.0508,0.8485,0.7692,1.0,1.0,1.7065,1.497,1.7505,1.7419,,,,,
segment,MYTHOS,14.4,158.0,audio_segment,8,77,77,interlude,間奏,1,,23,,,,,,,,,,,25.0,0.5669,,,,,drum,hook,drums,0.3913,bass,0.3478,bass,1.6484,True,True,False,0.3913,0.3478,0.0,0.0,0.8889,1.0,0.0,,1.3079,1.6484,0.0,,,,,,
segment,MYTHOS,14.4,158.0,chart_changepoint,0,2,21,,,20,,13,,,,,,,,,,,2.5,0.613,,,,,,,drums,0.8462,bass,0.0,drums,5.7896,,,,0.8462,0.0,0.0,0.0,0.1375,0.0,0.0,0.0,5.7896,0.0,0.0,0.0,,,,,
segment,MYTHOS,14.4,158.0,chart_changepoint,1,22,42,,,21,,135,,,,,,,,,,,10.048,0.8178,,,,,,,drums,0.6444,bass,0.3185,other,3.6927,,,,0.6444,0.3185,0.2741,0.0296,0.5404,0.2739,0.9024,0.5,2.4665,1.2457,3.6927,1.9839,,,,,
segment,MYTHOS,14.4,158.0,chart_changepoint,2,43,56,,,14,,216,,,,,,,,,,,15.5,0.9113,,,,,,,drums,0.5509,bass,0.4769,drums,1.9049,,,,0.5509,0.4769,0.1065,0.0231,0.9835,0.9626,0.92,0.625,1.9049,1.8299,1.5635,1.0372,,,,,
segment,MYTHOS,14.4,158.0,chart_changepoint,3,57,69,,,13,,111,,,,,,,,,,,10.385,0.7455,,,,,,,drums,0.5045,bass,0.2613,other,2.402,,,,0.5045,0.2613,0.1892,0.027,0.6437,0.4833,0.7778,0.6,2.1719,1.5677,2.402,1.7925,,,,,
segment,MYTHOS,14.4,158.0,chart_changepoint,4,70,77,,,8,,109,,,,,,,,,,,15.25,0.6909,,,,,,,drums,0.4862,bass,0.2936,vocals,1.8719,,,,0.4862,0.2936,0.1101,0.0275,0.7879,0.6383,0.9231,1.0,1.7484,1.4175,1.7708,1.8719,,,,,
song,Mare Maris,13.9,150.0,,,,,,,80,856,598,0.0,20.0,27.88,0.4261,0.3623,0.3581,0.376,10,0.75,0.75,10.7,,10.54,0.1602,2.881,-1.796,,,,,,,,,,,,0.6271,0.1054,0.3562,0.311,0.7406,0.2692,0.4797,0.6996,2.942,1.0021,1.8744,2.6502,0.1555,0.5679,tail_kill,1.4369,0.3455
segment,Mare Maris,13.9,150.0,audio_segment,0,2,16,intro,イントロ,15,,90,,,,,,,,,,,8.0,0.6031,,,,,hook,,drums,0.6333,other,0.5,drums,3.8941,False,True,False,0.6333,0.0,0.5,0.2444,0.8028,,0.625,0.8148,3.8941,,3.0353,3.745,,,,,
segment,Mare Maris,13.9,150.0,audio_segment,1,17,24,verse,Aメロ,8,,78,,,,,,,,,,,10.75,0.7576,,,,,drum,vocal,drums,0.4103,other,0.3077,drums,2.642,True,True,True,0.4103,0.0641,0.3077,0.3077,0.8889,0.7143,0.8889,0.8,2.642,1.9858,2.5882,2.3455,,,,,
segment,Mare Maris,13.9,150.0,audio_segment,2,25,32,quiet_chorus,落ちサビ,8,,49,,,,,,,,,,,8.25,0.8559,,,,,drum,vocal,drums,0.7347,vocals,0.3469,drums,3.5801,True,True,True,0.7347,0.1837,0.2857,0.3469,0.7347,0.1667,0.5185,0.68,3.5801,0.8213,2.4034,3.1374,,,,,
segment,Mare Maris,13.9,150.0,audio_segment,3,33,40,interlude,間奏,8,,47,,,,,,,,,,,8.125,0.8226,,,,,drum,hook,drums,0.7872,vocals,0.4894,vocals,3.5132,True,True,False,0.7872,0.1489,0.3617,0.4894,0.6727,0.1321,0.5152,0.7188,3.464,0.677,2.5238,3.5132,,,,,
segment,Mare Maris,13.9,150.0,audio_segment,4,41,48,interlude,間奏,8,,76,,,,,,,,,,,11.5,0.842,,,,,drum,hook,drums,0.6842,other,0.4737,drums,2.7909,True,True,True,0.6842,0.1053,0.4737,0.2368,0.8667,0.1739,0.8182,0.85,2.7909,0.5427,2.5416,2.6466,,,,,
segment,Mare Maris,13.9,150.0,audio_segment,5,49,56,interlude,間奏,8,,42,,,,,,,,,,,12.0,0.8069,,,,,drum,hook,drums,0.7143,vocals,0.4286,drums,3.0006,True,True,True,0.7143,0.2381,0.2381,0.4286,0.5172,0.5263,0.2041,0.5294,3.0006,2.7942,1.1602,2.9091,,,,,
segment,Mare Maris,13.9,150.0,audio_segment,6,57,60,interlude,間奏,4,,35,,,,,,,,,,,13.5,0.7449,,,,,hook,,drums,0.5429,vocals,0.3429,bass,2.6243,False,False,False,0.5429,0.2571,0.3143,0.3429,0.7037,0.8182,0.4783,0.75,2.4275,2.6243,1.6203,2.4614,,,,,
segment,Mare Maris,13.9,150.0,audio_segment,7,61,64,pre_chorus,Bメロ,4,,30,,,,,,,,,,,14.5,0.8155,,,,,drum,vocal,drums,0.7,other,0.3333,bass,2.717,True,True,False,0.7,0.1,0.3333,0.3333,0.5526,0.75,0.4545,0.5,2.3356,2.717,1.7886,1.9496,,,,,
segment,Mare Maris,13.9,150.0,audio_segment,8,65,72,chorus,サビ,8,,68,,,,,,,,,,,10.5,0.9396,,,,,vocal,drum,drums,0.5588,other,0.2647,drums,2.5403,False,False,False,0.5588,0.0441,0.2647,0.1618,0.6981,0.2308,0.2609,0.4583,2.5403,0.7463,0.9579,1.5203,,,,,
segment,Mare Maris,13.9,150.0,audio_segment,9,73,80,chorus,サビ,8,,81,,,,,,,,,,,16.0,0.9229,,,,,vocal,drum,drums,0.5926,other,0.3333,drums,2.6938,False,False,False,0.5926,0.0864,0.3333,0.3333,0.9057,0.2917,0.36,0.7879,2.6938,0.8122,1.1246,2.3258,,,,,
segment,Mare Maris,13.9,150.0,audio_segment,10,81,81,outro,アウトロ,1,,2,,,,,,,,,,,7.0,0.5807,,,,,drum,hook,drums,0.5,bass,0.5,vocals,6.9198,True,True,False,0.5,0.5,0.5,0.5,0.2,0.3333,0.3333,0.5,2.9245,4.6991,4.6991,6.9198,,,,,
segment,Mare Maris,13.9,150.0,chart_changepoint,0,2,16,,,15,,90,,,,,,,,,,,8.0,0.6031,,,,,,,drums,0.6333,other,0.5,drums,3.8941,,,,0.6333,0.0,0.5,0.2444,0.8028,,0.625,0.8148,3.8941,,3.0353,3.745,,,,,
segment,Mare Maris,13.9,150.0,chart_changepoint,1,17,45,,,29,,216,,,,,,,,,,,9.034,0.8085,,,,,,,drums,0.6528,other,0.3704,drums,3.1436,,,,0.6528,0.1204,0.3704,0.3287,0.7833,0.1781,0.6838,0.7609,3.1436,0.6997,2.6379,2.9306,,,,,
segment,Mare Maris,13.9,150.0,chart_changepoint,2,46,65,,,20,,152,,,,,,,,,,,13.35,0.8173,,,,,,,drums,0.5987,vocals,0.3421,drums,2.4706,,,,0.5987,0.1645,0.2763,0.3421,0.6081,0.5208,0.3818,0.6047,2.4706,1.911,1.4826,2.2972,,,,,
segment,Mare Maris,13.9,150.0,chart_changepoint,3,66,73,,,8,,68,,,,,,,,,,,10.5,0.9459,,,,,,,drums,0.5735,other,0.2794,drums,2.5237,,,,0.5735,0.0588,0.2794,0.2059,0.7091,0.2353,0.2603,0.4643,2.5237,0.768,0.9642,1.6738,,,,,
segment,Mare Maris,13.9,150.0,chart_changepoint,4,74,81,,,8,,72,,,,,,,,,,,15.375,0.8801,,,,,,,drums,0.6111,other,0.375,drums,2.874,,,,0.6111,0.0972,0.375,0.3472,0.8627,0.3043,0.375,0.8333,2.874,0.9513,1.3091,2.6468,,,,,
song,Signature,13.5,128.0,,,,,,,70,698,503,0.0,-17.5,-228.96,0.5353,0.6517,0.6737,0.7717,40,0.5,0.75,9.971,,9.15,-0.1352,3.356,-2.68,,,,,,,,,,,,0.7833,0.0517,0.1292,0.0795,0.8099,0.1955,0.3333,0.3252,3.8959,0.8641,1.4945,1.4342,0.1093,0.6662,tail_kill,1.241,0.6667
segment,Signature,13.5,128.0,audio_segment,0,2,8,intro,イントロ,7,,19,,,,,,,,,,,4.0,0.3116,,,,,drum,hook,drums,0.6842,other,0.2632,drums,11.8587,True,True,True,0.6842,0.0,0.2632,0.0,1.0,,0.3571,0.0,11.8587,,4.2448,0.0,,,,,
segment,Signature,13.5,128.0,audio_segment,1,9,12,quiet_chorus,落ちサビ,4,,23,,,,,,,,,,,9.0,0.6601,,,,,drum,hook,drums,0.9565,vocals,0.087,drums,4.9238,True,True,True,0.9565,0.0,0.0,0.087,0.8148,,0.0,0.4,4.9238,,0.0,2.2177,,,,,
segment,Signature,13.5,128.0,audio_segment,2,13,28,chorus,サビ,16,,122,,,,,,,,,,,11.625,0.8501,,,,,vocal,drum,drums,0.7787,vocals,0.1639,drums,3.7322,False,True,False,0.7787,0.0656,0.1557,0.1639,0.812,0.1818,0.3393,0.4,3.7322,0.7784,1.4698,1.7227,,,,,
segment,Signature,13.5,128.0,audio_segment,3,29,36,final_chorus,ラスサビ,8,,67,,,,,,,,,,,11.0,0.8815,,,,,vocal,drum,drums,0.7164,other,0.1493,drums,2.9704,False,False,False,0.7164,0.0448,0.1493,0.0448,0.6957,0.2308,0.2941,0.1304,2.9704,0.8837,1.1738,0.5094,,,,,
segment,Signature,13.5,128.0,audio_segment,4,37,46,verse,Aメロ,10,,77,,,,,,,,,,,10.0,0.7708,,,,,hook,,drums,0.961,other,0.1169,drums,4.0773,False,True,False,0.961,0.013,0.1169,0.039,0.881,0.125,0.1915,0.2,4.0773,0.5138,0.8371,0.8313,,,,,
segment,Signature,13.5,128.0,audio_segment,5,47,54,verse,Aメロ,8,,31,,,,,,,,,,,6.0,0.5585,,,,,drum,hook,drums,0.6129,vocals,0.129,drums,5.2556,True,True,True,0.6129,0.0,0.0323,0.129,0.5806,0.0,0.25,0.4,5.2556,0.0,2.0323,3.2908,,,,,
segment,Signature,13.5,128.0,audio_segment,6,55,62,interlude,間奏,8,,71,,,,,,,,,,,12.5,0.7433,,,,,hook,,drums,0.8169,bass,0.0986,drums,3.4748,False,False,False,0.8169,0.0986,0.0986,0.0282,0.8507,0.2188,0.3889,0.6667,3.4748,0.8206,1.4192,2.3615,,,,,
segment,Signature,13.5,128.0,audio_segment,7,63,71,quiet_chorus,落ちサビ,9,,93,,,,,,,,,,,12.444,0.8265,,,,,drum,hook,drums,0.6989,other,0.1505,drums,2.9517,True,True,True,0.6989,0.0753,0.1505,0.0645,0.8553,0.2,0.7368,0.375,2.9517,0.6433,2.3045,1.1666,,,,,
segment,Signature,13.5,128.0,chart_changepoint,0,2,8,,,7,,19,,,,,,,,,,,4.0,0.3116,,,,,,,drums,0.6842,other,0.2632,drums,11.8587,,,,0.6842,0.0,0.2632,0.0,1.0,,0.3571,0.0,11.8587,,4.2448,0.0,,,,,
segment,Signature,13.5,128.0,chart_changepoint,1,9,20,,,12,,79,,,,,,,,,,,10.083,0.7261,,,,,,,drums,0.7468,other,0.1392,drums,4.0234,,,,0.7468,0.0633,0.1392,0.0886,0.7662,0.3333,0.3438,0.35,4.0234,1.6141,1.7023,1.7061,,,,,
segment,Signature,13.5,128.0,chart_changepoint,2,21,45,,,25,,205,,,,,,,,,,,11.28,0.867,,,,,,,drums,0.8537,other,0.1317,drums,3.6217,,,,0.8537,0.0341,0.1317,0.1024,0.8333,0.1429,0.2596,0.3,3.6217,0.5617,1.0567,1.1953,,,,,
segment,Signature,13.5,128.0,chart_changepoint,3,46,52,,,7,,16,,,,,,,,,,,3.286,0.5033,,,,,,,drums,0.625,other,0.0625,drums,6.2623,,,,0.625,0.0,0.0625,0.0,0.4348,0.0,0.1429,0.0,6.2623,0.0,1.9845,0.0,,,,,
segment,Signature,13.5,128.0,chart_changepoint,4,53,71,,,19,,184,,,,,,,,,,,12.842,0.7866,,,,,,,drums,0.7446,other,0.1141,drums,3.135,,,,0.7446,0.0761,0.1141,0.0652,0.8385,0.2059,0.5676,0.4615,3.135,0.7031,1.8891,1.5222,,,,,
song,Xevel,14.3,176.0,,,,,,,98,1169,897,0.0,2.5,7.23,0.4077,0.3621,0.4195,0.5381,0,0.25,0.75,11.929,,10.1,-0.6226,4.692,-3.294,,,,,,,,,,,,0.6421,0.214,0.4158,0.1093,0.8843,0.752,0.5463,0.5963,2.4782,1.9398,1.5463,1.483,0.1884,0.6948,tail_kill,1.3204,0.7692
segment,Xevel,14.3,176.0,audio_segment,0,4,8,intro,イントロ,5,,3,,,,,,,,,,,2.4,0.4766,,,,,drum,vocal,drums,0.0,bass,0.0,drums,0.0,True,True,True,0.0,0.0,0.0,0.0,0.0,,0.0,0.0,0.0,,0.0,0.0,,,,,
segment,Xevel,14.3,176.0,audio_segment,1,9,12,pre_chorus,Bメロ,4,,17,,,,,,,,,,,6.0,0.6886,,,,,drum,,drums,0.6471,bass,0.0588,drums,3.8757,True,True,True,0.6471,0.0588,0.0588,0.0,0.6875,0.3333,0.0476,0.0,3.8757,1.7471,0.2759,0.0,,,,,
segment,Xevel,14.3,176.0,audio_segment,2,13,24,chorus,サビ,12,,101,,,,,,,,,,,11.417,0.9027,,,,,vocal,drum,drums,0.7822,bass,0.2475,drums,2.6937,False,False,False,0.7822,0.2475,0.1881,0.1584,0.8876,0.6944,0.2088,0.5517,2.6937,1.9106,0.6359,1.498,,,,,
segment,Xevel,14.3,176.0,audio_segment,3,25,32,interlude,間奏,8,,75,,,,,,,,,,,9.875,0.7007,,,,,drum,hook,drums,0.44,other,0.3333,drums,2.5333,True,True,True,0.44,0.1333,0.3333,0.3067,0.9394,1.0,0.4902,1.0,2.5333,2.3736,1.3054,2.463,,,,,
segment,Xevel,14.3,176.0,audio_segment,4,33,48,final_chorus,ラスサビ,16,,132,,,,,,,,,,,12.562,0.9071,,,,,drum,,drums,0.7955,other,0.3712,drums,2.5888,True,True,True,0.7955,0.303,0.3712,0.1364,0.8268,0.6557,0.5052,0.6923,2.5888,1.8745,1.5182,1.8834,,,,,
segment,Xevel,14.3,176.0,audio_segment,5,49,52,quiet_chorus,落ちサビ,4,,34,,,,,,,,,,,10.25,0.851,,,,,bass,,drums,0.7941,other,0.3235,drums,2.7093,False,False,False,0.7941,0.1765,0.3235,0.0294,0.7667,0.4615,0.4286,0.3333,2.7093,1.2645,1.5007,0.8627,,,,,
segment,Xevel,14.3,176.0,audio_segment,6,53,60,interlude,間奏,8,,65,,,,,,,,,,,9.75,0.7253,,,,,hook,,other,0.6,drums,0.5692,drums,2.5862,True,True,False,0.5692,0.1538,0.6,0.0615,0.8605,0.625,0.6393,0.4,2.5862,1.7413,2.019,1.0955,,,,,
segment,Xevel,14.3,176.0,audio_segment,7,61,68,verse,Aメロ,8,,81,,,,,,,,,,,12.125,0.7511,,,,,hook,,other,0.679,drums,0.4444,bass,2.1603,True,True,False,0.4444,0.0494,0.679,0.0617,0.878,1.0,0.7746,0.5556,2.106,2.1603,2.0169,1.2175,,,,,
segment,Xevel,14.3,176.0,audio_segment,8,69,84,quiet_chorus,落ちサビ,16,,189,,,,,,,,,,,15.875,0.8666,,,,,hook,,drums,0.6614,other,0.4392,drums,2.1525,False,True,False,0.6614,0.1958,0.4392,0.0582,0.9528,0.8571,0.7339,0.3571,2.1525,1.7124,1.6249,0.7486,,,,,
segment,Xevel,14.3,176.0,audio_segment,9,85,88,verse,Aメロ,4,,48,,,,,,,,,,,14.25,0.8304,,,,,drum,,drums,0.5625,other,0.4375,drums,1.8188,True,True,True,0.5625,0.1458,0.4375,0.0,0.7188,0.4615,0.6786,0.0,1.8188,1.0449,1.5819,0.0,,,,,
segment,Xevel,14.3,176.0,audio_segment,10,89,100,verse,Aメロ,12,,150,,,,,,,,,,,15.083,0.8272,,,,,drum,,drums,0.58,other,0.4333,bass,2.0928,True,True,False,0.58,0.34,0.4333,0.1333,0.9326,1.0,0.6484,0.8261,1.9974,2.0928,1.4648,1.5718,,,,,
segment,Xevel,14.3,176.0,audio_segment,11,101,101,interlude,間奏,1,,2,,,,,,,,,,,8.0,0.6182,,,,,drum,hook,drums,1.0,bass,0.5,drums,11.3185,True,True,True,1.0,0.5,0.5,0.0,1.0,1.0,0.25,,11.3185,11.0627,2.9604,,,,,,
segment,Xevel,14.3,176.0,chart_changepoint,0,4,13,,,10,,25,,,,,,,,,,,4.3,0.6037,,,,,,,drums,0.64,other,0.08,drums,6.0309,,,,0.64,0.04,0.08,0.04,0.64,0.2,0.0526,0.1111,6.0309,1.8029,0.5103,1.0106,,,,,
segment,Xevel,14.3,176.0,chart_changepoint,1,14,30,,,17,,143,,,,,,,,,,,10.412,0.8218,,,,,,,drums,0.6923,other,0.2448,drums,2.7861,,,,0.6923,0.2028,0.2448,0.2028,0.9238,0.7632,0.2893,0.6905,2.7861,2.0648,0.8726,1.8781,,,,,
segment,Xevel,14.3,176.0,chart_changepoint,2,31,50,,,20,,188,,,,,,,,,,,13.35,0.8911,,,,,,,drums,0.7234,other,0.367,drums,2.3887,,,,0.7234,0.2766,0.367,0.1383,0.8462,0.7027,0.5447,0.7027,2.3887,1.7586,1.4825,1.6865,,,,,
segment,Xevel,14.3,176.0,chart_changepoint,3,51,64,,,14,,101,,,,,,,,,,,8.643,0.7514,,,,,,,drums,0.6634,other,0.6337,drums,2.8879,,,,0.6634,0.1287,0.6337,0.0693,0.8481,0.52,0.6095,0.4667,2.8879,1.6237,2.1619,1.4336,,,,,
segment,Xevel,14.3,176.0,chart_changepoint,4,65,101,,,37,,440,,,,,,,,,,,15.162,0.8294,,,,,,,drums,0.5773,other,0.4568,drums,2.0473,,,,0.5773,0.2205,0.4568,0.0773,0.9132,0.8738,0.709,0.5517,2.0473,1.8249,1.6048,1.1049,,,,,
song,初音ミクの激唱,14.5,200.0,,,,,,,119,834,721,0.0,-5.0,4.07,0.599,0.602,0.5922,0.4413,20,0.5,0.5,7.008,,10.1,-0.2617,4.528,1.266,,,,,,,,,,,,0.4397,0.147,0.0929,0.1942,0.5284,0.4817,0.7444,0.7107,1.9642,1.6662,2.4835,2.4246,0.4022,0.556,other,0.8204,0.578
segment,初音ミクの激唱,14.5,200.0,audio_segment,0,2,12,intro,イントロ,11,,18,,,,,,,,,,,2.091,0.5108,,,,,drum,hook,drums,0.3889,other,0.3889,other,10.8901,True,True,False,0.3889,0.1111,0.3889,0.0,0.1556,0.125,0.875,,2.1023,1.584,10.8901,,,,,,
segment,初音ミクの激唱,14.5,200.0,audio_segment,1,13,16,interlude,間奏,4,,18,,,,,,,,,,,6.25,0.4329,,,,,drum,hook,bass,0.4444,other,0.2222,bass,4.6704,False,False,False,0.1667,0.4444,0.2222,0.0,0.5,1.0,1.0,,2.3066,4.6704,4.5565,,,,,,
segment,初音ミクの激唱,14.5,200.0,audio_segment,2,17,22,verse,Aメロ,6,,17,,,,,,,,,,,4.5,0.6877,,,,,hook,vocal,drums,0.5882,other,0.5294,other,5.5632,False,True,True,0.5882,0.3529,0.5294,0.4118,0.3226,0.3,0.75,0.5833,2.5838,2.299,5.5632,4.327,,,,,
segment,初音ミクの激唱,14.5,200.0,audio_segment,3,23,30,pre_chorus,Bメロ,8,,29,,,,,,,,,,,5.25,0.8281,,,,,bass,vocal,drums,0.5517,bass,0.4138,other,3.984,False,True,False,0.5517,0.4138,0.2414,0.3793,0.3478,0.3158,0.7,0.5789,2.2081,1.9574,3.984,3.3876,,,,,
segment,初音ミクの激唱,14.5,200.0,audio_segment,4,31,40,quiet_chorus,落ちサビ,10,,37,,,,,,,,,,,3.9,0.8124,,,,,drum,bass,other,0.5946,drums,0.5676,vocals,5.0698,False,True,False,0.5676,0.1892,0.5946,0.4595,0.3559,0.28,0.6471,0.8947,2.2217,1.6101,3.8033,5.0698,,,,,
segment,初音ミクの激唱,14.5,200.0,audio_segment,5,41,44,verse,Aメロ,4,,17,,,,,,,,,,,4.25,0.7251,,,,,bass,vocal,drums,0.5882,vocals,0.4118,other,4.765,False,False,False,0.5882,0.3529,0.1176,0.4118,0.5556,0.75,1.0,0.5833,2.9195,3.7088,4.765,2.9561,,,,,
segment,初音ミクの激唱,14.5,200.0,audio_segment,6,45,48,verse,Aメロ,4,,7,,,,,,,,,,,2.25,0.6788,,,,,drum,hook,drums,0.5714,vocals,0.5714,other,11.5001,True,True,False,0.5714,0.0,0.1429,0.5714,0.2222,0.0,1.0,0.8,2.8361,0.0,11.5001,9.4315,,,,,
segment,初音ミクの激唱,14.5,200.0,audio_segment,7,49,56,pre_chorus,Bメロ,8,,20,,,,,,,,,,,3.5,0.698,,,,,drum,bass,drums,0.7,vocals,0.4,vocals,6.6021,True,True,False,0.7,0.1,0.1,0.4,0.3111,0.6667,0.6667,0.8,2.8553,5.3835,5.3835,6.6021,,,,,
segment,初音ミクの激唱,14.5,200.0,audio_segment,8,57,74,chorus,サビ,18,,130,,,,,,,,,,,8.722,0.8428,,,,,drum,,drums,0.4615,vocals,0.1308,other,2.8079,True,True,False,0.4615,0.1231,0.0769,0.1308,0.6667,0.6154,1.0,0.6296,2.0865,1.7664,2.8079,1.8098,,,,,
segment,初音ミクの激唱,14.5,200.0,audio_segment,9,75,80,quiet_chorus,落ちサビ,6,,30,,,,,,,,,,,5.0,0.8103,,,,,drum,vocal,drums,0.3667,vocals,0.3333,other,4.0167,True,True,False,0.3667,0.0667,0.0333,0.3333,0.5789,0.3333,1.0,0.8333,2.504,1.3669,4.0167,3.5028,,,,,
segment,初音ミクの激唱,14.5,200.0,audio_segment,10,81,104,chorus,サビ,24,,269,,,,,,,,,,,11.917,0.9358,,,,,vocal,drum,drums,0.461,vocals,0.1561,drums,1.5609,False,True,False,0.461,0.119,0.0,0.1561,0.7381,0.7619,,0.8077,1.5609,1.4199,,1.5207,,,,,
segment,初音ミクの激唱,14.5,200.0,audio_segment,11,105,108,chorus,サビ,4,,34,,,,,,,,,,,10.0,0.9243,,,,,drum,,drums,0.3824,vocals,0.1471,vocals,1.3821,True,True,False,0.3824,0.0882,0.0,0.1471,0.5,0.3,,0.5556,1.378,0.7509,,1.3821,,,,,
segment,初音ミクの激唱,14.5,200.0,audio_segment,12,109,112,quiet_chorus,落ちサビ,4,,59,,,,,,,,,,,16.25,0.8302,,,,,drum,,drums,0.2542,vocals,0.1017,vocals,1.4074,True,True,False,0.2542,0.0847,0.0,0.1017,0.75,1.0,,1.0,1.1494,1.3987,,1.4074,,,,,
segment,初音ミクの激唱,14.5,200.0,audio_segment,13,113,120,verse,Aメロ,8,,36,,,,,,,,,,,5.75,0.4229,,,,,drum,hook,bass,0.1389,drums,0.1111,bass,4.5143,False,True,False,0.1111,0.1389,0.0556,0.0833,0.4286,0.8,0.4,0.2143,2.5956,4.5143,1.8057,0.9947,,,,,
segment,初音ミクの激唱,14.5,200.0,chart_changepoint,0,2,63,,,62,,187,,,,,,,,,,,3.919,0.6939,,,,,,,drums,0.5775,vocals,0.3262,other,4.9847,,,,0.5775,0.2299,0.2888,0.3262,0.3588,0.344,0.7297,0.7262,2.6797,2.398,4.9847,4.9803,,,,,
segment,初音ミクの激唱,14.5,200.0,chart_changepoint,1,64,79,,,16,,123,,,,,,,,,,,8.812,0.8524,,,,,,,drums,0.3984,vocals,0.1626,other,2.6425,,,,0.3984,0.1463,0.0813,0.1626,0.6622,0.5806,1.0,0.6897,1.9296,1.585,2.6425,1.8768,,,,,
segment,初音ミクの激唱,14.5,200.0,chart_changepoint,2,80,95,,,16,,252,,,,,,,,,,,15.812,0.9452,,,,,,,drums,0.4127,vocals,0.127,drums,1.4754,,,,0.4127,0.1151,0.004,0.127,0.9905,1.0,1.0,0.8205,1.4754,1.3282,1.2718,1.1067,,,,,
segment,初音ミクの激唱,14.5,200.0,chart_changepoint,3,96,107,,,12,,54,,,,,,,,,,,6.333,0.9067,,,,,,,drums,0.5741,vocals,0.3148,vocals,3.4449,,,,0.5741,0.0556,0.0,0.3148,0.3605,0.1667,,0.7391,1.9062,0.7689,,3.4449,,,,,
segment,初音ミクの激唱,14.5,200.0,chart_changepoint,4,108,120,,,13,,105,,,,,,,,,,,9.308,0.589,,,,,,,drums,0.2095,bass,0.1238,bass,2.2085,,,,0.2095,0.1238,0.019,0.0952,0.6562,0.8,0.4,0.4545,1.8093,2.2085,1.0,1.1738,,,,,
song,幻想のサテライト,14.1,230.0,,,,,,,124,850,541,0.0,7.5,7.19,0.4819,0.5365,0.5939,0.5532,78,0.75,1.0,6.855,,10.54,0.0942,2.334,1.635,,,,,,,,,,,,0.4991,0.0961,0.4067,0.3309,0.5637,0.7027,0.7458,0.5375,2.4876,2.8268,3.1568,2.2952,0.1811,0.5089,fade_out,0.62,0.6044
segment,幻想のサテライト,14.1,230.0,audio_segment,0,3,10,intro,イントロ,8,,11,,,,,,,,,,,3.0,0.6554,,,,,drum,vocal,drums,0.6364,bass,0.4545,bass,10.7691,True,True,False,0.6364,0.4545,0.3636,0.2727,0.7,0.8333,0.5,0.0811,9.1757,10.7691,6.5077,1.1679,,,,,
segment,幻想のサテライト,14.1,230.0,audio_segment,1,11,24,verse,Aメロ,14,,70,,,,,,,,,,,7.143,0.6868,,,,,drum,vocal,vocals,0.4,drums,0.3429,other,2.962,False,True,False,0.3429,0.0,0.3,0.4,0.5854,0.0,0.8077,0.7179,2.2123,0.0,2.962,2.7025,,,,,
segment,幻想のサテライト,14.1,230.0,audio_segment,2,25,40,verse,Aメロ,16,,75,,,,,,,,,,,7.688,0.8682,,,,,drum,vocal,drums,0.7733,other,0.3867,drums,3.095,True,True,True,0.7733,0.0667,0.3867,0.3467,0.725,0.4545,0.4915,0.6341,3.095,1.72,2.0238,2.5304,,,,,
segment,幻想のサテライト,14.1,230.0,audio_segment,3,41,48,verse,Aメロ,8,,29,,,,,,,,,,,6.625,0.8643,,,,,drum,,drums,0.7931,other,0.3793,bass,3.5138,True,True,False,0.7931,0.1724,0.3793,0.2069,0.5,0.7143,0.55,0.5,2.8172,3.5138,2.8329,2.5037,,,,,
segment,幻想のサテライト,14.1,230.0,audio_segment,4,49,62,chorus,サビ,14,,74,,,,,,,,,,,9.143,0.8845,,,,,vocal,drum,vocals,0.4595,drums,0.4054,other,2.9852,True,True,False,0.4054,0.0,0.3784,0.4595,0.4918,,0.8485,0.6415,1.8293,,2.9852,2.3488,,,,,
segment,幻想のサテライト,14.1,230.0,audio_segment,5,63,64,interlude,間奏,2,,5,,,,,,,,,,,6.0,0.8099,,,,,hook,,other,0.4,vocals,0.4,other,2.9874,True,True,True,0.2,0.0,0.4,0.4,0.1,,0.4,0.4,0.8004,,2.9874,2.9874,,,,,
segment,幻想のサテライト,14.1,230.0,audio_segment,6,65,72,pre_chorus,Bメロ,8,,56,,,,,,,,,,,8.625,0.6369,,,,,drum,,other,0.5,drums,0.3929,other,2.5778,False,True,False,0.3929,0.0,0.5,0.0536,0.6667,,0.9333,0.75,1.8605,,2.5778,1.8903,,,,,
segment,幻想のサテライト,14.1,230.0,audio_segment,7,73,76,quiet_chorus,落ちサビ,4,,9,,,,,,,,,,,7.0,0.8022,,,,,drum,vocal,drums,0.5556,vocals,0.5556,vocals,3.5064,True,True,False,0.5556,0.0,0.3333,0.5556,0.2632,,0.4286,0.4167,2.3245,,3.4821,3.5064,,,,,
segment,幻想のサテライト,14.1,230.0,audio_segment,8,77,80,quiet_chorus,落ちサビ,4,,10,,,,,,,,,,,3.25,0.7823,,,,,drum,bass,drums,0.9,vocals,0.7,vocals,7.3124,True,True,False,0.9,0.0,0.6,0.7,0.5,,0.75,1.0,3.9476,,5.5231,7.3124,,,,,
segment,幻想のサテライト,14.1,230.0,audio_segment,9,81,88,pre_chorus,Bメロ,8,,29,,,,,,,,,,,4.125,0.7233,,,,,drum,bass,drums,0.4138,bass,0.3448,bass,4.5361,True,True,False,0.4138,0.3448,0.3448,0.2759,0.5455,0.9091,0.9091,0.2286,2.8292,4.5361,4.5361,1.2403,,,,,
segment,幻想のサテライト,14.1,230.0,audio_segment,10,89,96,chorus,サビ,8,,44,,,,,,,,,,,7.875,0.9226,,,,,drum,,drums,0.7727,other,0.3409,drums,2.8501,True,True,True,0.7727,0.2273,0.3409,0.25,0.7727,0.5263,0.75,0.3667,2.8501,1.7805,2.5461,1.2889,,,,,
segment,幻想のサテライト,14.1,230.0,audio_segment,11,97,112,chorus,サビ,16,,79,,,,,,,,,,,9.125,0.8854,,,,,vocal,drum,vocals,0.5443,drums,0.3924,bass,3.1265,True,True,False,0.3924,0.0886,0.3544,0.5443,0.3924,0.875,0.8235,0.7544,1.5876,3.1265,3.0815,2.9386,,,,,
segment,幻想のサテライト,14.1,230.0,audio_segment,12,113,116,interlude,間奏,4,,16,,,,,,,,,,,4.0,0.1796,,,,,hook,,other,0.6875,drums,0.0625,other,4.7006,True,True,True,0.0625,0.0,0.6875,0.0,1.0,,1.0,,4.3792,,4.7006,,,,,,
segment,幻想のサテライト,14.1,230.0,audio_segment,13,117,126,interlude,間奏,10,,35,,,,,,,,,,,4.2,0.2683,,,,,hook,,other,0.5429,bass,0.2857,bass,4.6616,True,True,False,0.2571,0.2857,0.5429,0.0,0.6429,0.9091,0.8636,,3.3246,4.6616,4.5685,,,,,,
segment,幻想のサテライト,14.1,230.0,chart_changepoint,0,3,23,,,21,,71,,,,,,,,,,,5.429,0.6755,,,,,,,vocals,0.3944,drums,0.3662,other,3.8615,,,,0.3662,0.0704,0.3239,0.3944,0.5532,0.7143,0.7188,0.3836,3.0326,3.7095,3.8615,2.1768,,,,,
segment,幻想のサテライト,14.1,230.0,chart_changepoint,1,24,74,,,51,,253,,,,,,,,,,,8.059,0.8258,,,,,,,drums,0.5613,other,0.4032,other,2.5599,,,,0.5613,0.0395,0.4032,0.3202,0.5892,0.5556,0.6711,0.6532,2.359,1.9675,2.5599,2.4539,,,,,
segment,幻想のサテライト,14.1,230.0,chart_changepoint,2,75,87,,,13,,39,,,,,,,,,,,3.846,0.7521,,,,,,,drums,0.5897,other,0.4615,bass,5.3336,,,,0.5897,0.2308,0.4615,0.4103,0.4694,0.9,0.8182,0.3478,3.0266,5.3336,4.9776,2.2285,,,,,
segment,幻想のサテライト,14.1,230.0,chart_changepoint,3,88,111,,,24,,126,,,,,,,,,,,8.958,0.9031,,,,,,,drums,0.5317,vocals,0.4206,other,2.9812,,,,0.5317,0.1429,0.3492,0.4206,0.5492,0.6429,0.8462,0.6092,2.098,2.2018,2.9812,2.2357,,,,,
segment,幻想のサテライト,14.1,230.0,chart_changepoint,4,112,126,,,15,,52,,,,,,,,,,,4.0,0.272,,,,,,,other,0.5962,drums,0.1923,bass,4.6575,,,,0.1923,0.1923,0.5962,0.0,0.5263,0.9091,0.8611,0.0,2.7377,4.6575,4.6249,0.0,,,,,
song,麒麟,14.1,220.0,,,,,,,116,837,562,0.0,7.5,-129.83,0.6341,0.5833,0.57,0.5924,46,0.0,0.25,7.216,,10.54,-0.2004,2.791,1.023,,,,,,,,,,,,0.6352,0.2776,0.2367,0.1228,0.5759,0.6964,0.5931,0.6699,2.4999,2.7323,2.5459,2.5543,0.1922,0.577,other,0.7969,0.6
segment,麒麟,14.1,220.0,audio_segment,0,3,18,intro,イントロ,16,,36,,,,,,,,,,,3.562,0.5283,,,,,drum,,drums,0.75,vocals,0.3611,other,8.0947,True,True,False,0.75,0.3333,0.0278,0.3611,0.4426,0.5,1.0,0.65,3.9648,4.2094,8.0947,5.4351,,,,,
segment,麒麟,14.1,220.0,audio_segment,1,19,32,bridge,Cメロ,14,,74,,,,,,,,,,,7.429,0.7647,,,,,bass,drum,drums,0.9189,bass,0.3243,drums,2.9501,False,True,False,0.9189,0.3243,0.0,0.0676,0.7158,0.7273,0.0,0.5556,2.9501,2.6673,0.0,1.945,,,,,
segment,麒麟,14.1,220.0,audio_segment,2,33,42,quiet_chorus,落ちサビ,10,,51,,,,,,,,,,,8.2,0.73,,,,,drum,,other,0.4902,drums,0.4314,other,3.2227,False,True,False,0.4314,0.098,0.4902,0.098,0.5366,0.625,0.8333,0.8333,2.1367,2.2775,3.2227,3.0202,,,,,
segment,麒麟,14.1,220.0,audio_segment,3,43,68,chorus,サビ,26,,123,,,,,,,,,,,7.731,0.8437,,,,,drum,,drums,0.7886,bass,0.4065,bass,2.9535,True,True,False,0.7886,0.4065,0.1951,0.0894,0.6025,0.7143,0.4898,0.6875,2.7322,2.9535,1.9817,2.6872,,,,,
segment,麒麟,14.1,220.0,audio_segment,4,69,78,interlude,間奏,10,,24,,,,,,,,,,,3.2,0.5498,,,,,hook,,other,1.0,drums,0.4167,other,5.1799,True,True,True,0.4167,0.0417,1.0,0.0,0.1373,0.1429,0.4103,,1.7035,1.1032,5.1799,,,,,,
segment,麒麟,14.1,220.0,audio_segment,5,79,86,pre_chorus,Bメロ,8,,37,,,,,,,,,,,6.5,0.6458,,,,,hook,,other,0.7568,drums,0.4595,other,3.0174,True,True,True,0.4595,0.1081,0.7568,0.1081,0.3556,0.3077,0.5714,0.4444,1.7267,1.2645,3.0174,1.8018,,,,,
segment,麒麟,14.1,220.0,audio_segment,6,87,100,chorus,サビ,14,,123,,,,,,,,,,,12.0,0.8376,,,,,drum,,drums,0.4715,bass,0.2683,bass,1.845,True,True,False,0.4715,0.2683,0.187,0.1138,0.7436,0.825,0.7188,0.7778,1.7866,1.845,1.5829,1.6672,,,,,
segment,麒麟,14.1,220.0,audio_segment,7,101,108,quiet_chorus,落ちサビ,8,,52,,,,,,,,,,,9.25,0.8228,,,,,drum,,drums,0.6731,bass,0.2308,other,2.3794,True,True,False,0.6731,0.2308,0.0962,0.1538,0.7,0.7059,0.8333,0.6154,2.3138,2.0921,2.3794,1.7994,,,,,
segment,麒麟,14.1,220.0,audio_segment,8,109,116,interlude,間奏,8,,19,,,,,,,,,,,4.125,0.4545,,,,,drum,vocal,drums,0.4737,bass,0.2105,bass,5.2097,True,True,False,0.4737,0.2105,0.0,0.2105,0.5,0.6667,,0.6667,4.0695,5.2097,,5.2097,,,,,
segment,麒麟,14.1,220.0,audio_segment,9,117,118,verse,Aメロ,2,,23,,,,,,,,,,,17.0,0.6168,,,,,drum,hook,drums,0.5652,bass,0.2174,drums,1.8804,True,True,True,0.5652,0.2174,0.0435,0.1304,1.0,0.8333,0.5,0.5,1.8804,1.4292,0.8125,0.8575,,,,,
segment,麒麟,14.1,220.0,chart_changepoint,0,3,14,,,12,,16,,,,,,,,,,,2.333,0.4407,,,,,,,drums,0.625,bass,0.0625,other,13.6676,,,,0.625,0.0625,0.0625,0.0625,0.303,0.1667,1.0,0.25,4.4526,2.3041,13.6676,3.4404,,,,,
segment,麒麟,14.1,220.0,chart_changepoint,1,15,66,,,52,,268,,,,,,,,,,,7.923,0.8069,,,,,,,drums,0.7612,bass,0.347,bass,2.7208,,,,0.7612,0.347,0.1866,0.1231,0.6277,0.7209,0.6098,0.7021,2.6167,2.7208,2.2457,2.5391,,,,,
segment,麒麟,14.1,220.0,chart_changepoint,2,67,82,,,16,,36,,,,,,,,,,,3.25,0.5555,,,,,,,other,1.0,drums,0.3889,other,5.2865,,,,0.3889,0.0278,1.0,0.0,0.1429,0.0909,0.3934,,1.8184,0.7486,5.2865,,,,,,
segment,麒麟,14.1,220.0,chart_changepoint,3,83,97,,,15,,132,,,,,,,,,,,11.933,0.8188,,,,,,,drums,0.4773,other,0.2803,bass,1.8326,,,,0.4773,0.25,0.2803,0.1136,0.7241,0.825,0.8043,0.6818,1.7475,1.8326,1.806,1.4663,,,,,
segment,麒麟,14.1,220.0,chart_changepoint,4,98,118,,,21,,110,,,,,,,,,,,7.905,0.6581,,,,,,,drums,0.6,bass,0.2545,bass,2.687,,,,0.6,0.2545,0.0818,0.1727,0.6735,0.7368,0.6429,0.6333,2.6505,2.687,2.2726,2.2858,,,,,
