scope,config,intrinsic_score,term_D,term_H,n_bars,share_of_bars,hardness_noconfig,hardness_noconfig_lo,hardness_noconfig_hi,hardness_noconfig_n,hardness,hardness_lo,hardness_hi,hardness_n,n_notes,n_notes_lo,n_notes_hi,n_notes_n,n_slots,n_slots_lo,n_slots_hi,n_slots_n,nps,nps_lo,nps_hi,nps_n,equiv_speed,equiv_speed_lo,equiv_speed_hi,equiv_speed_n,move_mean,move_mean_lo,move_mean_hi,move_mean_n,each_ratio,each_ratio_lo,each_ratio_hi,each_ratio_n,slide_ratio,slide_ratio_lo,slide_ratio_hi,slide_ratio_n,hold_ratio,hold_ratio_lo,hold_ratio_hi,hold_ratio_n,break_ratio,break_ratio_lo,break_ratio_hi,break_ratio_n,muri_rate,muri_rate_lo,muri_rate_hi,muri_rate_n,finest_divisor,finest_divisor_lo,finest_divisor_hi,finest_divisor_n,level,level_lo,level_hi,level_n,bpm,bpm_lo,bpm_hi,bpm_n,div4,div8,div12,div16,div24,div32,lv_13.0-13.4,lv_13.5-13.9,lv_14.0-14.4,lv_14.5+,bpm_<150,bpm_150-180,bpm_>180,place_n_bars,place_I_mean,place_I_median,place_I_q1,place_I_q3,place_lift_I_低,place_lift_I_中,place_lift_I_高,place_pos_mean,place_coverage,place_mode_全采,place_mode_加花,place_mode_半采,place_mode_混合,place_mode_稀采/空音,place_mode_近全采,place_mode_随机半采,place_mode_静默,cooccur_top3,matrix_row,matrix_col,coverage,top_configs,top_common,top_modes
config,错位,0.4667,0.21782,0.71558,6604,0.2011,0.71558,0.71135,0.71982,6604,0.81354,0.81055,0.81652,6604,10.39976,10.31848,10.48104,6604,7.11372,7.04759,7.17985,6604,4.83569,4.79168,4.8797,6604,10.80327,9.9738,11.63274,6604,1.52083,1.50497,1.53669,6604,0.5837,0.5783,0.58911,6604,0.21691,0.21417,0.21966,6604,0.03179,0.02956,0.03402,6604,0.03178,0.02948,0.03407,6604,0.55497,0.54298,0.56695,6604,16.65581,15.27629,18.03534,6604,13.72709,13.71767,13.73651,6604,166.08357,165.29994,166.8672,6604,0.02415,0.54057,0.04537,0.34946,0.0189,0.00957,0.34646,0.3778,0.2341,0.04164,0.25833,0.35736,0.38431,2517,0.78755,0.82798,0.72067,0.90071,0.69482,1.07382,1.23141,0.56897,0.7368,0.39928,0.04529,0.15336,0.04529,0.03337,0.2209,0.10012,0.00238,子弹:0.38; 连续双押:0.37; 跳拍:0.32,,,,,,
config,逆楼梯/方向盘,0.45755,0.37099,0.54412,161,0.0049,0.54412,0.51609,0.57214,161,0.70541,0.68483,0.72599,161,13.13043,12.37465,13.88622,161,11.74534,10.98618,12.5045,161,8.23607,7.67497,8.79716,161,15.14537,8.0906,22.20014,161,3.04358,2.94571,3.14144,161,0.22356,0.17979,0.26733,161,0.0683,0.04855,0.08804,161,0.08633,0.04875,0.12392,161,0.03746,0.02319,0.05172,161,0.10559,0.05797,0.15321,161,22.29814,11.50161,33.09467,161,13.87702,13.8101,13.94393,161,169.97888,165.44883,174.50893,161,0.1217,0.19412,0.01242,0.62231,0.00464,0.03896,0.2236,0.31056,0.35404,0.1118,0.19876,0.32919,0.47205,64,0.78901,0.84045,0.65785,0.90225,0.84369,0.74994,1.40646,0.58426,0.8269,0.53125,0.09375,0.07812,0.125,0.01562,0.125,0.03125,,普通交互:0.88; 大宇宙:0.44; 连续双押:0.39,,,,,,
config,大宇宙,0.43626,0.39768,0.47485,579,0.01763,0.47485,0.45794,0.49176,579,0.69289,0.68136,0.70441,579,13.49741,13.12496,13.86986,579,12.2418,11.8285,12.65509,579,8.82841,8.54157,9.11525,579,11.49598,10.04064,12.95132,579,2.09658,2.03595,2.15721,579,0.21898,0.19522,0.24275,579,0.07382,0.06255,0.08509,579,0.02304,0.01429,0.03178,579,0.03037,0.02309,0.03765,579,0.1848,0.15316,0.21644,579,16.08463,13.90101,18.26824,579,13.88273,13.85069,13.91477,579,177.47714,174.85315,180.10113,579,0.09534,0.16265,0.02554,0.664,0.00573,0.03434,0.22798,0.31261,0.37824,0.08117,0.15717,0.2677,0.57513,229,0.771,0.81345,0.68553,0.90063,0.86456,0.93006,1.20542,0.57501,0.85288,0.48035,0.1441,0.0786,0.15284,0.0131,0.1048,0.02183,0.00437,普通交互:0.87; 楼梯交互:0.60; 三角交互:0.47,,,,,,
config,双押纵,0.42782,0.16904,0.6866,913,0.0278,0.6866,0.6734,0.6998,913,0.79805,0.78899,0.80712,913,11.93976,11.69938,12.18013,913,5.25958,5.099,5.42017,913,3.75271,3.64447,3.86095,913,7.98449,6.16037,9.80862,913,1.4354,1.3969,1.47391,913,0.90616,0.89612,0.9162,913,0.2225,0.21247,0.23253,913,0.03377,0.02567,0.04187,913,0.08583,0.07495,0.09671,913,0.70208,0.6724,0.73176,913,11.70756,8.64109,14.77403,913,13.73582,13.71148,13.76016,913,173.30605,171.39074,175.22137,913,0.33471,0.44675,0.03281,0.16031,0.00885,0.00193,0.33625,0.38116,0.25301,0.02957,0.20372,0.3012,0.49507,398,0.78567,0.82273,0.72848,0.88747,0.63312,1.25116,1.11574,0.6009,0.67267,0.30151,0.04774,0.22864,0.03769,0.04774,0.23116,0.09296,0.01256,连续双押:1.00; 子弹:0.28; 错位:0.26,,,,,,
config,散点,0.41384,0.38217,0.44551,267,0.00813,0.44551,0.42288,0.46815,267,0.60082,0.583,0.61864,267,12.65918,12.12903,13.18932,267,11.58052,11.06011,12.10094,267,8.48411,8.0861,8.88211,267,11.06432,10.55436,11.57428,267,1.62824,1.56909,1.68738,267,0.15128,0.1237,0.17886,267,0.01976,0.01314,0.02637,267,0.00969,0.00425,0.01514,267,0.0413,0.02854,0.05406,267,0.11985,0.08082,0.15888,267,15.35581,14.55658,16.15503,267,13.87303,13.82467,13.9214,267,178.71955,174.67201,182.76709,267,0.01976,0.26108,0.08493,0.55323,0.04168,0.03739,0.26217,0.26217,0.41948,0.05618,0.1573,0.34831,0.49438,97,0.6997,0.78781,0.58425,0.86714,1.14425,0.83499,1.02077,0.559,0.87518,0.45361,0.15464,0.04124,0.2268,0.02062,0.09278,0.01031,,普通交互:1.00; 子弹:0.51; 连续双押:0.40,,,,,,
config,楼梯交互,0.40652,0.35237,0.46068,859,0.02616,0.46068,0.44727,0.47409,859,0.6199,0.60912,0.63069,859,12.3213,12.03696,12.60565,859,10.8603,10.55344,11.16716,859,7.82252,7.60813,8.0369,859,15.39898,11.18955,19.60841,859,1.9123,1.86569,1.95891,859,0.25943,0.23949,0.27936,859,0.08003,0.07046,0.08961,859,0.0372,0.02752,0.04689,859,0.02938,0.02361,0.03515,859,0.18626,0.16021,0.21231,859,21.10943,15.64828,26.57058,859,13.83469,13.80824,13.86115,859,177.73473,175.35048,180.11897,859,0.11988,0.20771,0.02473,0.60055,0.00798,0.02244,0.26775,0.33062,0.33644,0.06519,0.19441,0.29802,0.50757,375,0.78575,0.79331,0.7046,0.90207,0.83194,0.97593,1.19218,0.58951,0.83132,0.49333,0.10667,0.05867,0.128,0.01867,0.144,0.04,0.01067,普通交互:0.83; 三角交互:0.46; 大宇宙:0.38,,,,,,
config,定拍,0.39364,0.21431,0.57296,490,0.01492,0.57296,0.55038,0.59553,490,0.67634,0.65674,0.69593,490,11.70612,11.35569,12.05656,490,6.82857,6.56934,7.08781,490,4.75778,4.56449,4.95108,490,6.97291,6.60586,7.33996,490,1.41751,1.3586,1.47643,490,0.69256,0.66772,0.7174,490,0.14095,0.12781,0.15409,490,0.05659,0.04215,0.07102,490,0.04295,0.03302,0.05289,490,0.48571,0.44142,0.53001,490,10.2551,9.63328,10.87692,490,13.7702,13.73504,13.80537,490,170.04587,167.14987,172.94186,490,0.26917,0.49035,0.00786,0.18658,0.02275,0.01706,0.30408,0.32041,0.34694,0.02857,0.28367,0.1898,0.52653,202,0.80339,0.81342,0.73231,0.9007,0.62372,1.15833,1.218,0.49697,0.69121,0.30198,0.05941,0.27228,0.0396,0.0198,0.23267,0.06931,0.00495,连续双押:0.61; 单双/双单:0.44; 错位:0.41,,,,,,
config,三角交互,0.39078,0.37473,0.40683,874,0.02661,0.40683,0.39564,0.41802,874,0.56697,0.55727,0.57666,874,12.44508,12.18143,12.70873,874,11.67506,11.41572,11.93439,874,8.31896,8.14007,8.49785,874,23.8132,16.94082,30.68559,874,1.94321,1.91199,1.97443,874,0.11508,0.10351,0.12665,874,0.01323,0.01024,0.01621,874,0.06382,0.05198,0.07566,874,0.02959,0.02447,0.03471,874,0.06751,0.05086,0.08415,874,30.81922,22.64661,38.99184,874,13.85286,13.82618,13.87954,874,175.44055,173.26288,177.61823,874,0.04294,0.19326,0.11641,0.59337,0.0181,0.01511,0.254,0.35355,0.30092,0.09153,0.19108,0.31693,0.49199,339,0.77471,0.81733,0.69708,0.89689,0.84065,0.95568,1.20372,0.58604,0.87863,0.53392,0.13274,0.02065,0.16814,,0.12979,0.0118,0.00295,普通交互:0.99; 楼梯交互:0.44; 子弹:0.34,,,,,,
config,轴交互,0.38853,0.30308,0.47398,637,0.0194,0.47398,0.45564,0.49232,637,0.59007,0.57471,0.60543,637,10.66562,10.39436,10.93688,637,9.24647,8.94645,9.54648,637,6.7284,6.52693,6.92987,637,8.59384,8.28181,8.90587,637,1.90971,1.85327,1.96614,637,0.28481,0.26044,0.30918,637,0.10664,0.09452,0.11877,637,0.05398,0.04294,0.06502,637,0.02553,0.01899,0.03208,637,0.25275,0.21897,0.28652,637,11.93093,11.4378,12.42405,637,13.83689,13.80734,13.86644,637,180.09055,177.12695,183.05415,637,0.12513,0.41615,0.01799,0.42281,0.00549,0.00611,0.25746,0.35165,0.32182,0.06907,0.16954,0.33438,0.49608,216,0.78461,0.82337,0.71524,0.89537,0.72217,1.0277,1.25018,0.54824,0.79503,0.44907,0.09259,0.09259,0.10185,0.02778,0.18519,0.0463,0.00463,普通交互:0.70; 错位:0.33; 跳拍:0.25,,,,,,
config,连续双押,0.38565,0.19161,0.57969,8042,0.24488,0.57969,0.57512,0.58426,8042,0.69757,0.69418,0.70096,8042,10.91868,10.84282,10.99453,8042,5.96431,5.90517,6.02346,8042,4.25381,4.21351,4.29412,8042,9.90592,9.17099,10.64086,8042,1.69616,1.68446,1.70786,8042,0.81416,0.8095,0.81882,8042,0.11894,0.11603,0.12185,8042,0.04904,0.04592,0.05217,8042,0.07034,0.0668,0.07387,8042,0.38747,0.37682,0.39811,8042,14.74173,13.51562,15.96784,8042,13.6865,13.67802,13.69498,8042,174.40559,173.74603,175.06516,8042,0.19777,0.46007,0.02054,0.2768,0.01247,0.00661,0.39082,0.36658,0.20778,0.03482,0.18167,0.35228,0.46605,3334,0.77862,0.81805,0.70915,0.89318,0.76569,1.0986,1.13574,0.54614,0.7096,0.37043,0.04379,0.17337,0.03929,0.04499,0.23635,0.08098,0.0108,子弹:0.37; 错位:0.31; 跳拍:0.25,,,,,,
config,单双/双单,0.37985,0.21697,0.54273,3965,0.12074,0.54273,0.53589,0.54956,3965,0.62637,0.62048,0.63227,3965,10.57629,10.4787,10.67389,3965,6.81917,6.74302,6.89532,3965,4.81664,4.76531,4.86797,3965,9.97343,8.80057,11.14629,3965,1.61782,1.60119,1.63446,3965,0.63653,0.62976,0.6433,3965,0.10122,0.0975,0.10495,3965,0.04305,0.03943,0.04666,3965,0.0411,0.03759,0.04462,3965,0.35334,0.33846,0.36822,3965,14.68852,12.83492,16.54213,3965,13.6798,13.66773,13.69187,3965,173.83707,172.81032,174.86382,3965,0.14672,0.54875,0.03467,0.23506,0.01689,0.005,0.3942,0.36166,0.20958,0.03455,0.20303,0.33039,0.46658,1545,0.79724,0.83424,0.73463,0.9013,0.65626,1.08924,1.25455,0.49695,0.75886,0.45696,0.03689,0.14822,0.03819,0.02977,0.22136,0.06602,0.00259,连续双押:0.48; 错位:0.39; 子弹:0.32,,,,,,
config,普通交互,0.36449,0.3046,0.42439,5896,0.17954,0.42439,0.41909,0.42969,5896,0.52463,0.51963,0.52963,5896,10.52748,10.40739,10.64756,5896,9.3577,9.24215,9.47325,5896,6.76211,6.68101,6.84322,5896,17.6386,15.72881,19.54838,5896,1.58888,1.57213,1.60563,5896,0.21264,0.20625,0.21903,5896,0.05598,0.05339,0.05858,5896,0.09341,0.08809,0.09872,5896,0.03512,0.03237,0.03787,5896,0.15909,0.14975,0.16843,5896,24.08989,21.61616,26.56362,5896,13.76403,13.75388,13.77417,5896,177.63612,176.77572,178.49652,5896,0.0859,0.40241,0.04424,0.3942,0.01473,0.03076,0.32615,0.35058,0.2712,0.05207,0.1635,0.32514,0.51136,2344,0.7335,0.78339,0.64793,0.88159,1.05837,0.96623,0.9754,0.50164,0.81241,0.44923,0.12415,0.08063,0.11433,0.01706,0.16596,0.04053,0.00811,子弹:0.38; 错位:0.33; 连续双押:0.30,,,,,,
config,跳拍,0.3585,0.27083,0.44617,4673,0.1423,0.44617,0.43964,0.4527,4673,0.53496,0.52891,0.541,4673,10.91847,10.82916,11.00777,4673,8.76439,8.68605,8.84274,4673,6.01232,5.96092,6.06372,4673,13.54884,12.15232,14.94536,4673,1.47788,1.46299,1.49277,4673,0.3599,0.35188,0.36793,4673,0.06976,0.06681,0.0727,4673,0.04811,0.04489,0.05132,4673,0.02145,0.01924,0.02365,4673,0.23668,0.22449,0.24887,4673,20.54312,18.39466,22.69158,4673,13.72131,13.7103,13.73233,4673,168.82879,167.90642,169.75116,4673,0.00856,0.28194,0.08599,0.58999,0.02854,0.00028,0.35545,0.3762,0.22363,0.04473,0.24374,0.37342,0.38284,1748,0.77499,0.81595,0.70784,0.89214,0.76711,1.09145,1.14147,0.51398,0.80071,0.44908,0.05549,0.11327,0.09039,0.00458,0.21739,0.06979,,子弹:0.49; 错位:0.39; 连续双押:0.36,,,,,,
config,侧边双押,0.35381,0.18154,0.52609,690,0.02101,0.52609,0.51015,0.54203,690,0.58929,0.57342,0.60516,690,9.94928,9.71983,10.17872,690,5.88551,5.68976,6.08126,690,4.0301,3.91554,4.14465,690,9.10025,6.65087,11.54964,690,1.60845,1.55518,1.66172,690,0.75027,0.73179,0.76876,690,0.1012,0.09085,0.11154,690,0.08161,0.06679,0.09642,690,0.05735,0.04497,0.06972,690,0.22754,0.19623,0.25884,690,14.18696,9.853,18.52092,690,13.61464,13.58743,13.64184,690,171.11213,168.66271,173.56154,690,0.2004,0.47268,0.01636,0.23623,0.02337,0.00214,0.45942,0.33623,0.19565,0.0087,0.24928,0.35797,0.39275,311,0.78548,0.82755,0.71214,0.90839,0.74271,0.9935,1.26385,0.55938,0.70778,0.37942,0.02894,0.14469,0.06752,0.05145,0.23473,0.07395,0.01929,连续双押:0.62; 子弹:0.31; 错位:0.28,,,,,,
config,子弹,0.33629,0.23142,0.44117,6043,0.18401,0.44117,0.43552,0.44682,6043,0.52847,0.52306,0.53388,6043,9.87423,9.78447,9.964,6043,7.3864,7.31076,7.46204,6043,5.13743,5.09067,5.18418,6043,12.36745,11.19921,13.53569,6043,1.33952,1.32694,1.3521,6043,0.44173,0.4335,0.44997,6043,0.08199,0.07929,0.0847,6043,0.07005,0.06651,0.07358,6043,0.03848,0.03562,0.04133,6043,0.21562,0.20525,0.22599,6043,18.62105,16.80835,20.43375,6043,13.69176,13.68191,13.70161,6043,172.70471,171.85229,173.55714,6043,0.03217,0.50636,0.02393,0.3992,0.02134,0.00531,0.38094,0.35611,0.22969,0.03326,0.20189,0.34172,0.4564,2366,0.74914,0.79042,0.67434,0.87822,0.95217,1.09417,0.95365,0.48357,0.75967,0.44041,0.04861,0.13567,0.05368,0.02663,0.21598,0.07735,0.00169,连续双押:0.44; 跳拍:0.41; 错位:0.38,,,,,,
config,纵连,0.31701,0.216,0.41801,1297,0.03949,0.41801,0.40433,0.4317,1297,0.51663,0.50398,0.52927,1297,8.62375,8.42964,8.81786,1297,6.93678,6.76636,7.10719,1297,4.79528,4.68785,4.90271,1297,11.05718,8.70001,13.41434,1297,0.9573,0.92585,0.98876,1297,0.35188,0.33724,0.36653,1297,0.12686,0.11966,0.13406,1297,0.05401,0.04685,0.06117,1297,0.03873,0.03228,0.04519,1297,0.34002,0.31422,0.36581,1297,15.96145,12.7617,19.1612,1297,13.70601,13.6843,13.72773,1297,171.74159,169.87403,173.60915,1297,0.12637,0.44272,0.049,0.33218,0.02524,0.0071,0.37625,0.34541,0.24518,0.03315,0.23053,0.31689,0.45258,564,0.7386,0.78628,0.61806,0.89265,1.06375,0.84036,1.09591,0.46933,0.73155,0.39007,0.04255,0.13475,0.05496,0.03901,0.22695,0.10461,0.00709,错位:0.42; 子弹:0.38; 跳拍:0.34,,,,,,
config,长纵连,0.26135,0.25088,0.27183,134,0.00408,0.27183,0.2329,0.31076,134,0.40523,0.36812,0.44234,134,8.49254,7.77456,9.21052,134,7.58209,6.86334,8.30084,134,5.56956,5.044,6.09511,134,8.75908,7.50117,10.01699,134,0.37555,0.28908,0.46202,134,0.20798,0.16558,0.25038,134,0.0699,0.05115,0.08865,134,0.03591,0.01783,0.054,134,0.06141,0.03063,0.09219,134,0.24627,0.17305,0.31949,134,12.19403,10.38889,13.99917,134,13.73657,13.66424,13.8089,134,178.25373,173.00457,183.50289,134,0.24524,0.38649,0.01013,0.26163,0.05247,0.01455,0.35075,0.29851,0.33582,0.01493,0.08209,0.40299,0.51493,69,0.66775,0.74728,0.58128,0.83363,1.34773,1.2173,0.43485,0.32388,0.79709,0.50725,0.01449,0.13043,0.02899,,0.28986,0.02899,,错位:0.35; 连续双押:0.18; 纵连:0.17,,,,,,
matrix,,,,,2431,,,,,,,,,,,,,,,,,,,,,,,,,,,,,,,,,,,,,,,,,,,,,,,,,,,,,,,,,,,,,,,,,,,,,,,,,,,,,,,,,,,,,,,,,,,,,,中,中,0.6908,定拍(1.35/0.02); 双押纵(1.29/0.04); 错位(1.23/0.23),连续双押(0.28); 错位(0.23); 子弹(0.20),全采:0.40; 半采:0.21
matrix,,,,,2021,,,,,,,,,,,,,,,,,,,,,,,,,,,,,,,,,,,,,,,,,,,,,,,,,,,,,,,,,,,,,,,,,,,,,,,,,,,,,,,,,,,,,,,,,,,,,,中,低,0.6492,长纵连(2.43/0.01); 散点(1.38/0.01); 普通交互(1.27/0.22),普通交互(0.22); 连续双押(0.22); 子弹(0.21),全采:0.35; 半采:0.23
matrix,,,,,2582,,,,,,,,,,,,,,,,,,,,,,,,,,,,,,,,,,,,,,,,,,,,,,,,,,,,,,,,,,,,,,,,,,,,,,,,,,,,,,,,,,,,,,,,,,,,,,中,高,0.6985,定拍(1.40/0.02); 逆楼梯/方向盘(1.39/0.01); 轴交互(1.38/0.02),连续双押(0.29); 错位(0.23); 普通交互(0.17),全采:0.41; 半采:0.21
matrix,,,,,529,,,,,,,,,,,,,,,,,,,,,,,,,,,,,,,,,,,,,,,,,,,,,,,,,,,,,,,,,,,,,,,,,,,,,,,,,,,,,,,,,,,,,,,,,,,,,,密,中,0.6176,大宇宙(2.12/0.04); 跳拍(1.87/0.24); 楼梯交互(1.84/0.05),连续双押(0.27); 子弹(0.26); 错位(0.26),全采:0.26; 近全采:0.23
matrix,,,,,315,,,,,,,,,,,,,,,,,,,,,,,,,,,,,,,,,,,,,,,,,,,,,,,,,,,,,,,,,,,,,,,,,,,,,,,,,,,,,,,,,,,,,,,,,,,,,,密,低,0.5151,轴交互(2.39/0.04); 楼梯交互(2.18/0.06); 大宇宙(1.88/0.03),普通交互(0.22); 子弹(0.20); 连续双押(0.18),半采:0.29; 稀采/空音:0.19
matrix,,,,,562,,,,,,,,,,,,,,,,,,,,,,,,,,,,,,,,,,,,,,,,,,,,,,,,,,,,,,,,,,,,,,,,,,,,,,,,,,,,,,,,,,,,,,,,,,,,,,密,高,0.5975,逆楼梯/方向盘(4.52/0.02); 散点(2.98/0.02); 三角交互(2.91/0.07),错位(0.30); 普通交互(0.25); 跳拍(0.24),半采:0.24; 近全采:0.22
matrix,,,,,1552,,,,,,,,,,,,,,,,,,,,,,,,,,,,,,,,,,,,,,,,,,,,,,,,,,,,,,,,,,,,,,,,,,,,,,,,,,,,,,,,,,,,,,,,,,,,,,稀,中,0.7514,长纵连(1.64/0.01); 侧边双押(1.26/0.03); 双押纵(1.23/0.04),连续双押(0.26); 子弹(0.15); 错位(0.14),全采:0.33; 近全采:0.32
matrix,,,,,2176,,,,,,,,,,,,,,,,,,,,,,,,,,,,,,,,,,,,,,,,,,,,,,,,,,,,,,,,,,,,,,,,,,,,,,,,,,,,,,,,,,,,,,,,,,,,,,稀,低,0.6854,散点(0.96/0.01); 纵连(0.92/0.04); 侧边双押(0.88/0.02),连续双押(0.16); 普通交互(0.14); 子弹(0.12),全采:0.23; 静默:0.21
matrix,,,,,1367,,,,,,,,,,,,,,,,,,,,,,,,,,,,,,,,,,,,,,,,,,,,,,,,,,,,,,,,,,,,,,,,,,,,,,,,,,,,,,,,,,,,,,,,,,,,,,稀,高,0.7598,侧边双押(1.50/0.03); 连续双押(1.19/0.29); 双押纵(1.17/0.03),连续双押(0.29); 错位(0.19); 子弹(0.13),全采:0.36; 近全采:0.32
