scope,config,intrinsic_score,term_D,term_H,n_bars,share_of_bars,hardness_noconfig,hardness_noconfig_lo,hardness_noconfig_hi,hardness_noconfig_n,hardness,hardness_lo,hardness_hi,hardness_n,n_notes,n_notes_lo,n_notes_hi,n_notes_n,n_slots,n_slots_lo,n_slots_hi,n_slots_n,nps,nps_lo,nps_hi,nps_n,equiv_speed,equiv_speed_lo,equiv_speed_hi,equiv_speed_n,move_mean,move_mean_lo,move_mean_hi,move_mean_n,each_ratio,each_ratio_lo,each_ratio_hi,each_ratio_n,slide_ratio,slide_ratio_lo,slide_ratio_hi,slide_ratio_n,hold_ratio,hold_ratio_lo,hold_ratio_hi,hold_ratio_n,break_ratio,break_ratio_lo,break_ratio_hi,break_ratio_n,muri_rate,muri_rate_lo,muri_rate_hi,muri_rate_n,finest_divisor,finest_divisor_lo,finest_divisor_hi,finest_divisor_n,level,level_lo,level_hi,level_n,bpm,bpm_lo,bpm_hi,bpm_n,div4,div8,div12,div16,div24,div32,lv_13.0-13.4,lv_13.5-13.9,lv_14.0-14.4,lv_14.5+,bpm_<150,bpm_150-180,bpm_>180,cooccur_top3
config,大风车,0.50643,0.20066,0.8122,29,0.00088,0.8122,0.76067,0.86372,29,0.59923,0.53101,0.66745,29,9.58621,8.50076,10.67165,29,5.65517,4.89997,6.41038,29,4.45474,3.75737,5.15211,29,5.62989,4.53538,6.72439,29,0.84236,0.68421,1.00052,29,0.77223,0.69805,0.84641,29,0.3501,0.31273,0.38747,29,0.02466,-0.00198,0.0513,29,0.10952,0.03217,0.18688,29,0.96552,0.89793,1.0331,29,7.03448,6.03072,8.03825,29,13.72759,13.52103,13.93414,29,185.51724,174.12647,196.90802,29,0.4069,0.45517,0.13793,0.0,0.0,0.0,0.41379,0.10345,0.37931,0.10345,0.06897,0.34483,0.58621,出张:0.62; 连续拍滑:0.45; 二连扫:0.38
config,散点,0.4912,0.47277,0.50964,259,0.00789,0.50964,0.48431,0.53496,259,0.683,0.66598,0.70001,259,15.46332,14.7007,16.22594,259,14.33977,13.56319,15.11635,259,10.49554,9.94237,11.04872,259,17.47757,12.49244,22.46271,259,1.4874,1.42404,1.55076,259,0.14191,0.11564,0.16818,259,0.02084,0.0141,0.02757,259,0.00504,0.00244,0.00764,259,0.04582,0.03333,0.05831,259,0.13514,0.09342,0.17685,259,24.6834,16.89971,32.46708,259,13.91236,13.86483,13.95988,259,179.31876,175.47984,183.15769,259,0.03803,0.16493,0.07327,0.47032,0.05458,0.1827,0.22008,0.26255,0.45946,0.05792,0.16602,0.33591,0.49807,二连扫:0.49; 反手:0.46; 子弹:0.37
config,错位,0.48284,0.20665,0.75903,2082,0.0634,0.75903,0.75157,0.76649,2082,0.86668,0.86184,0.87153,2082,11.5658,11.40094,11.73066,2082,6.97598,6.83344,7.11852,2082,4.58765,4.50238,4.67293,2082,9.73261,8.35926,11.10596,2082,1.53074,1.5074,1.55408,2082,0.67878,0.6684,0.68916,2082,0.21029,0.20571,0.21487,2082,0.0182,0.01544,0.02097,2082,0.04439,0.03934,0.04944,2082,0.57445,0.5532,0.59569,2082,14.83814,12.87822,16.79805,2082,13.74938,13.73241,13.76634,2082,162.89386,161.45705,164.33068,2082,0.08523,0.50793,0.01533,0.32282,0.02114,0.01426,0.32133,0.38521,0.24304,0.05043,0.31844,0.31364,0.36792,出张:0.52; 连续双押:0.44; 子弹:0.34
config,逆楼梯/方向盘,0.47996,0.4161,0.54383,75,0.00228,0.54383,0.5056,0.58205,75,0.70995,0.68305,0.73684,75,14.21333,13.22521,15.20145,75,13.16,12.27089,14.04911,75,9.23731,8.51244,9.96219,75,16.37051,5.87713,26.86389,75,3.1848,3.07708,3.29252,75,0.12625,0.08029,0.17221,75,0.02242,0.01136,0.03348,75,0.12522,0.05891,0.19153,75,0.04388,0.02107,0.06669,75,0.10667,0.03633,0.177,75,24.22667,7.84517,40.60817,75,13.93733,13.83682,14.03785,75,167.75467,161.56769,173.94164,75,0.06702,0.08952,0.02667,0.76274,0.0,0.0485,0.18667,0.28,0.38667,0.14667,0.22667,0.30667,0.46667,连续双押:0.44; 反手:0.44; 三角交互:0.28
config,鼓动段,0.47282,0.18511,0.76053,613,0.01867,0.76053,0.74753,0.77354,613,0.63168,0.61653,0.64683,613,10.66232,10.40009,10.92454,613,5.88744,5.68512,6.08975,613,4.10945,3.95855,4.26035,613,5.22924,4.99973,5.45875,613,1.59236,1.53111,1.65361,613,0.80949,0.79335,0.82563,613,0.32934,0.3192,0.33948,613,0.00665,0.00256,0.01075,613,0.03687,0.02831,0.04543,613,0.71941,0.68382,0.75501,613,7.49103,7.16118,7.82088,613,13.68352,13.65248,13.71457,613,170.10885,166.81893,173.39877,613,0.41983,0.45156,0.06497,0.05667,0.00458,0.00122,0.43393,0.33442,0.17945,0.0522,0.32953,0.20881,0.46166,连续拍滑:1.00; 出张:0.40; 井字星星:0.34
config,挥手段,0.46912,0.18518,0.75305,342,0.01041,0.75305,0.73504,0.77107,342,0.6628,0.64187,0.68373,342,11.87427,11.45488,12.29366,342,6.34503,6.05764,6.63242,342,4.11108,3.92631,4.29586,342,8.66221,4.93023,12.39419,342,1.80481,1.70941,1.9002,342,0.78699,0.76507,0.80891,342,0.30278,0.28853,0.31704,342,0.01234,0.00641,0.01827,342,0.03931,0.02896,0.04966,342,0.86257,0.82603,0.89912,342,14.12281,7.48123,20.76438,342,13.84883,13.80931,13.88835,342,158.76901,155.01419,162.52382,342,0.29981,0.41559,0.04185,0.22732,0.00803,0.0,0.22515,0.39474,0.35673,0.02339,0.32164,0.36842,0.30994,三叉戟:0.88; 出张:0.32; 连续拍滑:0.31
config,拆弹,0.46359,0.16603,0.76115,131,0.00399,0.76115,0.73157,0.79074,131,0.74389,0.71132,0.77645,131,12.80153,11.94677,13.65629,131,6.01527,5.4881,6.54243,131,3.68585,3.38266,3.98903,131,9.18531,7.91362,10.45699,131,2.02378,1.88302,2.16454,131,0.89573,0.8663,0.92517,131,0.38327,0.36538,0.40117,131,0.00583,0.00145,0.01022,131,0.02399,0.00781,0.04016,131,0.45802,0.37237,0.54366,131,14.39695,12.34544,16.44846,131,13.90534,13.84507,13.96562,131,154.29262,147.10599,161.47925,131,0.02996,0.56252,0.03906,0.17225,0.15405,0.00352,0.17557,0.31298,0.47328,0.03817,0.49618,0.25191,0.25191,一笔画:0.64; 连续双押:0.63; 错位:0.42
config,夹键拍滑,0.45921,0.25463,0.66378,457,0.01392,0.66378,0.64778,0.67978,457,0.52327,0.50673,0.53981,457,10.97155,10.72638,11.21672,457,7.37856,7.17528,7.58183,457,5.65282,5.48542,5.82023,457,7.54569,7.25348,7.8379,457,1.18418,1.14211,1.22625,457,0.6262,0.61127,0.64112,457,0.26119,0.25228,0.27009,457,0.00735,0.00326,0.01145,457,0.03697,0.0263,0.04764,457,0.57112,0.52569,0.61654,457,9.99781,9.54243,10.45319,457,13.78446,13.74588,13.82304,457,186.36648,182.84577,189.88719,457,0.04775,0.70163,0.12545,0.11065,0.00427,0.00402,0.34573,0.27352,0.28665,0.09409,0.186,0.13567,0.67834,连续拍滑:1.00; 鼓动段:0.36; 井字星星:0.32
config,井字星星,0.45649,0.17748,0.7355,851,0.02591,0.7355,0.72376,0.74724,851,0.60458,0.59111,0.61805,851,9.75558,9.53484,9.97633,851,5.40306,5.24288,5.56323,851,3.93999,3.83001,4.04997,851,7.45818,5.45399,9.46237,851,1.78607,1.73443,1.83771,851,0.79667,0.78284,0.8105,851,0.32487,0.31664,0.33309,851,0.0132,0.00953,0.01686,851,0.03806,0.03135,0.04478,851,0.6322,0.59978,0.66461,851,10.08931,7.78536,12.39326,851,13.67133,13.64587,13.69679,851,178.29745,176.0114,180.58349,851,0.29492,0.51224,0.03544,0.13265,0.01228,0.00059,0.41833,0.33137,0.22444,0.02585,0.20094,0.27497,0.52409,连续拍滑:0.55; 出张:0.43; 连续双押:0.29
config,穿心,0.45448,0.18106,0.72789,177,0.00539,0.72789,0.7022,0.75358,177,0.57596,0.54859,0.60333,177,9.59887,9.09872,10.09902,177,5.57627,5.15822,5.99432,177,4.01956,3.74184,4.29728,177,6.98964,6.37211,7.60718,177,1.36348,1.2602,1.46677,177,0.75936,0.72634,0.79238,177,0.30194,0.28418,0.31969,177,0.03021,0.01848,0.04194,177,0.0444,0.02975,0.05906,177,0.77966,0.71843,0.8409,177,9.79096,8.82024,10.76168,177,13.65311,13.59411,13.7121,177,178.0339,172.87866,183.18914,177,0.18647,0.52931,0.03471,0.19354,0.00519,0.00805,0.46893,0.29944,0.19209,0.03955,0.21469,0.27119,0.51412,出张:0.76; 连续拍滑:0.42; 跳拍:0.27
config,三叉戟,0.45207,0.17928,0.72486,591,0.018,0.72486,0.71013,0.73958,591,0.62411,0.60694,0.64128,591,11.33841,11.03228,11.64454,591,6.07276,5.85455,6.29097,591,3.97993,3.84415,4.11571,591,5.76732,5.52328,6.01137,591,1.75744,1.68157,1.83332,591,0.78863,0.77134,0.80592,591,0.30857,0.29744,0.3197,591,0.01581,0.01029,0.02132,591,0.03361,0.02654,0.04069,591,0.72589,0.68989,0.76188,591,8.85956,8.46768,9.25144,591,13.75685,13.72423,13.78948,591,161.70655,158.87071,164.5424,591,0.33038,0.44846,0.03561,0.16808,0.01089,0.0,0.32149,0.35871,0.29272,0.02707,0.32826,0.31641,0.35533,挥手段:0.53; 出张:0.39; 连续拍滑:0.36
config,连续拍滑,0.44544,0.17996,0.71092,2432,0.07406,0.71092,0.70383,0.71801,2432,0.5843,0.57658,0.59202,2432,9.73561,9.61241,9.85881,2432,5.50288,5.40732,5.59843,2432,3.99504,3.9252,4.06488,2432,6.24649,5.72255,6.77043,2432,1.60813,1.57713,1.63913,2432,0.7911,0.78273,0.79947,2432,0.3152,0.30995,0.32045,2432,0.01068,0.00849,0.01287,2432,0.03679,0.03256,0.04101,2432,0.66653,0.64779,0.68527,2432,8.64618,7.90803,9.38433,2432,13.64605,13.6307,13.66141,2432,177.14709,175.6717,178.62248,2432,0.38024,0.47225,0.03594,0.09709,0.00543,0.00316,0.47081,0.30798,0.1875,0.03372,0.23314,0.24178,0.52508,出张:0.42; 鼓动段:0.28; 井字星星:0.27
config,双压连续拍滑,0.44445,0.15476,0.73413,104,0.00317,0.73413,0.70159,0.76667,104,0.61811,0.57653,0.6597,104,12.60577,11.92223,13.28931,104,4.80769,4.35471,5.26067,104,3.43574,3.10295,3.76853,104,4.7605,4.22304,5.29796,104,1.4577,1.30957,1.60583,104,0.91305,0.88322,0.94288,104,0.35703,0.33409,0.37998,104,0.01358,0.00276,0.02439,104,0.05668,0.03288,0.08048,104,0.73077,0.64511,0.81643,104,6.71154,5.95799,7.46508,104,13.80096,13.72199,13.87993,104,170.98575,165.58341,176.38809,104,0.57909,0.30276,0.00612,0.07969,0.0,0.0,0.33654,0.30769,0.27885,0.07692,0.19231,0.30769,0.5,三叉戟:0.46; 出张:0.42; 连续双押:0.40
config,同起点拍滑,0.43544,0.16734,0.70354,145,0.00442,0.70354,0.67489,0.73219,145,0.56493,0.532,0.59787,145,10.46207,10.01219,10.91195,145,5.4069,5.1039,5.70989,145,3.71489,3.49666,3.93312,145,5.39815,4.94527,5.85103,145,1.32198,1.18817,1.45579,145,0.7917,0.75638,0.82702,145,0.34677,0.3255,0.36804,145,0.01482,0.00325,0.02639,145,0.04921,0.03068,0.06774,145,0.7931,0.72694,0.85927,145,8.04138,7.27555,8.80721,145,13.65517,13.6015,13.70885,145,168.07412,162.16296,173.98528,145,0.42067,0.42552,0.0,0.12518,0.00069,0.00265,0.32414,0.48276,0.1931,0.0,0.31034,0.22069,0.46897,连续拍滑:0.59; 出张:0.48; 鼓动段:0.26
config,楼梯交互,0.42641,0.4338,0.41903,216,0.00658,0.41903,0.39934,0.43873,216,0.58818,0.57212,0.60423,216,14.22685,13.71851,14.7352,216,13.5,12.99721,14.00279,216,9.63029,9.28286,9.97771,216,11.37346,10.87996,11.86695,216,1.99294,1.93235,2.05353,216,0.09398,0.07305,0.11491,216,0.01384,0.00832,0.01935,216,0.01715,0.00431,0.02999,216,0.03926,0.02592,0.05261,216,0.11574,0.07298,0.1585,216,15.98148,15.28834,16.67462,216,13.81898,13.76322,13.87475,216,174.49537,170.42247,178.56827,216,0.01603,0.14128,0.03241,0.7642,0.01208,0.0261,0.30093,0.31019,0.31019,0.0787,0.19444,0.32407,0.48148,三角交互:0.69; 反手:0.50; 普通交互:0.35
config,大宇宙,0.42554,0.31414,0.53694,324,0.00987,0.53694,0.50944,0.56444,324,0.7739,0.75737,0.79043,324,12.14506,11.63468,12.65544,324,10.09568,9.54144,10.64991,324,6.97399,6.59284,7.35515,324,8.4148,7.88926,8.94034,324,1.73637,1.67903,1.7937,324,0.33206,0.29306,0.37106,324,0.11114,0.09516,0.12711,324,0.02174,0.01093,0.03256,324,0.02842,0.02053,0.03632,324,0.24383,0.197,0.29066,324,12.33951,11.49704,13.18197,324,13.69753,13.65263,13.74243,324,170.19613,165.92169,174.47057,324,0.15461,0.38874,0.03226,0.3735,0.00989,0.01997,0.41358,0.29938,0.2284,0.05864,0.26852,0.2963,0.43519,子弹:0.31; 错位:0.30; 连续拍滑:0.29
config,CYCLES型星星,0.41561,0.13251,0.69872,291,0.00886,0.69872,0.67348,0.72396,291,0.62648,0.59912,0.65384,291,10.68385,10.16337,11.20433,291,4.32646,3.97549,4.67743,291,2.94162,2.71023,3.17302,291,6.74814,3.97688,9.5194,291,1.64844,1.56164,1.73524,291,0.90703,0.88756,0.9265,291,0.34105,0.32536,0.35675,291,0.01838,0.01012,0.02663,291,0.05728,0.04104,0.07353,291,0.53952,0.48215,0.59689,291,10.05498,5.73795,14.37201,291,13.70619,13.659,13.75337,291,164.35395,161.18247,167.52543,291,0.37599,0.3155,0.01778,0.12807,0.01019,0.01389,0.40206,0.34021,0.17869,0.07904,0.25086,0.43643,0.30928,一笔画:1.00; 出张:0.54; 连续双押:0.45
config,死镰段,0.41489,0.23612,0.59365,50,0.00152,0.59365,0.54172,0.64558,50,0.6369,0.57025,0.70356,50,9.6,8.99686,10.20314,50,6.88,6.299,7.461,50,5.24183,4.68146,5.80221,50,7.035,5.90026,8.16974,50,1.15503,1.07107,1.23899,50,0.58304,0.5204,0.64568,50,0.25625,0.21963,0.29286,50,0.005,-0.0048,0.0148,50,0.01258,-0.00265,0.0278,50,0.28,0.15428,0.40572,50,9.04,7.85873,10.22127,50,13.976,13.89264,14.05936,50,177.74,169.0319,186.4481,50,0.23,0.58182,0.0,0.18818,0.0,0.0,0.06,0.48,0.38,0.08,0.16,0.2,0.64,二连扫:1.00; 错位:0.76; 出张:0.74
config,一笔画,0.40944,0.14622,0.67266,2384,0.07259,0.67266,0.66465,0.68066,2384,0.55229,0.54381,0.56076,2384,8.57341,8.43774,8.70907,2384,4.66569,4.57298,4.7584,2384,3.24604,3.1859,3.30618,2384,6.53304,5.7298,7.33627,2384,2.13137,2.09488,2.16787,2384,0.80665,0.79769,0.8156,2384,0.34669,0.34114,0.35224,2384,0.01938,0.01627,0.02248,2384,0.02826,0.02444,0.03208,2384,0.3276,0.30876,0.34644,2384,9.35361,8.35645,10.35077,2384,13.663,13.64778,13.67823,2384,171.2338,169.87689,172.59072,2384,0.36315,0.38332,0.0186,0.14896,0.02097,0.00453,0.41485,0.37039,0.17408,0.04069,0.23364,0.36074,0.40562,出张:0.65; 绕圈星星:0.43; 连续双押:0.28
config,三角交互,0.40537,0.38891,0.42183,789,0.02403,0.42183,0.41001,0.43364,789,0.59194,0.58203,0.60184,789,12.91128,12.64942,13.17314,789,12.09886,11.83739,12.36033,789,8.6339,8.4533,8.8145,789,25.65585,18.05441,33.25729,789,1.96394,1.93213,1.99576,789,0.11926,0.10695,0.13157,789,0.01417,0.01108,0.01727,789,0.04481,0.03347,0.05616,789,0.03224,0.02648,0.03799,789,0.07478,0.05641,0.09314,789,33.07224,24.03428,42.11021,789,13.87288,13.84509,13.90066,789,175.25607,173.06787,177.44427,789,0.02609,0.15013,0.12878,0.64007,0.0187,0.01673,0.23067,0.35868,0.31559,0.09506,0.18758,0.31812,0.4943,反手:0.44; 子弹:0.31; 普通交互:0.30
config,绕圈星星,0.40224,0.15093,0.65356,1211,0.03688,0.65356,0.64188,0.66524,1211,0.5325,0.52043,0.54456,1211,8.32783,8.14844,8.50722,1211,4.75723,4.62467,4.88979,1211,3.35054,3.26347,3.43762,1211,6.74628,5.18487,8.30769,1211,2.10206,2.04884,2.15528,1211,0.77136,0.75822,0.78451,1211,0.32749,0.31928,0.33571,1211,0.02488,0.01995,0.02982,1211,0.02762,0.0225,0.03273,1211,0.30884,0.2828,0.33487,1211,9.46491,7.54315,11.38666,1211,13.60859,13.58822,13.62895,1211,172.99111,171.03541,174.94682,1211,0.3751,0.4095,0.02148,0.13794,0.0076,0.0034,0.46325,0.37159,0.1346,0.03055,0.24773,0.30884,0.44344,一笔画:0.76; 出张:0.69; 连续双押:0.24
config,普通交互,0.40218,0.3647,0.43965,779,0.02372,0.43965,0.42623,0.45307,779,0.54882,0.53729,0.56035,779,12.74968,12.42395,13.0754,779,11.28626,10.95295,11.61958,779,8.09636,7.85982,8.3329,779,23.544,16.75422,30.33379,779,1.99858,1.95003,2.04712,779,0.22708,0.21055,0.2436,779,0.05058,0.04395,0.05721,779,0.04362,0.03305,0.05418,779,0.04453,0.03726,0.0518,779,0.17458,0.14791,0.20126,779,31.16945,22.93037,39.40852,779,13.79884,13.77218,13.8255,779,175.45895,173.23412,177.68378,779,0.04627,0.19517,0.02849,0.63293,0.0183,0.04924,0.26187,0.4018,0.2914,0.04493,0.1181,0.39024,0.49166,三角交互:0.36; 连续双押:0.34; 子弹:0.33
config,轴交互,0.39875,0.37353,0.42397,684,0.02083,0.42397,0.41056,0.43738,684,0.55971,0.54891,0.5705,684,12.40936,12.07828,12.74043,684,11.37865,11.0226,11.73471,684,8.29231,8.05501,8.52961,684,12.36965,9.94854,14.79076,684,1.87762,1.82419,1.93104,684,0.19227,0.1709,0.21364,684,0.05856,0.04897,0.06815,684,0.02875,0.02066,0.03684,684,0.03567,0.02835,0.04299,684,0.13889,0.11295,0.16483,684,17.20029,13.85115,20.54944,684,13.86374,13.83551,13.89198,684,180.71481,177.92299,183.50664,684,0.07372,0.22871,0.01818,0.63177,0.01047,0.01801,0.2193,0.39327,0.30702,0.08041,0.13743,0.33626,0.52632,反手:0.59; 三角交互:0.30; 跳拍:0.29
config,二连扫,0.39476,0.32322,0.4663,1531,0.04662,0.4663,0.45525,0.47734,1531,0.43188,0.41891,0.44486,1531,11.15741,10.85351,11.46132,1531,9.78511,9.48624,10.08398,1531,7.17552,6.95511,7.39592,1531,23.09229,19.07767,27.10691,1531,1.2111,1.18975,1.23245,1531,0.25857,0.24421,0.27293,1531,0.08944,0.08275,0.09612,1531,0.08166,0.07117,0.09215,1531,0.0367,0.03126,0.04214,1531,0.20314,0.18297,0.2233,1531,32.51274,26.86325,38.16223,1531,13.75278,13.73313,13.77242,1531,177.55129,176.03476,179.06781,1531,0.11959,0.40875,0.02767,0.27895,0.02198,0.10099,0.34226,0.35271,0.24755,0.05748,0.14892,0.34161,0.50947,反手:0.41; 出张:0.37; 子弹:0.25
config,出张,0.37978,0.16277,0.5968,6000,0.1827,0.5968,0.59085,0.60274,6000,0.51659,0.51055,0.52263,6000,8.4525,8.36244,8.54256,6000,5.141,5.07088,5.21112,6000,3.61353,3.56853,3.65853,6000,8.24381,7.39494,9.09268,6000,1.59698,1.57628,1.61768,6000,0.67123,0.66343,0.67902,6000,0.25039,0.24639,0.25439,6000,0.06709,0.06307,0.07112,6000,0.03804,0.03526,0.04082,6000,0.448,0.43542,0.46058,6000,12.00675,10.73467,13.27883,6000,13.63947,13.63001,13.64892,6000,173.06082,172.19501,173.92662,6000,0.27553,0.42734,0.02433,0.18547,0.00934,0.00631,0.43467,0.36817,0.166,0.03117,0.22067,0.32117,0.45617,连续双押:0.29; 子弹:0.26; 一笔画:0.26
config,如龙段,0.36873,0.21335,0.52411,20,0.00061,0.52411,0.42444,0.62379,20,0.61503,0.52962,0.70043,20,11.1,9.74431,12.45569,20,7.7,6.55272,8.84728,20,4.73646,4.10141,5.37151,20,7.03333,6.2852,7.78147,20,1.21729,1.06675,1.36783,20,0.59911,0.53627,0.66195,20,0.04084,0.01053,0.07116,20,0.00833,-0.008,0.02467,20,0.085,0.00298,0.16702,20,0.3,0.09394,0.50606,20,11.6,10.10595,13.09405,20,13.56,13.41264,13.70736,20,149.1,140.41933,157.78067,20,0.0,0.4,0.3,0.3,0.0,0.0,0.55,0.2,0.25,0.0,0.6,0.2,0.2,单双/双单:0.95; 错位:0.30; 连续双押:0.30
config,连续双押,0.36868,0.19992,0.53744,6087,0.18535,0.53744,0.53255,0.54233,6087,0.69718,0.69351,0.70086,6087,10.96156,10.87012,11.05299,6087,6.23098,6.16167,6.3003,6087,4.43823,4.39161,4.48484,6087,10.73221,9.83109,11.63332,6087,1.74214,1.72905,1.75524,6087,0.80685,0.80142,0.81229,6087,0.08071,0.07792,0.08351,6087,0.05739,0.05346,0.06132,6087,0.06809,0.06398,0.0722,6087,0.23181,0.2212,0.24241,6087,16.09003,14.57558,17.60447,6087,13.68078,13.67099,13.69057,6087,174.7438,173.96511,175.52248,6087,0.12987,0.48335,0.02395,0.31184,0.01504,0.00735,0.39018,0.368,0.207,0.03483,0.17578,0.36356,0.46065,子弹:0.41; 出张:0.32; 跳拍:0.27
config,双押纵,0.36737,0.21037,0.52437,258,0.00786,0.52437,0.49962,0.54912,258,0.72506,0.7074,0.74272,258,12.63178,12.01613,13.24744,258,6.69767,6.30478,7.09057,258,4.67023,4.42898,4.91148,258,10.02579,6.59976,13.45183,258,1.38554,1.32287,1.44822,258,0.86947,0.84871,0.89023,258,0.07574,0.06215,0.08932,258,0.07806,0.05395,0.10218,258,0.0948,0.07017,0.11942,258,0.22093,0.17021,0.27165,258,15.29845,9.04969,21.5472,258,13.76783,13.7197,13.81596,258,172.37072,167.72048,177.02096,258,0.07398,0.50213,0.09945,0.26422,0.02711,0.00571,0.27519,0.4031,0.31008,0.01163,0.22868,0.29457,0.47674,连续双押:1.00; 子弹:0.36; 出张:0.27
config,反手,0.36151,0.29229,0.43072,3056,0.09306,0.43072,0.4234,0.43804,3056,0.4396,0.43231,0.44688,3056,10.48527,10.33244,10.63811,3056,9.13187,8.9837,9.28004,3056,6.48886,6.38438,6.59335,3056,13.86306,12.0517,15.67441,3056,1.50326,1.48432,1.52219,3056,0.24615,0.23618,0.25612,3056,0.06303,0.05878,0.06729,3056,0.14684,0.13739,0.1563,3056,0.02949,0.0261,0.03288,3056,0.17408,0.16064,0.18753,3056,20.02029,17.3406,22.69998,3056,13.75245,13.73831,13.7666,3056,173.64408,172.49395,174.79421,3056,0.10926,0.22514,0.03935,0.57647,0.02343,0.01425,0.32166,0.36158,0.27062,0.04614,0.18325,0.40085,0.4159,跳拍:0.40; 子弹:0.33; 出张:0.30
config,单双/双单,0.35666,0.21988,0.49344,3258,0.09921,0.49344,0.48696,0.49993,3258,0.60322,0.59786,0.60857,3258,10.252,10.1497,10.35429,3258,6.76397,6.68167,6.84626,3258,4.8813,4.82698,4.93562,3258,10.444,9.03681,11.85118,3258,1.64537,1.62699,1.66374,3258,0.62291,0.61549,0.63033,3258,0.07804,0.07441,0.08166,3258,0.04774,0.04353,0.05194,3258,0.04042,0.03645,0.0444,3258,0.23634,0.22175,0.25093,3258,15.08257,12.95241,17.21272,3258,13.66992,13.65656,13.68328,3258,177.88546,176.78837,178.98255,3258,0.14464,0.55046,0.03493,0.23281,0.01795,0.00466,0.40301,0.35912,0.20411,0.03376,0.16329,0.32259,0.51412,连续双押:0.40; 出张:0.31; 子弹:0.29
config,2+1,0.35007,0.23673,0.46341,347,0.01057,0.46341,0.44071,0.48611,347,0.44892,0.42605,0.47179,347,9.44092,9.11325,9.76859,347,7.52161,7.19214,7.85109,347,5.25546,5.05221,5.4587,347,12.31776,7.22706,17.40845,347,1.27501,1.21429,1.33573,347,0.405,0.37549,0.43451,347,0.13304,0.1202,0.14588,347,0.04838,0.0358,0.06095,347,0.02277,0.01447,0.03108,347,0.34006,0.29014,0.38997,347,18.2219,10.7282,25.71561,347,13.67233,13.63153,13.71314,347,172.53998,168.82802,176.25193,347,0.08077,0.37768,0.12229,0.34106,0.0085,0.00301,0.36599,0.40922,0.17003,0.05476,0.25937,0.2219,0.51585,跳拍:0.47; 子弹:0.46; 出张:0.43
config,跳拍,0.34899,0.27359,0.42438,4538,0.13819,0.42438,0.41834,0.43042,4538,0.52733,0.52228,0.53238,4538,10.96562,10.87582,11.05543,4538,8.84663,8.76827,8.92498,4538,6.07375,6.02201,6.12549,4538,13.49959,12.09181,14.90736,4538,1.48934,1.47389,1.50479,4538,0.35288,0.3448,0.36097,4538,0.06688,0.06394,0.06982,4538,0.04906,0.04577,0.05236,4538,0.02085,0.01862,0.02308,4538,0.21221,0.20031,0.22411,4538,20.50264,18.33035,22.67494,4538,13.72362,13.71237,13.73488,4538,168.73615,167.80918,169.66311,4538,0.00918,0.28987,0.07952,0.58742,0.02898,0.00029,0.3561,0.37329,0.22323,0.04738,0.24416,0.36933,0.38651,子弹:0.45; 连续双押:0.32; 反手:0.29
config,侧边双押,0.34525,0.18539,0.5051,522,0.0159,0.5051,0.48722,0.52298,522,0.60021,0.58218,0.61823,522,9.99234,9.71702,10.26765,522,6.08238,5.85733,6.30742,522,4.11566,3.99185,4.23946,522,7.93234,6.37435,9.49033,522,1.66062,1.60237,1.71887,522,0.75122,0.72962,0.77281,522,0.05754,0.04871,0.06636,522,0.0987,0.07988,0.11752,522,0.06272,0.04724,0.0782,522,0.13027,0.10136,0.15917,522,12.01533,9.57237,14.45829,522,13.6113,13.58043,13.64218,522,169.86134,167.00805,172.71463,522,0.18477,0.45333,0.01639,0.2765,0.03089,0.00015,0.46552,0.33333,0.19157,0.00958,0.2433,0.40421,0.35249,连续双押:0.65; 子弹:0.33; 出张:0.31
config,N+1,0.34099,0.25415,0.42783,74,0.00225,0.42783,0.3679,0.48777,74,0.51643,0.46509,0.56777,74,10.09459,9.44447,10.74472,74,8.09459,7.56908,8.62011,74,5.64217,5.23567,6.04868,74,9.37365,8.73874,10.00856,74,1.16347,1.04311,1.28383,74,0.30729,0.23775,0.37683,74,0.08784,0.0626,0.11308,74,0.03322,0.01081,0.05563,74,0.03605,0.01263,0.05947,74,0.25676,0.15654,0.35697,74,13.74324,12.66326,14.82323,74,13.73514,13.66923,13.80105,74,168.47297,162.26881,174.67714,74,0.02714,0.27366,0.09337,0.52475,0.06757,0.0,0.24324,0.47297,0.28378,0.0,0.2027,0.37838,0.41892,子弹:0.62; 跳拍:0.58; 纵连:0.57
config,定拍,0.33299,0.23377,0.43221,161,0.0049,0.43221,0.40019,0.46424,161,0.59268,0.56593,0.61944,161,10.35404,9.78637,10.9217,161,7.1118,6.61306,7.61055,161,5.18962,4.85769,5.52155,161,7.44669,6.77154,8.12183,161,1.34503,1.23391,1.45615,161,0.58634,0.54083,0.63184,161,0.06683,0.05222,0.08145,161,0.06885,0.04478,0.09291,161,0.0394,0.02104,0.05776,161,0.21739,0.15348,0.2813,161,10.73292,9.36794,12.0979,161,13.78571,13.72048,13.85095,161,181.04969,176.06132,186.03806,161,0.30152,0.44765,0.01023,0.18377,0.04332,0.00339,0.32298,0.2795,0.3354,0.06211,0.13665,0.18634,0.67702,单双/双单:0.45; 连续双押:0.43; 出张:0.27
config,混fr,0.32998,0.30856,0.35141,8,0.00024,0.35141,0.31001,0.39281,8,0.43499,0.35698,0.513,8,12.25,11.28766,13.21234,8,8.875,8.09473,9.65527,8,6.85,6.15411,7.54589,8,12.35,11.65517,13.04483,8,1.38237,1.29857,1.46617,8,0.54808,0.46318,0.63297,8,0.0125,-0.012,0.037,8,0.025,-0.00708,0.05708,8,0.01923,-0.00544,0.04391,8,0.125,-0.12,0.37,8,16.0,16.0,16.0,8,14.2875,14.06391,14.51109,8,185.25,174.82752,195.67248,8,0.0,0.60385,0.0,0.39615,0.0,0.0,0.0,0.25,0.125,0.625,0.0,0.125,0.875,单双/双单:0.75; 跳拍:0.38; 连续双押:0.38
config,子弹,0.32215,0.23228,0.41202,5321,0.16203,0.41202,0.40626,0.41778,5321,0.51136,0.50607,0.51664,5321,9.98177,9.88351,10.08003,5321,7.43939,7.35661,7.52217,5321,5.1566,5.10553,5.20767,5321,12.91613,11.59872,14.23354,5321,1.35129,1.33773,1.36485,5321,0.43845,0.4291,0.4478,5321,0.06671,0.06403,0.06938,5321,0.07547,0.07155,0.0794,5321,0.03875,0.03574,0.04175,5321,0.18061,0.17027,0.19094,5321,19.54238,17.49865,21.58611,5321,13.70637,13.69581,13.71693,5321,172.24746,171.33433,173.1606,5321,0.0311,0.48913,0.0191,0.41901,0.02366,0.00546,0.36441,0.35989,0.2398,0.0359,0.20804,0.34805,0.4439,连续双押:0.41; 跳拍:0.40; 出张:0.31
config,3+1,0.31203,0.22179,0.40227,58,0.00177,0.40227,0.34652,0.45802,58,0.45836,0.41046,0.50627,58,8.53448,7.54391,9.52506,58,7.10345,6.2787,7.9282,58,4.92375,4.41701,5.4305,58,6.44971,5.76832,7.13111,58,1.14794,0.96047,1.3354,58,0.31246,0.24295,0.38198,58,0.11898,0.08702,0.15094,58,0.0523,0.02158,0.08301,58,0.00575,-0.00215,0.01364,58,0.12069,0.03612,0.20526,58,9.44828,8.1165,10.78005,58,13.60862,13.48316,13.73408,58,176.85057,165.51907,188.18208,58,0.125,0.70259,0.0,0.12644,0.02956,0.01149,0.41379,0.24138,0.34483,0.0,0.32759,0.32759,0.34483,纵连:0.88; 出张:0.31; 跳拍:0.21
config,长纵连,0.29914,0.25651,0.34178,165,0.00502,0.34178,0.29889,0.38467,165,0.48264,0.44615,0.51912,165,9.15152,8.51686,9.78617,165,7.81818,7.22189,8.41447,165,5.69447,5.2553,6.13364,165,8.61747,7.57767,9.65728,165,0.78119,0.61844,0.94394,165,0.25945,0.21967,0.29923,165,0.0988,0.08024,0.11737,165,0.02849,0.01369,0.0433,165,0.05377,0.02837,0.07917,165,0.38182,0.30746,0.45617,165,12.10909,10.61634,13.60184,165,13.7703,13.70834,13.83227,165,176.90303,171.95222,181.85384,165,0.18921,0.43206,0.00823,0.28606,0.04564,0.01182,0.30303,0.30303,0.38182,0.01212,0.14545,0.33939,0.51515,出张:0.23; 跳拍:0.23; 子弹:0.22
config,纵连,0.29614,0.21915,0.37314,1213,0.03694,0.37314,0.36009,0.3862,1213,0.47319,0.46252,0.48386,1213,8.88953,8.67698,9.10208,1213,7.15664,6.97592,7.33735,1213,4.86505,4.75,4.98011,1213,11.36478,8.84505,13.88452,1213,0.95931,0.9246,0.99402,1213,0.34769,0.33222,0.36316,1213,0.11833,0.11109,0.12557,1213,0.05258,0.04537,0.0598,1213,0.03626,0.02956,0.04295,1213,0.29266,0.26705,0.31828,1213,16.5878,13.16872,20.00688,1213,13.71467,13.69233,13.73702,1213,169.12664,167.108,171.14528,1213,0.11382,0.42981,0.05267,0.3498,0.02679,0.00893,0.36356,0.35202,0.25144,0.03298,0.2704,0.30173,0.42786,跳拍:0.35; 子弹:0.32; 出张:0.30
