name,simai_id,difficulty,internal_level,bpm,gt_notes,n_tasks,n_bars,total_cost,hand_hardness,alt_rate,max_same_run,cross_rate,chuzhang,chuzhang_per_slide,max_speed,scrape_pressure,scrape_per_1k,n_infeasible,n_muri,muri_绝对,muri_硬,muri_软,muri_Hold尾多押,muri_占用冲突,muri_外键,muri_多押,muri_撞尾,muri_超速,scrape_外键,scrape_换手拧巴,scrape_撞尾,scrape_路径蹭键
1022-炉心融解-mas,1022,mas,13.2,165,416,374,62,80.86,0.2162,0.7638,7,0.1952,33,0.4648,22.0,1,2.674,0,0,0,0,0,0,0,0,0,0,0,1,0,0,0
103-ウサテイ-mas,103,mas,14,190,646,646,81,127.38,0.19718,0.6695,6,0.2368,24,0.3692,25.333,2,3.096,0,0,0,0,0,0,0,0,0,0,0,0,0,2,0
104-炭★坑★節-mas,104,mas,13.3,112,356,356,45,58.74,0.165,0.7414,5,0.2051,5,0.2273,14.933,0,0.0,0,0,0,0,0,0,0,0,0,0,0,0,0,0,0
1047-人里に下ったアタイがいつの間にか社畜になっていた件-mas,1047,mas,14,180,913,862,96,149.928,0.17393,0.7039,7,0.1531,45,0.4891,26.643,2,2.32,0,2,0,2,0,2,0,0,0,0,0,0,0,2,0
1048-初音ミクの消失-mas,1048,mas,13.9,240,961,922,128,150.247,0.16296,0.796,7,0.1443,47,0.4519,96.0,0,0.0,0,4,0,4,0,2,0,0,0,0,2,0,0,0,0
105-ソーラン☆節-mas,105,mas,13.4,145,414,414,54,91.715,0.22153,0.7127,7,0.2271,17,0.3696,19.333,0,0.0,0,0,0,0,0,0,0,0,0,0,0,0,0,0,0
106-トルコ行進曲 - オワタ＼(^o^)／-mas,106,mas,13.8,120,609,609,57,93.381,0.15334,0.674,7,0.1478,6,0.3529,16.0,0,0.0,0,0,0,0,0,0,0,0,0,0,0,0,0,0,0
1069-渦状銀河のシンフォニエッタ-mas,1069,mas,14.3,238,931,862,136,172.409,0.20001,0.7896,8,0.1288,80,0.5195,31.733,0,0.0,0,0,0,0,0,0,0,0,0,0,0,0,0,0,0
111-Quartet Theme [Reborn]-mas,111,mas,13,137,502,496,69,106.08,0.21387,0.7862,4,0.3286,2,0.0571,18.267,0,0.0,0,0,0,0,0,0,0,0,0,0,0,0,0,0,0
112-Mysterious Destiny-mas,112,mas,13.3,140,372,362,64,103.43,0.28572,0.8388,4,0.3702,81,0.4378,18.667,0,0.0,0,3,0,3,0,0,0,3,0,0,0,0,0,0,0
113-Urban Crusher [Remix]-mas,113,mas,13.4,155,476,476,65,109.79,0.23065,0.5837,9,0.2353,3,0.12,20.667,0,0.0,1,2,1,1,0,1,1,0,0,0,0,0,0,0,0
1139-AFTER PANDORA-mas,1139,mas,14.2,85,576,539,33,88.31,0.16384,0.6989,8,0.1614,41,0.4271,22.667,0,0.0,0,0,0,0,0,0,0,0,0,0,0,0,0,0,0
115-Beat Of Mind-remas,115,remas,14.2,140,777,668,56,171.552,0.25681,0.7227,6,0.2006,56,0.4409,37.333,0,0.0,0,0,0,0,0,0,0,0,0,0,0,0,0,0,0
118-檄！帝国華撃団(改)-remas,118,remas,13.1,144,473,436,53,74.363,0.17056,0.7809,6,0.195,30,0.4918,24.821,0,0.0,0,0,0,0,0,0,0,0,0,0,0,0,0,0,0
119-Black Out-mas,119,mas,13.3,142,339,339,44,68.878,0.20318,0.6778,9,0.1976,19,0.5135,28.4,0,0.0,0,0,0,0,0,0,0,0,0,0,0,0,0,0,0
1199-僕は空気が嫁ない-mas,1199,mas,13.5,192,770,692,89,128.457,0.18563,0.8195,7,0.2327,44,0.3411,25.6,0,0.0,0,0,0,0,0,0,0,0,0,0,0,0,0,0,0
120-超絶！Superlative-mas,120,mas,13.2,200,448,448,83,91.72,0.20473,0.823,7,0.2567,23,0.3151,26.667,5,11.161,0,2,0,2,0,0,0,2,0,0,0,0,0,5,0
121-采配の刻 Power of order-mas,121,mas,13.2,185,512,510,80,105.93,0.20771,0.7975,5,0.2706,37,0.3895,24.667,16,31.373,0,0,0,0,0,0,0,0,0,0,0,14,0,2,0
1212-Halcyon-mas,1212,mas,14.3,191 (40-191),1080,1030,108,246.681,0.2395,0.7902,6,0.2223,51,0.4435,42.002,1,0.971,0,0,0,0,0,0,0,0,0,0,0,0,0,0,1
122-Endless World-mas,122,mas,13,142,398,398,66,96.43,0.24229,0.7105,7,0.2437,36,0.48,18.933,0,0.0,0,0,0,0,0,0,0,0,0,0,0,0,0,0,0
123-泣き虫O'clock-mas,123,mas,13.2,152,469,465,78,107.97,0.23219,0.739,10,0.2387,28,0.3636,30.4,3,6.452,0,0,0,0,0,0,0,0,0,0,0,2,1,0,0
125-Link-remas,125,remas,13.5,132,475,437,42,95.03,0.21746,0.7328,6,0.2746,38,0.4634,17.6,0,0.0,0,0,0,0,0,0,0,0,0,0,0,0,0,0,0
126-Feel My Fire-mas,126,mas,13.2,123,309,309,40,79.27,0.25654,0.6074,6,0.3042,24,0.4444,32.8,4,12.945,0,0,0,0,0,0,0,0,0,0,0,0,4,0,0
1260-Back 2 Back-mas,1260,mas,13.7,150,381,372,66,64.72,0.17398,0.8699,5,0.3091,74,0.3915,20.0,0,0.0,0,0,0,0,0,0,0,0,0,0,0,0,0,0,0
127-Night Fly-mas,127,mas,13.2,127,286,284,42,69.34,0.24415,0.7048,5,0.1479,46,0.6866,33.867,0,0.0,0,0,0,0,0,0,0,0,0,0,0,0,0,0,0
127-Night Fly-remas,127,remas,13.4,127,387,370,42,68.843,0.18606,0.6825,6,0.1946,26,0.4727,25.4,0,0.0,0,0,0,0,0,0,0,0,0,0,0,0,0,0,0
129-Sprintrances-mas,129,mas,13.3,178,353,353,55,85.95,0.24348,0.6986,6,0.2266,18,0.383,47.467,1,2.833,0,0,0,0,0,0,0,0,0,0,0,0,0,1,0
130-JUMPIN' JUMPIN'-mas,130,mas,13.3,163,591,574,78,111.2,0.19373,0.8398,4,0.1986,42,0.4516,21.733,0,0.0,1,1,1,0,0,0,1,0,0,0,0,0,0,0,0
1301-After Burner-mas,1301,mas,13.7,155,915,911,84,122.179,0.13411,0.8898,3,0.1493,29,0.3718,26.438,3,3.293,0,0,0,0,0,0,0,0,0,0,0,3,0,0,0
131-L'épilogue-mas,131,mas,13.7,145,763,755,76,143.567,0.19016,0.8405,6,0.249,19,0.3167,29.0,3,3.974,0,0,0,0,0,0,0,0,0,0,0,3,0,0,0
132-LUCIA-mas,132,mas,13.2,154,534,524,73,104.78,0.19996,0.7723,9,0.2901,31,0.4026,20.533,1,1.908,0,0,0,0,0,0,0,0,0,0,0,0,0,1,0
132-LUCIA-remas,132,remas,13.7,154,698,671,72,152.694,0.22756,0.7924,6,0.2042,30,0.625,61.504,0,0.0,6,8,6,2,0,0,6,0,0,0,2,0,0,0,0
133-BREAK YOU!!-mas,133,mas,13.7,167,772,734,90,133.67,0.18211,0.8094,6,0.252,36,0.3333,22.267,0,0.0,1,1,1,0,0,0,1,0,0,0,0,0,0,0,0
1334-Candy Tall Woman-mas,1334,mas,13.8,190,741,735,106,131.699,0.17918,0.8051,7,0.1687,49,0.6125,28.8,3,4.082,0,0,0,0,0,0,0,0,0,0,0,0,0,0,3
134-Death Scythe-mas,134,mas,13.8,182,763,761,88,165.009,0.21683,0.6717,6,0.2194,43,0.4257,24.267,8,10.512,0,0,0,0,0,0,0,0,0,0,0,2,0,6,0
134-Death Scythe-remas,134,remas,14.2,182,976,929,89,206.361,0.22213,0.7993,5,0.1701,66,0.7765,24.267,8,8.611,0,0,0,0,0,0,0,0,0,0,0,0,0,2,6
1354-GO BACK 2 YOUR RAVE-mas,1354,mas,13.9,170,999,937,96,171.367,0.18289,0.8027,5,0.1836,39,0.4021,34.0,1,1.067,0,0,0,0,0,0,0,0,0,0,0,1,0,0,0
1364-Last Brave ～ Go to zero-mas,1364,mas,13.8,132,841,801,71,142.637,0.17807,0.8028,4,0.1523,62,0.5905,35.255,0,0.0,0,0,0,0,0,0,0,0,0,0,0,0,0,0,0
1366-Life Feels Good-mas,1366,mas,13.7,180,693,690,85,128.03,0.18555,0.7449,6,0.1884,35,0.4861,24.0,4,5.797,0,2,0,2,0,0,0,0,0,2,0,0,0,4,0
1368-Limit Break-mas,1368,mas,13.4,153,755,701,73,150.67,0.21494,0.6838,8,0.1897,45,0.4839,40.8,2,2.853,0,0,0,0,0,0,0,0,0,0,0,0,0,2,0
1368-Limit Break-remas,1368,remas,13.7,153,825,776,74,158.775,0.20461,0.7621,7,0.1946,49,0.6712,30.6,0,0.0,0,0,0,0,0,0,0,0,0,0,0,0,0,0,0
1380-Paranoia-mas,1380,mas,13.6,150,818,741,82,129.94,0.17536,0.7981,5,0.2186,46,0.4182,20.0,1,1.35,0,0,0,0,0,0,0,0,0,0,0,0,0,0,1
1385-Believe the Rainbow-mas,1385,mas,13.4,133,445,375,69,94.47,0.25192,0.8014,5,0.264,79,0.399,17.733,0,0.0,0,0,0,0,0,0,0,0,0,0,0,0,0,0,0
139-魔理沙は大変なものを盗んでいきました-mas,139,mas,13.3,170,584,584,80,124.37,0.21296,0.7312,15,0.2158,36,0.5373,22.667,2,3.425,0,0,0,0,0,0,0,0,0,0,0,0,0,2,0
141-カゲロウデイズ-mas,141,mas,13.2,200,501,500,87,96.23,0.19246,0.7341,7,0.234,10,0.3333,26.667,7,14.0,0,0,0,0,0,0,0,0,0,0,0,5,0,2,0
141-カゲロウデイズ-remas,141,remas,14.1,200,876,784,88,136.95,0.17468,0.7346,11,0.0969,85,0.506,26.667,0,0.0,0,0,0,0,0,0,0,0,0,0,0,0,0,0,0
1412-華の集落、秋のお届け-mas,1412,mas,13.9,165,836,796,88,164.083,0.20613,0.8197,13,0.2035,35,0.473,27.879,0,0.0,5,5,5,0,0,0,5,0,0,0,0,0,0,0,0
142-夜咄ディセイブ-mas,142,mas,13.8,260,635,635,122,143.425,0.22587,0.7099,8,0.1669,80,0.5882,34.667,0,0.0,0,0,0,0,0,0,0,0,0,0,0,0,0,0,0
143-Crush On You-remas,143,remas,13.7,125,555,478,52,123.324,0.258,0.7821,5,0.1653,35,0.3241,33.333,4,8.368,5,24,5,19,0,19,3,0,2,0,0,4,0,0,0
1439-プリズム△▽リズム-mas,1439,mas,13.2,155,685,647,90,147.286,0.22764,0.7321,17,0.2427,39,0.3333,31.0,16,24.73,0,1,0,1,0,1,0,0,0,0,0,16,0,0,0
144-Sun Dance-remas,144,remas,14,102,535,534,42,143.357,0.26846,0.7756,7,0.279,1,0.0345,40.8,0,0.0,0,0,0,0,0,0,0,0,0,0,0,0,0,0,0
1442-ブリキノダンス-remas,1442,remas,13.4,172,,895,89,134.28,0.15003,0.8433,7,0.1397,58,0.6237,22.933,2,2.235,0,0,0,0,0,0,0,0,0,0,0,0,0,2,0
1457-KISS CANDY FLAVOR-mas,1457,mas,13.4,146,730,675,82,137.047,0.20303,0.6765,7,0.1926,59,0.5566,29.2,0,0.0,0,0,0,0,0,0,0,0,0,0,0,0,0,0,0
1473-Magical Flavor-mas,1473,mas,13.3,98,593,548,49,96.0,0.17518,0.8182,6,0.1916,24,0.3333,13.067,3,5.474,0,0,0,0,0,0,0,0,0,0,0,0,0,0,3
148-Beat of getting entangled-mas,148,mas,13.8,140,586,583,68,134.332,0.23041,0.7026,7,0.2041,24,0.5581,42.0,0,0.0,0,0,0,0,0,0,0,0,0,0,0,0,0,0,0
148-Beat of getting entangled-remas,148,remas,14.5,140,857,822,69,178.912,0.21765,0.7992,5,0.1995,32,0.4156,28.0,0,0.0,0,0,0,0,0,0,0,0,0,0,0,0,0,0,0
1482-スリップフリップ-mas,1482,mas,13.8,143,832,641,80,142.672,0.22258,0.7914,4,0.2278,72,0.377,19.067,2,3.12,0,0,0,0,0,0,0,0,0,0,0,0,0,0,2
149-Blew Moon-mas,149,mas,13.4,180,608,608,89,119.218,0.19608,0.8083,9,0.2747,5,0.1282,24.0,1,1.645,0,0,0,0,0,0,0,0,0,0,0,0,0,1,0
1497-共感覚おばけ-mas,1497,mas,13.2,184,682,680,95,125.45,0.18449,0.6938,7,0.1632,65,0.4248,24.533,2,2.941,0,0,0,0,0,0,0,0,0,0,0,0,0,2,0
150-ココロスキャンのうた-mas,150,mas,13.8,203,624,613,96,119.443,0.19485,0.6998,8,0.2333,11,0.2619,27.067,3,4.894,0,0,0,0,0,0,0,0,0,0,0,0,0,3,0
151-Rooftop Run＿ Act1-remas,151,remas,13.2,152,623,617,71,159.349,0.25826,0.8142,4,0.1507,61,0.8133,34.667,0,0.0,6,6,6,0,0,0,6,0,0,0,0,0,0,0,0
1536-このピアノでお前を8759632145回ぶん殴る-mas,1536,mas,13.4,200,967,947,112,113.554,0.11991,0.7563,5,0.0549,50,0.4132,20.0,0,0.0,0,0,0,0,0,0,0,0,0,0,0,0,0,0,0
154-放課後ストライド-mas,154,mas,13.3,225,708,678,123,164.724,0.24296,0.7515,6,0.2286,97,0.4732,30.0,2,2.95,0,0,0,0,0,0,0,0,0,0,0,0,0,0,2
156-全人類ノ非想天則-mas,156,mas,13.2,168,586,586,78,115.76,0.19754,0.7829,6,0.2218,28,0.4828,22.4,1,1.706,0,0,0,0,0,0,0,0,0,0,0,1,0,0,0
157-ローリンガール-mas,157,mas,13.2,195,543,533,92,106.36,0.19955,0.8118,4,0.2439,32,0.4051,23.454,4,7.505,0,0,0,0,0,0,0,0,0,0,0,1,1,2,0
1578-L4TS＿2018 (feat. あひる & KTA)-mas,1578,mas,13.3,190,574,513,79,94.68,0.18456,0.7953,6,0.2125,49,0.4336,25.333,0,0.0,0,0,0,0,0,0,0,0,0,0,0,0,0,0,0
1636-電車で電車でOPA!OPA!OPA! -GMT mashup--mas,1636,mas,13.8,134,572,525,65,139.18,0.2651,0.783,5,0.1867,61,0.3609,17.867,1,1.905,8,8,8,0,0,0,8,0,0,0,0,1,0,0,0
165-Burning Hearts ～炎のANGEL～-remas,165,remas,13.8,155,557,527,65,142.581,0.27055,0.7212,5,0.26,40,0.4211,26.438,4,7.59,0,0,0,0,0,0,0,0,0,0,0,0,0,4,0
166-awake-mas,166,mas,13.2,170,391,391,55,82.06,0.20987,0.6716,5,0.2046,29,0.4462,22.667,1,2.558,0,0,0,0,0,0,0,0,0,0,0,1,0,0,0
167-Terminal Storm-mas,167,mas,13.4,160,483,482,60,116.298,0.24128,0.654,5,0.2199,19,0.3958,21.333,6,12.448,0,0,0,0,0,0,0,0,0,0,0,4,0,2,0
169-Save This World νMIX-mas,169,mas,13.3,143,348,324,69,85.71,0.26454,0.7728,4,0.3765,19,0.2135,19.067,4,12.346,0,0,0,0,0,0,0,0,0,0,0,4,0,0,0
1701-しねばいいのに-mas,1701,mas,13,138,479,474,65,111.04,0.23426,0.8566,5,0.1414,29,0.4462,18.4,0,0.0,0,0,0,0,0,0,0,0,0,0,0,0,0,0,0
172-円舞曲、君に-mas,172,mas,13.3,128,394,394,56,82.01,0.20815,0.7289,8,0.2234,20,0.4167,25.6,1,2.538,0,0,0,0,0,0,0,0,0,0,0,1,0,0,0
1732-おても☆Yan-mas,1732,mas,13,90,529,528,42,100.201,0.18977,0.7369,6,0.1705,5,0.3846,18.0,0,0.0,0,0,0,0,0,0,0,0,0,0,0,0,0,0,0
1733-Garden Of The Dragon-mas,1733,mas,13.5,120,676,644,52,129.217,0.20065,0.8308,9,0.1366,34,0.5075,32.0,0,0.0,0,0,0,0,0,0,0,0,0,0,0,0,0,0,0
1785-ドクハク-mas,1785,mas,13.4,208,641,641,109,94.61,0.1476,0.8102,5,0.1544,19,0.2065,27.733,0,0.0,0,0,0,0,0,0,0,0,0,0,0,0,0,0,0
1787-ユビキリ-mas,1787,mas,13.3,174,642,591,84,121.74,0.20599,0.7861,5,0.2149,71,0.3641,23.2,7,11.844,0,0,0,0,0,0,0,0,0,0,0,5,0,2,0
1789-咲キ誇レ常世ノ華-mas,1789,mas,13.5,170-210(170),804,745,107,153.942,0.20663,0.8444,5,0.2268,63,0.4286,28.0,1,1.342,0,0,0,0,0,0,0,0,0,0,0,0,0,0,1
1793-デッドレッドガールズ-mas,1793,mas,13.8,230,917,876,126,175.512,0.20036,0.7785,4,0.1084,87,0.6397,30.667,0,0.0,1,1,1,0,0,0,1,0,0,0,0,0,0,0,0
1823-キレキャリオン-mas,1823,mas,13.1,170,715,675,85,131.43,0.19471,0.7848,5,0.2059,37,0.4205,22.667,3,4.444,0,0,0,0,0,0,0,0,0,0,0,0,0,1,2
1826-どういうことなの！？-mas,1826,mas,13.4,175,594,594,84,111.11,0.18705,0.7112,6,0.2155,19,0.2754,23.333,0,0.0,0,0,0,0,0,0,0,0,0,0,0,0,0,0,0
1836-曖昧mind-mas,1836,mas,13.4,135,709,674,67,145.177,0.2154,0.8442,4,0.1929,40,0.4211,40.5,0,0.0,0,0,0,0,0,0,0,0,0,0,0,0,0,0,0
1839-オモイヨシノ-mas,1839,mas,13.3,168,675,634,91,124.1,0.19574,0.7703,8,0.1909,35,0.3365,28.306,2,3.155,0,0,0,0,0,0,0,0,0,0,0,0,0,0,2
203-Garakuta Doll Play-mas,203,mas,14.2,256,877,856,129,183.74,0.21465,0.758,7,0.0993,83,0.6194,34.133,0,0.0,0,0,0,0,0,0,0,0,0,0,0,0,0,0,0
204-System “Z”-mas,204,mas,14.4,147,777,758,65,212.482,0.28032,0.8121,5,0.2164,46,0.3594,39.2,0,0.0,6,6,6,0,0,0,6,0,0,0,0,0,0,0,0
204-System “Z”-remas,204,remas,14.2,147,753,727,65,212.307,0.29203,0.7346,5,0.1431,58,0.4462,39.2,0,0.0,12,12,12,0,0,0,12,0,0,0,0,0,0,0,0
205-セガサターン起動音[H.][Remix]-mas,205,mas,13,148,368,368,45,154.51,0.41986,0.764,4,0.2147,33,0.4583,19.733,0,0.0,14,14,14,0,0,0,14,0,0,0,0,0,0,0,0
207-裏表ラバーズ-mas,207,mas,13.9,159,651,640,71,152.895,0.2389,0.8225,6,0.2812,38,0.4634,59.88,3,4.688,2,2,2,0,0,0,2,0,0,0,0,2,0,1,0
208-ぽっぴっぽー-mas,208,mas,13.3,150,507,507,61,100.12,0.19748,0.6734,6,0.2091,20,0.5405,20.0,0,0.0,0,0,0,0,0,0,0,0,0,0,0,0,0,0,0
217-DADDY MULK -Groove remix--mas,217,mas,13.8,154,785,773,76,114.026,0.14751,0.8382,4,0.1953,13,0.3421,20.533,3,3.881,0,0,0,0,0,0,0,0,0,0,0,2,0,1,0
217-DADDY MULK -Groove remix--remas,217,remas,13.8,154,901,854,77,155.957,0.18262,0.7275,9,0.2201,18,0.2647,20.533,2,2.342,0,0,0,0,0,0,0,0,0,0,0,2,0,0,0
226-Nyan Cat EX-mas,226,mas,13.8,150,710,700,59,62.035,0.08862,0.9205,4,0.0571,14,0.35,40.0,0,0.0,0,0,0,0,0,0,0,0,0,0,0,0,0,0,0
227-セツナトリップ-mas,227,mas,13.3,145,673,667,66,116.67,0.17492,0.8577,5,0.2144,22,0.4074,19.333,0,0.0,0,3,2,1,0,0,0,0,0,3,0,0,0,0,0
235-天ノ弱-mas,235,mas,13.3,200,588,551,101,123.367,0.2239,0.8434,6,0.2632,59,0.4307,27.333,4,7.26,0,0,0,0,0,0,0,0,0,0,0,0,0,4,0
241-コトバ・カラフル-mas,241,mas,13.7,169,575,571,59,89.8,0.15727,0.8154,6,0.2662,13,0.2453,22.533,1,1.751,0,0,0,0,0,0,0,0,0,0,0,0,0,1,0
243-sweet little sister-mas,243,mas,13.4,168,617,607,87,118.474,0.19518,0.7933,5,0.1928,34,0.3579,24.8,1,1.647,0,0,0,0,0,0,0,0,0,0,0,0,0,1,0
256-MYTHOS-mas,256,mas,14.4,158,735,725,68,139.249,0.19207,0.8777,4,0.2,33,0.4125,31.6,1,1.379,0,0,0,0,0,0,0,0,0,0,0,0,0,1,0
257-キズナの物語-mas,257,mas,13.2,128,356,321,62,81.83,0.25492,0.6982,9,0.2679,50,0.3571,17.067,0,0.0,0,0,0,0,0,0,0,0,0,0,0,0,0,0,0
258-CYCLES-mas,258,mas,13.3,135,496,429,65,89.59,0.20883,0.8999,4,0.3893,48,0.2212,18.0,0,0.0,0,0,0,0,0,0,0,0,0,0,0,0,0,0,0
278-幻想のサテライト-mas,278,mas,14.1,230,850,809,120,123.04,0.15209,0.8447,6,0.1953,59,0.3491,30.667,2,2.472,0,0,0,0,0,0,0,0,0,0,0,0,0,0,2
285-Jack-the-Ripper◆-mas,285,mas,14.1,210,933,883,126,151.431,0.1715,0.8229,8,0.1427,43,0.4574,28.0,8,9.06,0,0,0,0,0,0,0,0,0,0,0,8,0,0,0
290-B.B.K.K.B.K.K-mas,290,mas,14,170,904,884,88,163.402,0.18484,0.8295,5,0.1968,46,0.3966,34.0,8,9.05,0,0,0,0,0,0,0,0,0,0,0,0,0,8,0
292-FUJIN Rumble-mas,292,mas,14.5,192,1000,1000,87,151.636,0.15164,0.8832,4,0.125,3,0.6,38.4,0,0.0,0,0,0,0,0,0,0,0,0,0,0,0,0,0,0
302-Ignis Danse-mas,302,mas,14.5,246,999,990,120,234.011,0.23638,0.8946,5,0.1919,55,0.5288,32.8,0,0.0,0,0,0,0,0,0,0,0,0,0,0,0,0,0,0
311-Caliburne ～Story of the Legendary sword～-mas,311,mas,14.3,190,956,825,105,179.985,0.21816,0.8031,4,0.1467,111,0.5337,33.778,1,1.212,2,2,2,0,0,0,2,0,0,0,0,0,0,1,0
312-Outlaw's Lullaby-mas,312,mas,14,145,694,686,63,136.006,0.19826,0.8548,6,0.1953,7,0.1667,24.969,0,0.0,0,0,0,0,0,0,0,0,0,0,0,0,0,0,0
314-FLOWER-mas,314,mas,13.9,173,812,793,81,170.248,0.21469,0.8296,10,0.1879,23,0.2949,34.6,2,2.522,0,0,0,0,0,0,0,0,0,0,0,2,0,0,0
314-FLOWER-remas,314,remas,14.2,173,961,930,83,224.804,0.24173,0.8297,9,0.1828,21,0.3962,38.683,4,4.301,0,0,0,0,0,0,0,0,0,0,0,4,0,0,0
315-DRAGONLADY-mas,315,mas,13.9,150,642,641,53,79.17,0.12351,0.8145,7,0.0952,6,0.3158,20.0,0,0.0,0,0,0,0,0,0,0,0,0,0,0,0,0,0,0
316-Got more raves？-mas,316,mas,14.1,266,902,902,132,169.17,0.18755,0.8854,5,0.1796,51,0.6296,35.467,0,0.0,0,0,0,0,0,0,0,0,0,0,0,0,0,0,0
317-Windy Hill -Zone 1-mas,317,mas,13.4,194,741,729,97,80.528,0.11046,0.7536,13,0.0658,6,0.24,25.867,0,0.0,0,0,0,0,0,0,0,0,0,0,0,0,0,0,0
318-Scars of FAUNA-mas,318,mas,13.8,165,777,739,79,134.073,0.18142,0.7833,8,0.1299,33,0.3587,44.0,5,6.766,0,0,0,0,0,0,0,0,0,0,0,2,0,3,0
319-きたさいたま2000-mas,319,mas,14.2,222,840,806,108,133.184,0.16524,0.7872,7,0.1117,33,0.3708,26.344,0,0.0,0,1,0,1,0,0,0,1,0,0,0,0,0,0,0
323-Cosmic Magic Shooter-mas,323,mas,13.9,163,763,654,72,130.239,0.19914,0.8185,6,0.1498,57,0.4254,43.467,3,4.587,0,0,0,0,0,0,0,0,0,0,0,0,0,3,0
325-ロストワンの号哭-mas,325,mas,13.6,162,946,919,87,169.204,0.18412,0.8648,5,0.235,20,0.2941,43.2,2,2.176,0,0,0,0,0,0,0,0,0,0,0,0,0,0,2
325-ロストワンの号哭-remas,325,remas,14.2,162,946,896,87,215.079,0.24004,0.7817,6,0.2076,64,0.3951,43.2,23,25.67,0,0,0,0,0,0,0,0,0,0,0,2,0,21,0
326-ケロ⑨destiny-mas,326,mas,13,172,622,613,83,104.37,0.17026,0.7567,5,0.1664,29,0.4677,22.933,0,0.0,0,0,0,0,0,0,0,0,0,0,0,0,0,0,0
327-L9-mas,327,mas,13.7,256,835,824,126,125.992,0.1529,0.8859,8,0.193,43,0.3772,33.6,0,0.0,0,0,0,0,0,0,0,0,0,0,0,0,0,0,0
33-Reach For The Stars-mas,33,mas,13.9,203,549,535,67,74.77,0.13976,0.7646,8,0.1178,9,0.18,27.067,0,0.0,0,0,0,0,0,0,0,0,0,0,0,0,0,0,0
330-二息歩行-mas,330,mas,13.3,180,542,532,79,113.62,0.21357,0.754,6,0.188,39,0.4239,24.0,3,5.639,1,2,1,1,0,1,1,0,0,0,0,0,0,3,0
336-ウミユリ海底譚-mas,336,mas,13.4,120,759,713,66,115.22,0.1616,0.8041,5,0.1164,43,0.5658,16.0,0,0.0,0,0,0,0,0,0,0,0,0,0,0,0,0,0,0
337-クローバー♣クラブ-mas,337,mas,13.3,150,569,559,80,99.0,0.1771,0.8026,8,0.2236,35,0.2397,20.0,0,0.0,0,0,0,0,0,0,0,0,0,0,0,0,0,0,0
34-Like the Wind [Reborn]-mas,34,mas,14,200,679,677,87,152.724,0.22559,0.7085,7,0.1965,26,0.3714,26.667,4,5.908,0,1,0,1,0,0,0,1,0,0,0,0,0,4,0
345-Oshama Scramble!-mas,345,mas,14.5,190,1111,1047,93,226.626,0.21645,0.7939,8,0.1471,26,0.3824,38.0,1,0.955,0,0,0,0,0,0,0,0,0,0,0,0,0,1,0
349-どうしてこうなった-mas,349,mas,13.7,180,934,925,99,143.42,0.15505,0.83,6,0.1838,29,0.3452,24.0,4,4.324,0,0,0,0,0,0,0,0,0,0,0,0,0,2,2
35-Lionheart-mas,35,mas,13.4,132,464,464,44,79.65,0.17166,0.5909,8,0.1078,26,0.4262,26.4,0,0.0,0,0,0,0,0,0,0,0,0,0,0,0,0,0,0
350-キャプテン・ムラサのケツアンカー-mas,350,mas,13.4,190,573,560,67,95.15,0.16991,0.8169,5,0.1679,50,0.5376,25.333,2,3.571,0,0,0,0,0,0,0,0,0,0,0,0,0,2,0
352-鼓動-mas,352,mas,13.3,121,436,412,46,79.635,0.19329,0.7592,10,0.2039,23,0.3067,16.133,0,0.0,0,0,0,0,0,0,0,0,0,0,0,0,0,0,0
354-待チ人ハ来ズ。-mas,354,mas,13.2,160,693,692,84,106.08,0.15329,0.8123,6,0.159,38,0.4524,21.333,2,2.89,0,0,0,0,0,0,0,0,0,0,0,0,0,2,0
357-Aiolos-mas,357,mas,14.3,205,1100,1076,105,201.856,0.1876,0.8048,8,0.1766,25,0.4098,41.0,0,0.0,0,2,0,2,0,0,0,2,0,0,0,0,0,0,0
369-LANCE-mas,369,mas,13.8,156,855,811,80,161.584,0.19924,0.7591,7,0.1813,46,0.422,41.6,10,12.33,0,1,1,0,0,0,0,0,0,1,0,4,0,6,0
37-千本桜-mas,37,mas,13.4,154,637,633,69,116.239,0.18363,0.8051,5,0.2543,15,0.3333,20.533,3,4.739,0,0,0,0,0,0,0,0,0,0,0,0,0,3,0
371-Axeria-mas,371,mas,14.5,193,888,801,87,222.245,0.27746,0.7624,5,0.1323,67,0.5038,38.6,15,18.727,12,29,12,17,0,17,11,0,1,0,0,1,0,12,2
373-緋色のDance-mas,373,mas,13.3,155,598,584,65,103.44,0.17712,0.7706,5,0.1592,27,0.4655,31.0,4,6.849,0,0,0,0,0,0,0,0,0,0,0,4,0,0,0
373-緋色のDance-remas,373,remas,13.7,155,484,412,64,103.44,0.25107,0.8943,3,0.2791,80,0.3493,20.667,0,0.0,0,0,0,0,0,0,0,0,0,0,0,0,0,0,0
374-Party 4U ”holy nite mix”-mas,374,mas,13.7,159,695,650,59,118.93,0.18297,0.7704,10,0.1446,30,0.375,21.2,0,0.0,1,1,1,0,0,0,1,0,0,0,0,0,0,0,0
375-7thSense-mas,375,mas,14.4,150,859,825,78,186.883,0.22653,0.7947,7,0.1661,41,0.4457,45.0,4,4.848,0,0,0,0,0,0,0,0,0,0,0,0,0,3,1
376-Live & Learn-mas,376,mas,13.3,172,660,620,74,94.05,0.15169,0.8321,4,0.1194,10,0.1613,22.933,4,6.452,0,0,0,0,0,0,0,0,0,0,0,0,0,4,0
378-METATRON-mas,378,mas,14.1,190,925,889,88,141.738,0.15943,0.8341,8,0.144,34,0.425,25.333,0,0.0,0,0,0,0,0,0,0,0,0,0,0,0,0,0,0
379-Contrapasso -paradiso--mas,379,mas,14.4,243,1024,945,124,212.092,0.22444,0.7649,6,0.1005,108,0.5427,97.2,3,3.175,0,1,0,1,0,0,0,0,0,0,1,0,0,0,3
38-JACKY [Remix]-mas,38,mas,13.7,135,386,381,49,100.564,0.26395,0.7622,9,0.1942,54,0.7397,36.0,0,0.0,0,0,0,0,0,0,0,0,0,0,0,0,0,0,0
38-JACKY [Remix]-remas,38,remas,14,135,546,520,49,122.523,0.23562,0.6975,8,0.1577,45,0.7627,27.0,0,0.0,0,0,0,0,0,0,0,0,0,0,0,0,0,0,0
380-儚きもの人間-mas,380,mas,13.8,180,902,823,85,137.434,0.16699,0.8251,6,0.1434,48,0.4286,48.0,13,15.796,1,1,1,0,0,0,0,0,1,0,0,0,0,6,7
382-Nitrous Fury-mas,382,mas,14,144,752,752,63,112.379,0.14944,0.7334,5,0.1436,0,0.0,28.8,0,0.0,0,0,0,0,0,0,0,0,0,0,0,0,0,0,0
390-四月の雨-mas,390,mas,13.9,79,634,622,40,136.268,0.21908,0.6826,23,0.1913,64,0.3975,21.067,0,0.0,0,0,0,0,0,0,0,0,0,0,0,0,0,0,0
393-Panopticon-mas,393,mas,14.4,110,900,843,58,203.031,0.24084,0.7408,7,0.1969,40,0.2963,29.333,0,0.0,0,4,0,4,0,0,0,4,0,0,0,0,0,0,0
393-Panopticon-remas,393,remas,14.3,110,909,813,58,200.116,0.24614,0.653,9,0.155,41,0.3832,58.667,0,0.0,0,0,0,0,0,0,0,0,0,0,0,0,0,0,0
397-夢花火-mas,397,mas,13.7,186,943,887,103,178.357,0.20108,0.8115,5,0.1939,64,0.4923,37.2,0,0.0,0,0,0,0,0,0,0,0,0,0,0,0,0,0,0
399-Maxi-mas,399,mas,14,180,914,880,84,169.349,0.19244,0.8074,10,0.208,38,0.5067,24.0,2,2.273,0,0,0,0,0,0,0,0,0,0,0,2,0,0,0
400-ECHO-mas,400,mas,13.5,140,768,671,74,149.82,0.22328,0.7676,5,0.225,28,0.2276,18.667,0,0.0,0,0,0,0,0,0,0,0,0,0,0,0,0,0,0
401-Selector-mas,401,mas,13.8,148,718,545,77,115.99,0.21283,0.8031,5,0.3523,50,0.2128,19.733,0,0.0,0,0,0,0,0,0,0,0,0,0,0,0,0,0,0
"402-Endless, Sleepless Night-mas",402,mas,13.3,165,684,679,81,116.8,0.17202,0.8546,3,0.215,30,0.3297,22.0,0,0.0,0,0,0,0,0,0,0,0,0,0,0,0,0,0,0
403-最終鬼畜妹・一部声-mas,403,mas,13.9,200,841,757,105,111.737,0.14761,0.8503,6,0.1836,19,0.1159,26.667,0,0.0,0,0,0,0,0,0,0,0,0,0,0,0,0,0,0
404-四次元跳躍機関-mas,404,mas,13.4,135,636,609,64,118.025,0.1938,0.7691,11,0.2167,26,0.6047,18.0,0,0.0,0,0,0,0,0,0,0,0,0,0,0,0,0,0,0
405-東方スイーツ！～鬼畜姉妹と受難メイド～-mas,405,mas,13.2,179,552,516,76,100.336,0.19445,0.8228,6,0.1977,33,0.3204,35.8,3,5.814,0,0,0,0,0,0,0,0,0,0,0,3,0,0,0
407-響縁-mas,407,mas,13,180,674,650,89,142.89,0.21983,0.6789,6,0.1938,64,0.512,24.0,0,0.0,0,0,0,0,0,0,0,0,0,0,0,0,0,0,0
41-Streak-mas,41,mas,13.7,150,332,328,48,63.62,0.19396,0.7998,8,0.253,31,0.4366,20.0,0,0.0,0,0,0,0,0,0,0,0,0,0,0,0,0,0,0
411-Still-mas,411,mas,13.4,176,793,738,101,142.79,0.19348,0.7499,5,0.1165,72,0.5414,23.467,2,2.71,0,0,0,0,0,0,0,0,0,0,0,0,0,1,1
413-TRUST-mas,413,mas,13.1,190,729,665,94,125.88,0.18929,0.7587,6,0.197,47,0.5165,25.333,1,1.504,0,0,0,0,0,0,0,0,0,0,0,0,0,0,1
419-エピクロスの虹はもう見えない-remas,419,remas,13.2,155,444,409,70,118.13,0.28883,0.8282,4,0.3985,30,0.3191,20.667,0,0.0,0,0,0,0,0,0,0,0,0,0,0,0,0,0,0
420-麒麟-mas,420,mas,14.1,220,837,745,108,143.664,0.19284,0.8802,4,0.2121,64,0.4414,29.333,0,0.0,0,0,0,0,0,0,0,0,0,0,0,0,0,0,0
422-Hyper Active-mas,422,mas,13.9,160,1064,1044,90,229.668,0.21999,0.86,4,0.1925,58,0.5524,36.215,0,0.0,0,1,0,1,0,1,0,0,0,0,0,0,0,0,0
423-チュルリラ・チュルリラ・ダッダッダ！-mas,423,mas,13.3,220,840,840,120,184.539,0.21969,0.7729,16,0.231,62,0.3669,29.333,0,0.0,0,0,0,0,0,0,0,0,0,0,0,0,0,0,0
424-エンドマークに希望と涙を添えて-mas,424,mas,14.3,257,1105,1045,143,243.749,0.23325,0.7397,11,0.1646,75,0.5474,34.267,0,0.0,0,0,0,0,0,0,0,0,0,0,0,0,0,0,0
425-デスパレイト-mas,425,mas,13.9,145,685,630,71,134.579,0.21362,0.7797,6,0.2317,44,0.3894,38.667,2,3.175,0,0,0,0,0,0,0,0,0,0,0,0,0,0,2
431-猫祭り-mas,431,mas,13.4,160,785,667,93,126.68,0.18993,0.7401,4,0.1394,74,0.3915,21.333,8,11.994,0,0,0,0,0,0,0,0,0,0,0,0,0,5,3
432-Doll Judgment-mas,432,mas,13.8,230,896,882,132,133.226,0.15105,0.8746,5,0.1689,46,0.4,30.667,0,0.0,0,0,0,0,0,0,0,0,0,0,0,0,0,0,0
434-日本の米は世界一-mas,434,mas,13.3,138,706,617,62,126.96,0.20577,0.8048,4,0.2431,44,0.4,18.4,0,0.0,0,0,0,0,0,0,0,0,0,0,0,0,0,0,0
436-疾走あんさんぶる-mas,436,mas,13.7,195,890,854,103,153.814,0.18011,0.7667,6,0.1792,61,0.5922,26.0,0,0.0,0,0,0,0,0,0,0,0,0,0,0,0,0,0,0
439-SPILL OVER COLORS-mas,439,mas,13.3,142,832,696,77,156.803,0.22529,0.8003,5,0.2644,39,0.26,18.933,0,0.0,0,0,0,0,0,0,0,0,0,0,0,0,0,0,0
44-DO RORO DERODERO ON DO RORO-mas,44,mas,13.7,190,515,515,78,98.92,0.19208,0.8688,7,0.2447,18,0.5455,25.333,1,1.942,0,0,0,0,0,0,0,0,0,0,0,0,0,1,0
440-Mare Maris-mas,440,mas,13.9,150,856,806,79,181.048,0.22463,0.7536,7,0.1849,34,0.4096,34.276,8,9.926,0,0,0,0,0,0,0,0,0,0,0,8,0,0,0
441-Justified-mas,441,mas,14,185,872,786,96,161.458,0.20542,0.7842,8,0.1654,66,0.5077,24.667,4,5.089,0,0,0,0,0,0,0,0,0,0,0,0,0,2,2
442-バッド・ダンス・ホール-mas,442,mas,13.4,152,797,770,81,158.802,0.20624,0.8119,6,0.1532,58,0.5088,40.533,4,5.195,0,0,0,0,0,0,0,0,0,0,0,0,0,4,0
443-FEEL the BEATS-mas,443,mas,13.6,166,931,872,88,162.411,0.18625,0.8577,4,0.2202,59,0.6782,22.133,3,3.44,0,0,0,0,0,0,0,0,0,0,0,0,0,3,0
443-FEEL the BEATS-remas,443,remas,13.9,166,1000,938,86,213.832,0.22797,0.8271,29,0.2495,40,0.4494,22.168,0,0.0,0,2,0,2,0,2,0,0,0,0,0,0,0,0,0
445-アウターサイエンス-mas,445,mas,13.3,195,721,696,99,126.34,0.18152,0.6503,9,0.1078,63,0.4468,26.0,3,4.31,0,0,0,0,0,0,0,0,0,0,0,0,0,3,0
449-AMAZING MIGHTYYYY!!!!-remas,449,remas,14.5,185,1139,1098,97,242.436,0.2208,0.8307,8,0.1594,55,0.3691,49.333,4,3.643,0,0,0,0,0,0,0,0,0,0,0,0,0,4,0
450-ダンスロボットダンス-mas,450,mas,13.3,190,826,770,111,139.88,0.18166,0.769,6,0.1831,78,0.3482,25.333,2,2.597,0,0,0,0,0,0,0,0,0,0,0,0,0,2,0
451-World Vanquisher-mas,451,mas,14.3,170,1072,1015,100,247.551,0.24389,0.78,5,0.1901,69,0.6273,34.0,1,0.985,0,0,0,0,0,0,0,0,0,0,0,0,0,1,0
454-FestivaLight-mas,454,mas,13.4,125,592,556,57,106.02,0.19068,0.7168,4,0.241,36,0.4045,22.637,0,0.0,0,0,0,0,0,0,0,0,0,0,0,0,0,0,0
458-妄想感傷代償連盟-remas,458,remas,13.2,110,725,685,63,112.0,0.1635,0.734,7,0.0978,31,0.3039,22.0,0,0.0,0,0,0,0,0,0,0,0,0,0,0,0,0,0,0
459-Seyana. ～何でも言うことを聞いてくれるアカネチャン～-mas,459,mas,13.3,144,668,658,70,133.819,0.20337,0.8461,5,0.2447,30,0.4615,19.2,0,0.0,0,0,0,0,0,0,0,0,0,0,0,0,0,0,0
46-We Gonna Party-mas,46,mas,13.7,159,445,445,50,111.464,0.25048,0.8447,5,0.3124,17,0.3333,31.8,4,8.989,0,0,0,0,0,0,0,0,0,0,0,2,0,2,0
463-進め！イッスン軍団 -Rebellion of the Dwarfs--mas,463,mas,13.7,172,596,575,83,89.431,0.15553,0.875,4,0.1183,45,0.5,22.933,5,8.696,0,0,0,0,0,0,0,0,0,0,0,0,0,4,1
464-Brain Power-mas,464,mas,13.4,170-173(170),663,638,75,123.436,0.19347,0.7321,11,0.1708,49,0.7,23.067,9,14.107,1,1,1,0,0,0,1,0,0,0,0,0,0,9,0
466-Lividi-mas,466,mas,14.1,191,983,909,88,199.245,0.21919,0.8693,5,0.1936,58,0.58,25.467,3,3.3,0,0,0,0,0,0,0,0,0,0,0,0,0,3,0
467-天火明命-mas,467,mas,14,155,963,911,86,200.491,0.22008,0.7687,6,0.2031,36,0.3429,41.333,5,5.488,0,0,0,0,0,0,0,0,0,0,0,1,0,4,0
468-ねぇ、壊れタ人形ハ何処へ棄テらレるノ？-mas,468,mas,14.5,188,1043,1008,97,219.281,0.21754,0.7869,6,0.1746,39,0.527,37.6,0,0.0,0,2,0,2,0,2,0,0,0,0,0,0,0,0,0
469-keep hopping-mas,469,mas,13.9,155,888,847,83,157.391,0.18582,0.8308,5,0.1747,32,0.5,20.667,0,0.0,0,0,0,0,0,0,0,0,0,0,0,0,0,0,0
47-Acceleration-mas,47,mas,13.4,180,464,464,59,97.19,0.20946,0.6344,7,0.222,9,0.3214,24.0,0,0.0,0,0,0,0,0,0,0,0,0,0,0,0,0,0,0
470-インビジブル-remas,470,remas,13.7,192,939,908,102,150.226,0.16545,0.78,10,0.1564,49,0.5,25.6,7,7.709,0,0,0,0,0,0,0,0,0,0,0,0,0,3,4
471-初音ミクの激唱-mas,471,mas,14.5,200,834,805,114,135.557,0.16839,0.8893,5,0.2075,33,0.5077,26.667,0,0.0,0,0,0,0,0,0,0,0,0,0,0,0,0,0,0
473-CITRUS MONSTER-mas,473,mas,14.5,220,1032,981,104,182.182,0.18571,0.812,7,0.1315,63,0.525,47.124,12,12.232,0,1,0,1,0,0,0,0,0,1,0,0,3,0,9
475-STAIRWAY TO GENERATION-mas,475,mas,13.7,150,684,682,71,161.838,0.2373,0.7419,11,0.2199,10,0.4348,34.276,0,0.0,0,0,0,0,0,0,0,0,0,0,0,0,0,0,0
477-Ragnarok-mas,477,mas,14.1,184,826,782,83,176.158,0.22527,0.7556,5,0.2059,23,0.3286,40.724,1,1.279,0,2,0,2,0,2,0,0,0,0,0,0,0,1,0
478-Xevel-mas,478,mas,14.3,176-185 (176),1169,1120,95,215.661,0.19255,0.8342,5,0.1196,60,0.5607,24.667,1,0.893,0,0,0,0,0,0,0,0,0,0,0,0,0,1,0
479-ARROW-mas,479,mas,13.3,131,657,633,68,116.967,0.18478,0.7841,9,0.2275,10,0.1786,22.865,0,0.0,0,0,0,0,0,0,0,0,0,0,0,0,0,0,0
48-air's gravity-mas,48,mas,13.3,137,397,397,43,64.453,0.16235,0.7051,9,0.1587,0,0.0,18.267,0,0.0,0,0,0,0,0,0,0,0,0,0,0,0,0,0,0
48-air's gravity-remas,48,remas,13.7,137,492,480,43,112.83,0.23506,0.6972,9,0.1958,25,0.641,27.4,0,0.0,0,0,0,0,0,0,0,0,0,0,0,0,0,0,0
480-サドマミホリック-remas,480,remas,13.3,200,977,887,104,161.69,0.18229,0.7837,6,0.1669,82,0.5857,26.667,0,0.0,0,0,0,0,0,0,0,0,0,0,0,0,0,0,0
481-アマノジャクリバース feat. ｙｔｒ-mas,481,mas,13.9,160,777,716,79,124.85,0.17437,0.6968,20,0.1676,25,0.2841,21.333,4,5.587,0,0,0,0,0,0,0,0,0,0,0,0,0,4,0
483-ULTRA B+K-mas,483,mas,13.9,175,845,805,89,200.684,0.2493,0.7496,9,0.2398,58,0.464,39.057,0,0.0,0,0,0,0,0,0,0,0,0,0,0,0,0,0,0
485-花と、雪と、ドラムンベース。-mas,485,mas,14.3,180,876,811,96,178.391,0.21996,0.7245,8,0.1874,41,0.3694,36.0,3,3.699,0,0,0,0,0,0,0,0,0,0,0,3,0,0,0
485-花と、雪と、ドラムンベース。-remas,485,remas,13.8,180,398,383,89,81.15,0.21188,0.6773,8,0.1384,30,0.3061,18.0,3,7.833,0,0,0,0,0,0,0,0,0,0,0,0,0,1,2
489-My First Phone-mas,489,mas,13.8,114,532,508,65,120.38,0.23697,0.7154,22,0.2736,55,0.3235,20.818,1,1.969,0,0,0,0,0,0,0,0,0,0,0,0,1,0,0
49-Fragrance-mas,49,mas,14.2,180,655,655,57,73.832,0.11272,0.9055,5,0.1069,2,1.0,36.0,0,0.0,0,0,0,0,0,0,0,0,0,0,0,0,0,0,0
491-極圏-mas,491,mas,14.4,207,979,903,96,203.763,0.22565,0.7679,7,0.206,46,0.4842,82.8,0,0.0,0,1,0,1,0,0,0,0,0,0,1,0,0,0,0
492-Scarlet Lance-mas,492,mas,14.2,185,1036,1003,96,205.05,0.20444,0.7456,9,0.1834,34,0.5152,69.881,1,0.997,0,0,0,0,0,0,0,0,0,0,0,1,0,0,0
493-セイクリッド ルイン-mas,493,mas,13.9,186,971,860,101,160.08,0.18614,0.7829,7,0.1884,47,0.3133,24.8,2,2.326,0,0,0,0,0,0,0,0,0,0,0,0,0,0,2
494-Schwarzschild-mas,494,mas,14.3,188,898,862,88,123.86,0.14369,0.7281,11,0.1206,27,0.551,50.133,6,6.961,0,0,0,0,0,0,0,0,0,0,0,0,0,6,0
50-FEEL ALIVE-mas,50,mas,13.7,162,469,469,53,97.833,0.2086,0.6968,8,0.2281,17,0.4722,32.4,4,8.529,1,1,1,0,0,0,1,0,0,0,0,1,0,3,0
500-Alea jacta est!-mas,500,mas,14.4,162,1010,964,86,209.743,0.21758,0.7935,7,0.2189,27,0.3462,86.4,1,1.037,0,0,0,0,0,0,0,0,0,0,0,0,0,1,0
501-B.M.S-mas,501,mas,14.2,200,853,834,77,156.197,0.18729,0.7522,9,0.0971,17,0.3333,32.715,0,0.0,0,0,0,0,0,0,0,0,0,0,0,0,0,0,0
503-FFT-mas,503,mas,14,180,849,759,92,162.742,0.21442,0.7577,8,0.1436,80,0.4734,36.0,3,3.953,3,5,3,2,0,2,3,0,0,0,0,1,0,2,0
503-FFT-remas,503,remas,14.5,180,947,874,92,204.361,0.23382,0.7836,16,0.1728,60,0.3896,48.0,10,11.442,2,2,2,0,0,0,2,0,0,0,0,2,0,8,0
505-Ultranova-mas,505,mas,14,156,895,866,73,232.612,0.2686,0.6504,9,0.1986,30,0.5769,31.2,4,4.619,0,0,0,0,0,0,0,0,0,0,0,0,0,2,2
51-腐れ外道とチョコレゐト-mas,51,mas,13.7,260,598,598,121,132.017,0.22076,0.7826,5,0.2408,25,0.4032,34.667,0,0.0,0,0,0,0,0,0,0,0,0,0,0,0,0,0,0
512-夜明けまであと３秒-mas,512,mas,14,182,962,931,97,271.314,0.29142,0.7395,15,0.2632,42,0.5455,48.533,0,0.0,0,0,0,0,0,0,0,0,0,0,0,0,0,0,0
516-幸せになれる隠しコマンドがあるらしい-mas,516,mas,14,142,850,760,86,192.008,0.25264,0.6995,14,0.2382,40,0.2469,75.733,0,0.0,2,2,2,0,0,0,2,0,0,0,0,0,0,0,0
533-最終鬼畜妹フランドール・S-remas,533,remas,13.7,200,853,827,105,163.779,0.19804,0.7047,16,0.1572,47,0.376,80.0,4,4.837,0,1,0,1,0,0,0,0,0,0,1,4,0,0,0
547-HERA-mas,547,mas,14.3,185,1031,955,102,179.705,0.18817,0.8406,9,0.2545,40,0.4211,40.908,0,0.0,0,0,0,0,0,0,0,0,0,0,0,0,0,0,0
55-ウッーウッーウマウマ(ﾟ∀ﾟ)-mas,55,mas,13.4,164,542,542,65,94.35,0.17408,0.7853,7,0.2472,4,0.3636,22.0,0,0.0,0,0,0,0,0,0,0,0,0,0,0,0,0,0,0
562-ENERGY SYNERGY MATRIX-mas,562,mas,13.9,160,872,831,81,172.648,0.20776,0.8167,6,0.1986,35,0.4667,21.333,3,3.61,2,2,2,0,0,0,2,0,0,0,0,1,0,2,0
57-ナイト・オブ・ナイツ-mas,57,mas,13.3,180,675,672,80,88.09,0.13109,0.7515,8,0.1161,1,0.1,24.0,0,0.0,0,0,0,0,0,0,0,0,0,0,0,0,0,0,0
57-ナイト・オブ・ナイツ-remas,57,remas,14.4,180,1001,957,80,146.373,0.15295,0.8852,4,0.1369,9,0.2045,36.0,0,0.0,0,0,0,0,0,0,0,0,0,0,0,0,0,0,0
58-おちゃめ機能-mas,58,mas,13.6,150,499,499,56,75.802,0.15191,0.6995,10,0.1242,4,0.4444,20.0,0,0.0,0,0,0,0,0,0,0,0,0,0,0,0,0,0,0
59-マトリョシカ-remas,59,remas,13.3,205,571,526,84,109.97,0.20907,0.8352,4,0.2433,31,0.2441,20.5,0,0.0,0,0,0,0,0,0,0,0,0,0,0,0,0,0,0
591-Moon of Noon-mas,591,mas,14.4,200,924,809,97,181.722,0.22463,0.7635,8,0.225,50,0.3205,26.667,0,0.0,0,0,0,0,0,0,0,0,0,0,0,0,0,0,0
592-前前前世-mas,592,mas,13,190,697,689,83,127.16,0.18456,0.7505,7,0.1509,61,0.5259,25.333,5,7.257,0,0,0,0,0,0,0,0,0,0,0,0,0,5,0
60-39-mas,60,mas,13,175,512,507,84,89.28,0.17609,0.7457,7,0.1598,26,0.65,23.333,0,0.0,0,0,0,0,0,0,0,0,0,0,0,0,0,0,0
607-D✪N’T ST✪P R✪CKIN’-mas,607,mas,13.8,140,802,786,72,284.912,0.36248,0.7098,5,0.2201,61,0.4266,28.0,0,0.0,24,24,24,0,0,0,24,0,0,0,0,0,0,0,0
607-D✪N’T ST✪P R✪CKIN’-remas,607,remas,13.5,140,669,629,73,162.5,0.25835,0.7564,17,0.2401,41,0.3628,28.0,7,11.129,0,0,0,0,0,0,0,0,0,0,0,6,0,0,1
61-天国と地獄-mas,61,mas,13.4,175,607,607,78,103.37,0.1703,0.5593,6,0.0758,26,0.52,17.5,0,0.0,0,0,0,0,0,0,0,0,0,0,0,0,0,0,0
630-planet dancer-remas,630,remas,13.7,127,732,712,63,157.08,0.22062,0.7097,7,0.2612,15,0.4054,33.867,4,5.618,0,0,0,0,0,0,0,0,0,0,0,0,1,0,3
631-アージェントシンメトリー-mas,631,mas,13.5,172,746,741,87,111.081,0.14991,0.9154,4,0.1484,25,0.2604,22.933,2,2.699,0,0,0,0,0,0,0,0,0,0,0,0,0,2,0
631-アージェントシンメトリー-remas,631,remas,14,172,956,933,88,125.375,0.13438,0.9356,8,0.1286,18,0.2687,34.4,0,0.0,0,0,0,0,0,0,0,0,0,0,0,0,0,0,0
633-Calamity Fortune-mas,633,mas,14.2,200,1142,1063,107,197.847,0.18612,0.8154,6,0.1637,63,0.5727,80.0,2,1.881,0,1,0,1,0,0,0,0,0,0,1,0,0,2,0
635-Bad Apple!! feat.nomico-remas,635,remas,13.3,138,698,644,72,134.17,0.20834,0.7027,8,0.2019,67,0.5877,36.8,0,0.0,0,0,0,0,0,0,0,0,0,0,0,0,0,0,0
64-炎歌 -ほむらうた--mas,64,mas,13.7,108,389,373,51,88.329,0.23681,0.6796,8,0.2413,31,0.3298,21.6,1,2.681,0,0,0,0,0,0,0,0,0,0,0,1,0,0,0
648-アンノウン・マザーグース-mas,648,mas,13.3,222,732,714,120,126.194,0.17674,0.796,6,0.1835,39,0.6,37.457,0,0.0,0,0,0,0,0,0,0,0,0,0,0,0,0,0,0
649-アンハッピーリフレイン-mas,649,mas,13.4,205,756,701,93,136.559,0.19481,0.7158,5,0.127,63,0.5575,27.333,2,2.853,0,0,0,0,0,0,0,0,0,0,0,0,0,2,0
65-脳漿炸裂ガール-mas,65,mas,14.1,155,678,678,66,166.276,0.24524,0.8102,11,0.3171,8,0.2424,41.333,0,0.0,0,0,0,0,0,0,0,0,0,0,0,0,0,0,0
655-閃鋼のブリューナク-mas,655,mas,13.9,140,1001,997,74,155.38,0.15585,0.8259,5,0.1695,29,0.5577,28.0,0,0.0,0,0,0,0,0,0,0,0,0,0,0,0,0,0,0
656-頓珍漢の宴-mas,656,mas,13.8,145,987,929,78,164.538,0.17711,0.7381,6,0.1518,58,0.6304,24.969,3,3.229,0,0,0,0,0,0,0,0,0,0,0,0,0,0,3
657-吉原ラメント-mas,657,mas,13.8,191,849,738,104,153.84,0.20846,0.8482,4,0.1098,115,0.5928,25.467,11,14.905,0,0,0,0,0,0,0,0,0,0,0,0,0,11,0
658-Danza zandA-mas,658,mas,13.4,129,638,614,58,119.585,0.19476,0.7974,5,0.1482,27,0.4655,34.4,0,0.0,5,5,5,0,0,0,5,0,0,0,0,0,0,0,0
658-Danza zandA-remas,658,remas,13.7,129,615,576,59,131.393,0.22811,0.7353,20,0.2188,32,0.4444,51.6,0,0.0,0,0,0,0,0,0,0,0,0,0,0,0,0,0,0
66-ワールズエンド・ダンスホール-mas,66,mas,13,171,464,464,68,73.55,0.15851,0.706,7,0.1659,6,0.3,22.8,0,0.0,0,0,0,0,0,0,0,0,0,0,0,0,0,0,0
66-ワールズエンド・ダンスホール-remas,66,remas,13.3,171,636,600,68,158.85,0.26475,0.8115,5,0.19,53,0.53,45.6,2,3.333,8,8,8,0,0,0,8,0,0,0,0,0,0,2,0
660-タカハせ！名人マン-mas,660,mas,13.5,150,571,571,82,96.38,0.16879,0.8435,8,0.2487,9,0.1875,20.0,2,3.503,0,0,0,0,0,0,0,0,0,0,0,0,0,2,0
661-エテルニタス・ルドロジー-mas,661,mas,13.7,178,828,795,102,126.46,0.15907,0.8801,5,0.1522,53,0.4818,23.733,2,2.516,0,0,0,0,0,0,0,0,0,0,0,0,0,1,1
662-少女幻葬戦慄曲 ～ Necro Fantasia-mas,662,mas,13.9,182,978,873,94,169.57,0.19424,0.7702,5,0.2027,66,0.4853,24.267,3,3.436,0,0,0,0,0,0,0,0,0,0,0,2,0,1,0
663-KING is BACK!!-mas,663,mas,13.9,176,1055,927,90,208.83,0.22528,0.8407,4,0.2427,42,0.3088,54.756,0,0.0,0,0,0,0,0,0,0,0,0,0,0,0,0,0,0
664-言ノ葉カルマ-mas,664,mas,13.4,150,792,784,84,138.416,0.17655,0.8426,5,0.1607,50,0.4762,30.0,0,0.0,2,3,3,0,0,0,2,0,0,1,0,0,0,0,0
665-conflict-mas,665,mas,14.2,160,948,868,89,202.347,0.23312,0.7924,5,0.1993,74,0.592,32.0,17,19.585,0,0,0,0,0,0,0,0,0,0,0,15,1,1,0
666-Revive The Rave-mas,666,mas,13.8,165,958,934,85,157.397,0.16852,0.7714,7,0.2259,16,0.3721,22.0,0,0.0,0,0,0,0,0,0,0,0,0,0,0,0,0,0,0
666-Revive The Rave-remas,666,remas,14.4,165,912,873,82,186.867,0.21405,0.7376,7,0.181,24,0.3934,37.172,1,1.145,0,0,0,0,0,0,0,0,0,0,0,0,0,1,0
667-GEMINI -M--mas,667,mas,13.9,180,1076,1029,99,182.053,0.17692,0.7884,6,0.1156,41,0.4505,72.0,8,7.775,0,0,0,0,0,0,0,0,0,0,0,0,0,8,0
672-敗北の少年-mas,672,mas,13.4,185,968,929,109,135.12,0.14545,0.804,5,0.0603,104,0.6341,24.667,3,3.229,0,0,0,0,0,0,0,0,0,0,0,0,0,3,0
673-拝啓ドッペルゲンガー-mas,673,mas,13.8,181,1070,981,105,189.809,0.19349,0.8387,4,0.1764,67,0.5583,36.2,1,1.019,0,0,0,0,0,0,0,0,0,0,0,0,0,1,0
674-人生リセットボタン-mas,674,mas,13.8,200,967,864,107,159.305,0.18438,0.7757,11,0.1262,82,0.5093,26.667,6,6.944,0,0,0,0,0,0,0,0,0,0,0,0,0,0,6
678-すーぱーぬこになりたい-mas,678,mas,13.7,194,897,841,96,133.836,0.15914,0.8446,4,0.1677,63,0.5478,19.4,0,0.0,0,0,0,0,0,0,0,0,0,0,0,0,0,0,0
68-Turn around-mas,68,mas,13.7,156,445,445,51,87.825,0.19736,0.757,5,0.2472,28,0.5091,20.8,21,47.191,0,0,0,0,0,0,0,0,0,0,0,13,0,8,0
683-MilK-mas,683,mas,13.8,150,636,620,71,148.014,0.23873,0.736,6,0.2048,40,0.5128,40.0,5,8.065,0,0,0,0,0,0,0,0,0,0,0,0,0,1,4
684-FREEDOM DiVE (tpz Overcute Remix)-mas,684,mas,14.1,234 (234.5),1085,1047,127,248.2,0.23706,0.785,5,0.1843,93,0.5741,93.824,0,0.0,0,1,0,1,0,0,0,0,0,0,1,0,0,0,0
687-CYBER Sparks-remas,687,remas,13.8,192,945,905,98,159.828,0.17661,0.8102,7,0.1403,39,0.4937,38.4,0,0.0,1,2,2,0,0,0,1,0,0,1,0,0,0,0,0
69-Nerverakes-mas,69,mas,14.1,140,560,558,46,121.861,0.21839,0.7855,5,0.2384,2,0.1667,37.333,0,0.0,0,1,0,1,0,0,0,0,0,1,0,0,0,0,0
695-分からない-mas,695,mas,14,200,953,913,96,164.655,0.18035,0.8222,6,0.1577,42,0.5316,26.667,0,0.0,0,0,0,0,0,0,0,0,0,0,0,0,0,0,0
696-Jumble Rumble-mas,696,mas,14,185,1081,1056,96,193.605,0.18334,0.84,4,0.1648,60,0.6742,24.667,0,0.0,0,0,0,0,0,0,0,0,0,0,0,0,0,0,0
697-ヒバナ-remas,697,remas,13.2,200,740,683,111,138.306,0.2025,0.7624,10,0.2621,25,0.2404,26.667,0,0.0,0,0,0,0,0,0,0,0,0,0,0,0,0,0,0
698-Jimang Shot-mas,698,mas,13.3,164,710,699,92,113.633,0.16257,0.7467,5,0.1488,49,0.3289,49.2,11,15.737,0,0,0,0,0,0,0,0,0,0,0,3,0,7,1
699-幽闇に目醒めしは-mas,699,mas,13.3,120,506,447,59,108.58,0.24291,0.8021,6,0.2304,50,0.4808,16.0,0,0.0,0,0,0,0,0,0,0,0,0,0,0,0,0,0,0
70-Spin me harder-mas,70,mas,13.4,130,337,329,42,65.386,0.19874,0.7473,7,0.2523,16,0.4103,26.0,0,0.0,0,0,0,0,0,0,0,0,0,0,0,0,0,0,0
700-ゴーストルール-mas,700,mas,13.2,210,689,617,111,134.249,0.21758,0.8813,4,0.2707,73,0.5448,21.0,0,0.0,0,0,0,0,0,0,0,0,0,0,0,0,0,0,0
702-光線チューニング-mas,702,mas,13.7,190,933,903,112,176.618,0.19559,0.8472,4,0.1894,72,0.4162,25.333,1,1.107,0,0,0,0,0,0,0,0,0,0,0,0,0,1,0
703-Dragoon-remas,703,remas,14.5,175,818,753,81,152.894,0.20305,0.8118,6,0.1833,64,0.5614,70.0,0,0.0,0,4,0,4,0,0,0,0,0,0,4,0,0,0,0
71-YA･DA･YO [Reborn]-mas,71,mas,13.4,105,513,513,44,62.63,0.12209,0.7313,8,0.115,4,0.4,25.069,0,0.0,0,0,0,0,0,0,0,0,0,0,0,0,0,0,0
71-YA･DA･YO [Reborn]-remas,71,remas,14.4,105,666,650,45,139.63,0.21482,0.6933,10,0.2138,24,0.4528,28.0,0,0.0,0,1,0,1,0,0,0,0,0,0,1,0,0,0,0
715-ネクロファンタジア～Arr.Demetori-mas,715,mas,13.8,180,971,883,109,139.62,0.15812,0.831,6,0.0963,80,0.5,24.0,4,4.53,1,1,1,0,0,0,0,0,1,0,0,0,0,4,0
718-六兆年と一夜物語-mas,718,mas,13.8,186,748,720,78,110.55,0.15354,0.8635,4,0.1694,34,0.4928,24.8,4,5.556,0,0,0,0,0,0,0,0,0,0,0,0,0,4,0
72-みんなのマイマイマー-mas,72,mas,13.7,175,625,616,80,123.97,0.20125,0.6591,8,0.2338,13,0.4333,23.333,1,1.623,0,0,0,0,0,0,0,0,0,0,0,0,0,1,0
723-魔法少女になるしかねぇ-mas,723,mas,14,165,956,931,90,184.21,0.19786,0.7535,10,0.1783,62,0.5124,25.363,5,5.371,0,3,0,3,0,3,0,0,0,0,0,0,0,5,0
725-Sakura Fubuki-mas,725,mas,13.9,175,678,654,78,136.887,0.20931,0.8429,4,0.1346,31,0.5849,52.5,3,4.587,0,0,0,0,0,0,0,0,0,0,0,1,0,2,0
726-The wheel to the right-mas,726,mas,14,200,987,893,118,200.502,0.22453,0.7021,16,0.2475,78,0.4643,26.667,0,0.0,0,0,0,0,0,0,0,0,0,0,0,0,0,0,0
"730-Good Bye, Mr. Jack-mas",730,mas,13.9,180,933,887,101,200.146,0.22564,0.6951,12,0.2108,45,0.6081,36.0,0,0.0,0,0,0,0,0,0,0,0,0,0,0,0,0,0,0
731-DETARAME ROCK＆ROLL THEORY-mas,731,mas,13.8,140,813,756,94,141.009,0.18652,0.7512,13,0.1481,62,0.4336,35.6,3,3.968,0,1,0,1,0,1,0,0,0,0,0,1,0,1,1
74-maiム・maiム feat.週刊少年マガジン-mas,74,mas,13.2,140,684,684,72,132.07,0.19308,0.8462,6,0.2193,41,0.3981,18.667,1,1.462,1,1,1,0,0,0,1,0,0,0,0,1,0,0,0
749-Destr0yer-mas,749,mas,14.2,90,897,852,53,176.137,0.20673,0.7379,5,0.1491,27,0.3214,72.0,0,0.0,0,2,0,2,0,0,0,0,0,0,2,0,0,0,0
75-Space Harrier Main Theme [Reborn]-mas,75,mas,13.6,125,464,464,58,64.445,0.13889,0.661,8,0.1703,1,0.1667,16.667,0,0.0,0,0,0,0,0,0,0,0,0,0,0,0,0,0,0
750-Signature-mas,750,mas,13.5,128,698,653,70,142.194,0.21776,0.7344,6,0.2603,22,0.3548,17.346,0,0.0,0,0,0,0,0,0,0,0,0,0,0,0,0,0,0
751-Altale-mas,751,mas,13.7,90,487,458,35,89.125,0.1946,0.6308,10,0.1507,42,0.5316,27.0,0,0.0,0,0,0,0,0,0,0,0,0,0,0,0,0,0,0
752-深海少女-mas,752,mas,13.2,137,577,544,73,100.7,0.18511,0.8219,6,0.239,28,0.2828,18.267,0,0.0,0,0,0,0,0,0,0,0,0,0,0,0,0,0,0
755-レッツゴー!陰陽師-mas,755,mas,13.3,150,598,555,82,120.352,0.21685,0.7046,9,0.2288,62,0.4921,20.0,3,5.405,0,0,0,0,0,0,0,0,0,0,0,0,0,3,0
757-フィクサー-mas,757,mas,13.3,135,772,711,75,92.58,0.13021,0.7514,12,0.0577,42,0.4421,18.0,0,0.0,0,0,0,0,0,0,0,0,0,0,0,0,0,0,0
76-KONNANじゃないっ！-mas,76,mas,13.4,155,492,461,70,104.939,0.22763,0.8674,4,0.3167,22,0.3188,26.438,5,10.846,0,0,0,0,0,0,0,0,0,0,0,0,0,5,0
77-BAD∞END∞NIGHT-mas,77,mas,13.5,204,496,494,80,93.862,0.19,0.7782,8,0.2126,15,0.2459,27.2,1,2.024,0,0,0,0,0,0,0,0,0,0,0,0,0,1,0
777-無敵We are one!!-mas,777,mas,13.7,190,938,854,111,135.0,0.15808,0.8696,5,0.1897,52,0.3662,25.333,0,0.0,1,1,1,0,0,0,1,0,0,0,0,0,0,0,0
778-ドキドキDREAM!!!-mas,778,mas,13.2,210,879,834,123,136.573,0.16376,0.8243,6,0.2002,41,0.494,21.0,0,0.0,0,0,0,0,0,0,0,0,0,0,0,0,0,0,0
779-ハート・ビート-mas,779,mas,13.4,212,818,783,120,166.174,0.21223,0.7409,10,0.2375,48,0.3478,28.267,4,5.109,0,1,0,1,0,0,0,0,0,1,0,0,4,0,0
780-brilliant better-mas,780,mas,13.3,172,840,786,99,141.82,0.18043,0.811,8,0.1552,82,0.5157,22.933,14,17.812,0,0,0,0,0,0,0,0,0,0,0,0,0,12,2
782-私の中の幻想的世界観及びその顕現を想起させたある現実での出来事に関する一考察-mas,782,mas,13.4,175,844,809,104,125.77,0.15546,0.8328,6,0.1817,24,0.381,23.333,0,0.0,0,0,0,0,0,0,0,0,0,0,0,0,0,0,0
783-猛進ソリストライフ！-mas,783,mas,13.7,189,856,827,126,144.152,0.17431,0.8856,5,0.1886,34,0.34,25.2,6,7.255,0,0,0,0,0,0,0,0,0,0,0,0,0,0,6
784-My Dearest Song-mas,784,mas,13.3,145,802,755,85,155.057,0.20537,0.7863,11,0.1854,58,0.4394,19.333,0,0.0,0,0,0,0,0,0,0,0,0,0,0,0,0,0,0
785-SPICY SWINGY STYLE-mas,785,mas,13.4,242,660,656,113,127.511,0.19438,0.8193,4,0.221,33,0.7021,24.2,0,0.0,0,0,0,0,0,0,0,0,0,0,0,0,0,0,0
786-Bang Babang Bang!!!-mas,786,mas,13.2,200,756,718,100,134.945,0.18795,0.7816,9,0.1462,70,0.625,23.995,0,0.0,0,0,0,0,0,0,0,0,0,0,0,0,0,0,0
791-奏者はただ背中と提琴で語るのみ-mas,791,mas,13.8,230,929,909,129,151.056,0.16618,0.772,11,0.1716,44,0.4074,30.667,1,1.1,0,0,0,0,0,0,0,0,0,0,0,1,0,0,0
793--OutsideR＿RequieM--mas,793,mas,13.6,181,817,802,97,136.871,0.17066,0.7772,5,0.1883,47,0.3643,24.133,2,2.494,0,0,0,0,0,0,0,0,0,0,0,0,0,2,0
794-あねぺったん-mas,794,mas,13.3,180,721,700,92,128.93,0.18419,0.7903,9,0.2329,50,0.431,24.0,15,21.429,0,0,0,0,0,0,0,0,0,0,0,12,0,3,0
795-なるとなぎのパーフェクトロックンロール教室-mas,795,mas,13.7,216,787,760,108,127.744,0.16808,0.8394,6,0.1816,38,0.3585,28.845,1,1.316,0,0,0,0,0,0,0,0,0,0,0,0,0,0,1
797-Infantoon Fantasy-mas,797,mas,13.8,185,1039,947,109,174.108,0.18385,0.7359,6,0.188,58,0.4531,24.705,0,0.0,0,0,0,0,0,0,0,0,0,0,0,0,0,0,0
798-幾四音-Ixion--mas,798,mas,13.3,210,794,704,117,145.831,0.20715,0.8532,6,0.2244,66,0.4853,28.044,4,5.682,0,0,0,0,0,0,0,0,0,0,0,0,0,0,4
799-Invitation-mas,799,mas,13,147,834,790,84,128.412,0.16255,0.7898,7,0.1582,32,0.4706,19.631,2,2.532,0,0,0,0,0,0,0,0,0,0,0,0,0,0,2
801-心象蜃気楼-mas,801,mas,13.4,190,786,722,110,153.62,0.21277,0.7321,10,0.2091,77,0.401,25.333,8,11.08,0,0,0,0,0,0,0,0,0,0,0,0,0,8,0
802-We Gonna Journey-mas,802,mas,13.9,160,915,839,85,169.931,0.20254,0.8351,8,0.2384,45,0.4167,32.0,9,10.727,0,0,0,0,0,0,0,0,0,0,0,0,0,9,0
803-Kattobi KEIKYU Rider-mas,803,mas,13.7,220,844,839,132,174.894,0.20846,0.8431,5,0.236,79,0.4413,29.333,2,2.384,0,0,0,0,0,0,0,0,0,0,0,0,0,0,2
812-回レ！雪月花-mas,812,mas,13.3,160,665,651,59,141.342,0.21711,0.7985,4,0.2074,16,0.3902,36.215,5,7.68,0,0,0,0,0,0,0,0,0,0,0,2,0,3,0
815-REVIVER オルタンシア・サーガ -蒼の騎士団- オリジナルVer-mas,815,mas,13.7,200,632,576,73,109.464,0.19004,0.8531,4,0.2049,72,0.5902,26.667,6,10.417,0,0,0,0,0,0,0,0,0,0,0,0,0,4,2
818-ギリギリ最強あいまいみー！-mas,818,mas,13.7,185,755,663,78,123.328,0.18602,0.7949,9,0.2081,40,0.32,27.758,2,3.017,0,0,0,0,0,0,0,0,0,0,0,0,0,0,2
821-真・ハンサム体操でズンドコホイ-mas,821,mas,13.4,140,500,494,59,98.489,0.19937,0.8243,23,0.2085,30,0.3529,32.298,0,0.0,0,6,0,6,0,6,0,0,0,0,0,0,0,0,0
825-セハガガガンバッちゃう！！-mas,825,mas,13.3,202,735,712,103,151.446,0.21271,0.8243,5,0.1376,136,0.6445,26.933,8,11.236,0,0,0,0,0,0,0,0,0,0,0,0,0,7,1
827-ラブって♡ジュエリー♪えんじぇる☆ブレイク！！-mas,827,mas,13.2,238,523,513,85,94.035,0.1833,0.7465,4,0.154,40,0.4598,31.733,0,0.0,0,0,0,0,0,0,0,0,0,0,0,0,0,0,0
83-Get Happy-mas,83,mas,13.8,150,680,667,75,133.779,0.20057,0.7784,6,0.2369,22,0.3667,40.0,2,2.999,0,0,0,0,0,0,0,0,0,0,0,2,0,0,0
830-HIMITSUスパーク-mas,830,mas,13.2,156,668,651,85,106.332,0.16334,0.804,6,0.1674,27,0.3649,20.8,2,3.072,0,0,0,0,0,0,0,0,0,0,0,0,0,0,2
833-ガチャガチャきゅ～と・ふぃぎゅ@メイト-mas,833,mas,13.2,178,690,667,92,102.74,0.15403,0.7821,8,0.1739,54,0.5,47.467,7,10.495,0,0,0,0,0,0,0,0,0,0,0,0,1,4,2
834-Rodeo Machine-mas,834,mas,13.8,115,428,360,56,88.045,0.24457,0.8216,3,0.1889,69,0.3239,15.333,0,0.0,0,0,0,0,0,0,0,0,0,0,0,0,0,0,0
836-ジンギスカン-mas,836,mas,13.3,150,752,690,81,106.32,0.15409,0.7158,8,0.1319,51,0.4322,20.0,1,1.449,0,0,0,0,0,0,0,0,0,0,0,0,0,1,0
839-にじよめちゃん体操第一億-mas,839,mas,13.8,120,469,366,49,93.228,0.25472,0.7812,27,0.2623,42,0.3066,27.043,0,0.0,0,0,0,0,0,0,0,0,0,0,0,0,0,0,0
841-ナンセンス文学-mas,841,mas,13.6,154,828,768,90,167.95,0.21868,0.7367,32,0.2318,50,0.5435,20.533,6,7.812,0,0,0,0,0,0,0,0,0,0,0,0,0,6,0
842-立ち入り禁止-remas,842,remas,13.8,160,953,925,94,134.0,0.14486,0.8445,4,0.1719,28,0.3836,21.367,3,3.243,0,0,0,0,0,0,0,0,0,0,0,0,0,3,0
844-ストリーミングハート-mas,844,mas,13.3,210,742,695,111,120.031,0.17271,0.7563,7,0.164,27,0.2903,28.0,0,0.0,0,0,0,0,0,0,0,0,0,0,0,0,0,0,0
846-+♂-mas,846,mas,13.4,180,814,789,101,147.786,0.18731,0.7466,6,0.1445,80,0.5594,24.0,6,7.605,0,0,0,0,0,0,0,0,0,0,0,0,0,0,6
849-終点-mas,849,mas,13.7,222,710,707,100,110.042,0.15565,0.7996,9,0.1429,42,0.5526,29.6,0,0.0,0,0,0,0,0,0,0,0,0,0,0,0,0,0,0
851-フキゲンワルツ-mas,851,mas,13.2,210,776,758,119,122.755,0.16195,0.9076,5,0.2348,35,0.3889,35.734,7,9.235,0,0,0,0,0,0,0,0,0,0,0,0,0,3,4
852-ミラクルペイント-mas,852,mas,13.2,215,671,660,120,116.612,0.17668,0.8005,10,0.1879,60,0.6122,28.667,0,0.0,0,0,0,0,0,0,0,0,0,0,0,0,0,0,0
854-はやくそれになりたい！-remas,854,remas,13.2,185,758,694,108,130.73,0.18837,0.7907,6,0.1787,70,0.5147,24.667,1,1.441,0,0,0,0,0,0,0,0,0,0,0,0,0,1,0
855-キミノヨゾラ哨戒班-mas,855,mas,13,185,741,720,90,119.55,0.16604,0.7654,7,0.1653,44,0.4632,24.667,1,1.389,0,0,0,0,0,0,0,0,0,0,0,0,0,0,1
857-おこちゃま戦争-mas,857,mas,13.3,175,740,732,86,124.85,0.17056,0.7647,6,0.2268,7,0.175,23.333,2,2.732,0,0,0,0,0,0,0,0,0,0,0,0,0,2,0
862-パーフェクト生命-mas,862,mas,13.4,200,917,895,114,140.347,0.15681,0.7774,9,0.1385,84,0.5563,26.667,5,5.587,0,0,0,0,0,0,0,0,0,0,0,0,0,5,0
864-ありふれたせかいせいふく-mas,864,mas,13.6,150,892,870,84,177.147,0.20362,0.8688,5,0.208,39,0.5065,30.0,2,2.299,0,0,0,0,0,0,0,0,0,0,0,0,0,2,0
869-ロキ-remas,869,remas,13.3,150,839,781,91,123.034,0.15753,0.8503,13,0.1191,53,0.4862,20.0,1,1.28,0,0,0,0,0,0,0,0,0,0,0,0,0,1,0
870-クノイチでも恋がしたい-mas,870,mas,13.4,185,855,785,100,169.44,0.21585,0.7852,6,0.1898,90,0.6122,24.667,6,7.643,0,0,0,0,0,0,0,0,0,0,0,0,1,5,0
871-リンカーネイション-mas,871,mas,13.8,185,861,814,97,151.3,0.18587,0.7595,9,0.1744,46,0.5823,24.667,5,6.143,0,0,0,0,0,0,0,0,0,0,0,0,0,0,5
873-ネトゲ廃人シュプレヒコール-mas,873,mas,13.7,175,888,820,100,124.946,0.15237,0.7882,4,0.1683,32,0.3299,29.293,0,0.0,0,0,0,0,0,0,0,0,0,0,0,0,0,0,0
876-クレイジークレイジーダンサーズ-remas,876,remas,13.3,172,794,737,91,131.19,0.17801,0.7534,13,0.1628,52,0.4602,22.933,4,5.427,0,0,0,0,0,0,0,0,0,0,0,0,0,2,2
878-YU-MU-mas,878,mas,13.2,160,576,548,66,94.05,0.17162,0.8299,5,0.1679,47,0.5402,21.333,3,5.474,0,0,0,0,0,0,0,0,0,0,0,0,0,1,2
88-Tell Your World-remas,88,remas,13.2,150,473,457,74,80.04,0.17514,0.7362,8,0.2057,25,0.3731,20.0,2,4.376,0,0,0,0,0,0,0,0,0,0,0,0,0,0,2
882-Money Money-mas,882,mas,13.2,145,745,691,89,131.084,0.1897,0.7917,4,0.2373,35,0.4167,22.933,0,0.0,0,0,0,0,0,0,0,0,0,0,0,0,0,0,0
883-隠然-remas,883,remas,13.4,210,734,720,113,141.565,0.19662,0.8083,5,0.1819,66,0.6471,28.0,2,2.778,0,0,0,0,0,0,0,0,0,0,0,0,0,0,2
888-月に叢雲華に風-mas,888,mas,13.2,160,465,432,65,82.81,0.19169,0.8268,6,0.2824,14,0.2593,21.333,2,4.63,0,0,0,0,0,0,0,0,0,0,0,0,0,1,1
89-ロミオとシンデレラ-remas,89,remas,13.3,170,624,601,70,112.355,0.18695,0.761,4,0.1747,23,0.4259,22.667,2,3.328,0,0,0,0,0,0,0,0,0,0,0,1,0,1,0
891-オーディエンスを沸かす程度の能力 feat.タイツォン-mas,891,mas,13.7,216,708,669,99,98.261,0.14688,0.7765,7,0.1674,32,0.2302,28.8,2,2.99,0,0,0,0,0,0,0,0,0,0,0,0,0,0,2
892-taboo tears you up-mas,892,mas,13.4,180,937,868,103,151.332,0.17435,0.8525,5,0.2396,59,0.4436,24.0,3,3.456,0,0,0,0,0,0,0,0,0,0,0,0,0,3,0
893-White Traveling Girl-mas,893,mas,13.4,154,805,755,85,126.258,0.16723,0.8061,4,0.1576,59,0.5784,26.292,6,7.947,0,6,0,6,0,6,0,0,0,0,0,0,0,6,0
894-No Routine-mas,894,mas,13.4,163,853,833,82,135.45,0.16261,0.8639,5,0.2077,31,0.5439,21.733,4,4.802,0,0,0,0,0,0,0,0,0,0,0,0,0,4,0
895-不思議の国のクリスマス-mas,895,mas,13.3,128,546,463,69,108.21,0.23371,0.8226,4,0.2419,56,0.3758,17.067,2,4.32,0,0,0,0,0,0,0,0,0,0,0,0,0,0,2
903-チルノのパーフェクトさんすう教室 ⑨周年バージョン-mas,903,mas,13.4,175,771,720,88,130.01,0.18057,0.7601,5,0.1681,33,0.3929,23.333,8,11.111,0,0,0,0,0,0,0,0,0,0,0,0,0,8,0
904-ひれ伏せ愚民どもっ！-mas,904,mas,13.3,180,780,717,99,122.17,0.17039,0.8082,4,0.113,93,0.5536,24.0,8,11.158,0,0,0,0,0,0,0,0,0,0,0,0,0,4,4
905-【東方ニコカラ】秘神マターラ feat.魂音泉【IOSYS】-mas,905,mas,13.4,168,851,767,97,152.2,0.19844,0.805,9,0.2256,60,0.3947,22.4,1,1.304,0,0,0,0,0,0,0,0,0,0,0,0,0,1,0
906-Club Ibuki in Break All-mas,906,mas,13.3,175,673,624,65,144.502,0.23157,0.831,5,0.1955,58,0.6105,29.293,4,6.41,0,0,0,0,0,0,0,0,0,0,0,0,0,2,2
907-Phantasm Brigade-mas,907,mas,13.4,168,891,842,90,165.463,0.19651,0.8222,6,0.1912,51,0.4016,22.435,0,0.0,0,0,0,0,0,0,0,0,0,0,0,0,0,0,0
908-蒼空に舞え、墨染の桜-mas,908,mas,13.4,150,698,663,85,140.552,0.21199,0.8254,5,0.184,82,0.4795,20.0,2,3.017,0,0,0,0,0,0,0,0,0,0,0,0,0,2,0
910-橙の幻想郷音頭-mas,910,mas,13.3,136,564,547,53,91.605,0.16747,0.7824,5,0.1444,34,0.4533,18.133,5,9.141,0,0,0,0,0,0,0,0,0,0,0,0,0,0,5
915-妖精村の月誕祭 ～Lunate Elf-mas,915,mas,13.3,132,606,552,55,122.53,0.22197,0.8103,5,0.2355,39,0.5571,17.6,0,0.0,0,0,0,0,0,0,0,0,0,0,0,0,0,0,0
916-ってゐ！ ～えいえんてゐVer～-remas,916,remas,13.2,156,853,711,80,115.83,0.16291,0.8001,4,0.2011,30,0.2055,1261.835,6,8.439,0,0,0,0,0,0,0,0,0,0,0,2,0,0,4
917-東方妖々夢 ～the maximum moving about～-mas,917,mas,13.3,196,780,710,118,151.145,0.21288,0.8482,4,0.2211,72,0.4528,1486.509,0,0.0,2,2,2,0,0,0,2,0,0,0,0,0,0,0,0
918-物凄い勢いでけーねが物凄いうた-mas,918,mas,13.4,180,599,569,73,92.26,0.16214,0.7817,8,0.2021,31,0.4079,24.0,0,0.0,0,0,0,0,0,0,0,0,0,0,0,0,0,0,0
919-進捗どうですか？-mas,919,mas,13.6,199,918,895,103,140.762,0.15728,0.8018,8,0.1095,66,0.4889,26.575,2,2.235,0,0,0,0,0,0,0,0,0,0,0,0,0,2,0
92-チルノのパーフェクトさんすう教室-mas,92,mas,13.3,175,526,525,87,105.1,0.20019,0.7525,7,0.2457,9,0.3103,23.333,0,0.0,0,0,0,0,0,0,0,0,0,0,0,0,0,0,0
921-Imperishable Night 2006 (2016 Refine)-mas,921,mas,13.8,161,1043,973,87,174.28,0.17912,0.8198,5,0.1593,49,0.5326,21.5,4,4.111,0,0,0,0,0,0,0,0,0,0,0,0,0,4,0
922-もうみんなしねばいいのに-mas,922,mas,14,180,906,842,96,142.04,0.16869,0.7336,27,0.1128,73,0.6239,24.0,9,10.689,0,0,0,0,0,0,0,0,0,0,0,0,0,1,8
923-Grip & Break down !!-mas,923,mas,13.4,160,718,704,88,140.41,0.19945,0.788,5,0.2472,32,0.3636,21.333,0,0.0,0,0,0,0,0,0,0,0,0,0,0,0,0,0,0
924-Scream out! -maimai SONIC WASHER Edit--mas,924,mas,13.9,174,1089,984,103,176.18,0.17904,0.8094,6,0.19,43,0.3282,34.8,1,1.016,0,0,0,0,0,0,0,0,0,0,0,0,0,1,0
925-患部で止まってすぐ溶ける～狂気の優曇華院-mas,925,mas,13.7,200,752,715,87,133.603,0.18686,0.7634,5,0.1664,70,0.6364,40.0,0,0.0,0,0,0,0,0,0,0,0,0,0,0,0,0,0,0
925-患部で止まってすぐ溶ける～狂気の優曇華院-remas,925,remas,14,200,904,873,86,157.895,0.18087,0.7303,6,0.126,61,0.663,80.0,0,0.0,0,1,0,1,0,0,0,0,0,0,1,0,0,0,0
926-Change Our MIRAI！-mas,926,mas,13.4,256,846,829,146,160.585,0.19371,0.8227,6,0.1749,71,0.6228,25.6,0,0.0,0,0,0,0,0,0,0,0,0,0,0,0,0,0,0
93-記憶、記録-mas,93,mas,13.6,185,651,651,78,136.72,0.21002,0.7745,5,0.2089,40,0.5263,24.667,2,3.072,0,0,0,0,0,0,0,0,0,0,0,0,0,2,0
93-記憶、記録-remas,93,remas,14.3,185,752,742,81,158.195,0.2132,0.8043,6,0.2035,26,0.3939,148.0,5,6.739,0,6,0,6,0,0,0,0,0,0,6,4,0,1,0
977-ジングルベル-mas,977,mas,14.4,100,648,623,38,90.197,0.14478,0.7179,9,0.1316,2,0.0541,26.667,0,0.0,0,0,0,0,0,0,0,0,0,0,0,0,0,0,0
977-ジングルベル-remas,977,remas,14.2,100,737,655,38,175.633,0.26814,0.7911,33,0.174,59,0.4917,80.0,0,0.0,0,10,0,10,0,6,0,0,0,0,4,0,0,0,0
979-厨病激発ボーイ-mas,979,mas,13.8,190,928,906,106,159.99,0.17659,0.797,17,0.128,112,0.7273,25.333,7,7.726,0,0,0,0,0,0,0,0,0,0,0,0,0,7,0
981-白ゆき-mas,981,mas,13.4,210,719,683,110,138.617,0.20295,0.7339,5,0.2182,47,0.4196,28.0,2,2.928,0,0,0,0,0,0,0,0,0,0,0,0,0,0,2
986-結ンデ開イテ羅刹ト骸-remas,986,remas,13.3,169,697,678,88,93.113,0.13733,0.8022,9,0.1386,37,0.3426,22.573,3,4.425,0,0,0,0,0,0,0,0,0,0,0,0,0,2,1
987-ドーナツホール-mas,987,mas,13.6,252,934,913,141,192.636,0.21099,0.8354,4,0.207,59,0.4245,33.6,0,0.0,0,0,0,0,0,0,0,0,0,0,0,0,0,0,0
988-砂の惑星 feat. HATSUNE MIKU-mas,988,mas,13.3,95,719,644,51,116.5,0.1809,0.7512,6,0.1429,24,0.32,25.334,0,0.0,0,0,0,0,0,0,0,0,0,0,0,0,0,0,0
989-magician's operation-mas,989,mas,13.7,125,557,557,55,85.11,0.1528,0.7566,6,0.1741,38,0.4935,25.0,0,0.0,0,0,0,0,0,0,0,0,0,0,0,0,0,0,0
993-VIIIbit Explorer-mas,993,mas,14.5,188,1111,1039,102,238.156,0.22922,0.7862,6,0.1617,55,0.4545,41.456,2,1.925,0,0,0,0,0,0,0,0,0,0,0,0,0,2,0
999-火炎地獄-mas,999,mas,14.1,216,685,682,93,138.266,0.20274,0.8392,8,0.2126,49,0.35,43.2,0,0.0,0,0,0,0,0,0,0,0,0,0,0,0,0,0,0
