alt_rate,chuzhang,chuzhang_end_side,chuzhang_end_side_per_slide,chuzhang_per_1k,chuzhang_per_slide,chuzhang_slide,cross_rate,hand_hardness,internal_level,max_same_run,max_speed,muri_Hold尾多押,muri_占用冲突,muri_外键,muri_多押,muri_撞尾,muri_硬,muri_绝对,muri_超速,muri_软,n_bars,n_infeasible,n_muri,n_tasks,name,scrape_per_1k,scrape_pressure,scrape_外键,scrape_换手拧巴,scrape_撞尾,scrape_路径蹭键,total_cost
0.7168,7,45,0.6338,18.717,0.2535,18,0.2353,0.12583,13.2,7,16.5,,,,,,0,0,,0,62,0,0,374,1022-炉心融解-mas,2.674,1,1,,,,47.06
0.7218,33,35,0.5385,51.084,0.3077,20,0.3653,0.09858,14,5,25.333,,,,,,0,0,,0,81,0,0,646,103-ウサテイ-mas,0.0,0,,,,,63.685
0.7537,9,11,0.5,25.281,0.0,0,0.2949,0.09046,13.3,5,14.933,,,,,,0,0,,0,45,0,0,356,104-炭★坑★節-mas,0.0,0,,,,,32.205
0.7405,10,61,0.663,11.601,0.413,38,0.1949,0.09835,14,7,26.643,2,,,,,2,0,,0,96,0,2,862,1047-人里に下ったアタイがいつの間にか社畜になっていた件-mas,2.32,2,,,2,,84.78
0.8199,32,57,0.5481,34.707,0.1154,12,0.1898,0.09498,13.9,7,32.0,2,,,,,2,0,,0,128,0,2,922,1048-初音ミクの消失-mas,0.0,0,,,,,87.576
0.7635,22,24,0.5217,53.14,0.5217,24,0.4034,0.14973,13.4,8,29.0,,,,,,0,0,,0,54,0,0,414,105-ソーラン☆節-mas,0.0,0,,,,,61.989
0.7692,9,8,0.4706,14.778,0.2353,4,0.289,0.08555,13.8,5,16.0,,,,,,0,0,,0,57,0,0,609,106-トルコ行進曲 - オワタ＼(^o^)／-mas,0.0,0,,,,,52.1
0.7973,15,89,0.5779,17.401,0.1948,30,0.1717,0.12329,14.3,8,31.733,,,,,,0,0,,0,136,0,0,862,1069-渦状銀河のシンフォニエッタ-mas,0.0,0,,,,,106.276
0.7675,28,5,0.1429,56.452,0.0286,1,0.4456,0.12026,13,5,18.267,,,,,,0,0,,0,69,0,0,496,111-Quartet Theme [Reborn]-mas,0.0,0,,,,,59.648
0.7982,26,104,0.5622,71.823,0.4162,77,0.3674,0.17608,13.3,4,18.667,,,3,,,3,0,,0,64,0,3,362,112-Mysterious Destiny-mas,0.0,0,,,,,63.74
0.5949,28,11,0.44,58.824,0.36,9,0.3508,0.15456,13.4,5,20.667,1,1,,,,1,1,,0,65,1,2,476,113-Urban Crusher [Remix]-mas,0.0,0,,,,,73.57
0.7272,3,52,0.5417,5.566,0.25,24,0.2022,0.0784,14.2,8,22.667,,,,,,0,0,,0,33,0,0,539,1139-AFTER PANDORA-mas,0.0,0,,,,,42.255
0.7278,12,83,0.6535,17.964,0.378,48,0.1961,0.17713,14.2,6,37.333,,,,,,0,0,,0,56,0,0,668,115-Beat Of Mind-remas,0.0,0,,,,,118.325
0.8059,6,41,0.6721,13.761,0.2295,14,0.2225,0.1035,13.1,5,24.821,,,,,,0,0,,0,53,0,0,436,118-檄！帝国華撃団(改)-remas,0.0,0,,,,,45.126
0.7231,20,20,0.5405,58.997,0.1351,5,0.3127,0.11909,13.3,4,28.4,,,,,,0,0,,0,44,0,0,339,119-Black Out-mas,0.0,0,,,,,40.372
0.8345,10,62,0.4806,14.451,0.2481,32,0.2558,0.09464,13.5,7,25.6,,,,,,0,0,,0,89,0,0,692,1199-僕は空気が嫁ない-mas,0.0,0,,,,,65.492
0.8083,16,37,0.5068,35.714,0.3973,29,0.3683,0.12641,13.2,5,26.667,,,2,,,2,0,,0,83,0,2,448,120-超絶！Superlative-mas,13.393,6,,,6,,56.634
0.8104,25,53,0.5579,49.02,0.2947,28,0.3196,0.12644,13.2,4,24.667,,,,,,0,0,,0,80,0,0,510,121-采配の刻 Power of order-mas,31.373,16,14,,2,,64.485
0.7888,25,75,0.6522,24.272,0.3565,41,0.2709,0.16737,14.3,6,57.3,,,,,,0,0,,0,108,0,0,1030,1212-Halcyon-mas,0.971,1,,,,1,172.388
0.6893,22,48,0.64,55.276,0.44,33,0.3668,0.14762,13,6,18.933,,,,,,0,0,,0,66,0,0,398,122-Endless World-mas,0.0,0,,,,,58.752
0.7814,26,42,0.5455,55.914,0.2857,22,0.3312,0.15511,13.2,10,30.4,,,,,,0,0,,0,78,0,0,465,123-泣き虫O'clock-mas,6.452,3,2,1,,,72.125
0.7908,19,39,0.4756,43.478,0.2439,20,0.3112,0.13271,13.5,6,17.6,,,,,,0,0,,0,42,0,0,437,125-Link-remas,0.0,0,,,,,57.995
0.6198,10,29,0.537,32.362,0.1111,6,0.3722,0.14778,13.2,7,32.8,,,,,,0,0,,0,40,0,0,309,126-Feel My Fire-mas,12.945,4,,4,,,45.665
0.8498,25,97,0.5132,67.204,0.2857,54,0.2957,0.07852,13.7,4,20.0,,,,,,0,0,,0,66,0,0,372,1260-Back 2 Back-mas,0.0,0,,,,,29.21
0.7032,12,56,0.8358,42.254,0.403,27,0.2183,0.13978,13.2,4,16.933,,,,,1,1,0,,0,42,0,1,284,127-Night Fly-mas,0.0,0,,,,,39.698
0.7077,23,28,0.5091,62.162,0.4,22,0.2649,0.13221,13.4,6,33.867,,,,,,0,0,,0,42,0,0,370,127-Night Fly-remas,0.0,0,,,,,48.916
0.7449,18,31,0.6596,50.992,0.4681,22,0.2748,0.19466,13.3,5,23.733,,,,,,0,0,,0,55,0,0,353,129-Sprintrances-mas,2.833,1,,,1,,68.715
0.8536,15,58,0.6237,26.132,0.2258,21,0.2787,0.11853,13.3,6,21.733,,1,,,,0,1,,0,78,1,1,574,130-JUMPIN' JUMPIN'-mas,0.0,0,,,,,68.035
0.887,7,34,0.4359,7.684,0.1154,9,0.1954,0.07211,13.7,3,26.438,,,,,,0,0,,0,84,0,0,911,1301-After Burner-mas,7.684,7,3,4,,,65.688
0.8321,13,25,0.4167,17.219,0.2667,16,0.3152,0.10533,13.7,5,29.0,,,,,,0,0,,0,76,0,0,755,131-L'épilogue-mas,3.974,3,3,,,,79.526
0.7767,24,45,0.5844,45.802,0.3896,30,0.3282,0.11432,13.2,9,30.8,,,,,,0,0,,0,73,0,0,524,132-LUCIA-mas,3.817,2,,,2,,59.901
0.8137,6,31,0.6458,8.942,0.375,18,0.2459,0.1435,13.7,6,61.504,,6,,,,2,6,2,0,72,6,8,671,132-LUCIA-remas,0.0,0,,,,,96.288
0.8331,28,55,0.5093,38.147,0.3519,38,0.3052,0.11281,13.7,6,22.267,,1,,,,0,1,,0,90,1,1,734,133-BREAK YOU!!-mas,0.0,0,,,,,82.8
0.7753,30,54,0.675,40.816,0.225,18,0.2422,0.10314,13.8,7,28.8,,,,,,0,0,,0,106,0,0,735,1334-Candy Tall Woman-mas,4.082,3,,,,3,75.807
0.7542,21,62,0.6139,27.595,0.2871,29,0.318,0.13229,13.8,6,24.267,,,,,,0,0,,0,88,0,0,761,134-Death Scythe-mas,6.57,5,2,,3,,100.674
0.8002,8,69,0.8118,8.611,0.1294,11,0.2088,0.14666,14.2,5,51.806,,,,,,0,0,,0,89,0,0,929,134-Death Scythe-remas,8.611,8,,,2,6,136.247
0.783,18,45,0.4639,19.21,0.1753,17,0.2316,0.11481,13.9,4,25.5,,,,,,0,0,,0,96,0,0,937,1354-GO BACK 2 YOUR RAVE-mas,1.067,1,1,,,,107.58
0.8039,1,67,0.6381,1.248,0.2476,26,0.2135,0.09363,13.8,5,35.255,,,,,,0,0,,0,71,0,0,801,1364-Last Brave ～ Go to zero-mas,0.0,0,,,,,74.995
0.7793,10,45,0.625,14.493,0.3472,25,0.2594,0.10414,13.7,6,36.0,,,,,,0,0,,0,85,0,0,690,1366-Life Feels Good-mas,4.348,3,,,3,,71.855
0.7044,17,58,0.6237,24.251,0.2796,26,0.234,0.13532,13.4,8,40.8,,,,,,0,0,,0,73,0,0,701,1368-Limit Break-mas,4.28,3,,1,2,,94.86
0.785,4,52,0.7123,5.155,0.1781,13,0.2448,0.10229,13.7,7,30.6,,,,,,0,0,,0,74,0,0,776,1368-Limit Break-remas,0.0,0,,,,,79.38
0.7643,10,57,0.5182,13.495,0.2182,24,0.2564,0.07296,13.6,5,20.0,,,,,,0,0,,0,82,0,0,741,1380-Paranoia-mas,1.35,1,,,,1,54.06
0.7796,20,102,0.5152,53.333,0.3232,64,0.2427,0.14771,13.4,4,13.3,,,,,,0,0,,0,69,0,0,375,1385-Believe the Rainbow-mas,0.0,0,,,,,55.39
0.7756,24,49,0.7313,41.096,0.3582,24,0.3065,0.12794,13.3,7,22.667,,,,,,0,0,,0,80,0,0,584,139-魔理沙は大変なものを盗んでいきました-mas,3.425,2,,,2,,74.72
0.7799,19,13,0.4333,38.0,0.2667,8,0.362,0.10181,13.2,7,26.667,,,,,,0,0,,0,87,0,0,500,141-カゲロウデイズ-mas,20.0,10,5,,5,,50.905
0.7224,6,92,0.5476,7.653,0.3155,53,0.1173,0.0895,14.1,11,26.667,,,,,,0,0,,0,88,0,0,784,141-カゲロウデイズ-remas,0.0,0,,,,,70.165
0.8299,20,38,0.5135,25.126,0.2432,18,0.2399,0.12983,13.9,13,27.879,,5,,,,0,5,,0,88,5,5,796,1412-華の集落、秋のお届け-mas,0.0,0,,,,,103.343
0.8048,19,101,0.7426,29.921,0.2574,35,0.2472,0.10913,13.8,5,34.667,,,,,,0,0,,0,122,0,0,635,142-夜咄ディセイブ-mas,0.0,0,,,,,69.299
0.7926,11,46,0.4259,23.013,0.1389,15,0.2197,0.18705,13.7,5,33.333,19,3,,2,,19,5,,0,52,5,24,478,143-Crush On You-remas,10.46,5,5,,,,89.411
0.733,37,53,0.453,57.187,0.3675,43,0.2937,0.15695,13.2,17,31.0,1,,,,,1,0,,0,90,0,1,647,1439-プリズム△▽リズム-mas,24.73,16,16,,,,101.546
0.7457,12,5,0.1724,22.472,0.0,0,0.3296,0.1936,14,7,40.8,,,,,,0,0,,0,42,0,0,534,144-Sun Dance-remas,0.0,0,,,,,103.381
0.8211,13,59,0.6344,14.525,0.2258,21,0.1676,0.07968,13.4,7,22.933,,,,,,0,0,,0,89,0,0,895,1442-ブリキノダンス-remas,2.235,2,,,2,,71.31
0.6613,8,63,0.5943,11.852,0.1415,15,0.2207,0.11185,13.4,7,21.9,,,,,,0,0,,0,82,0,0,675,1457-KISS CANDY FLAVOR-mas,0.0,0,,,,,75.5
0.8225,2,29,0.4028,3.65,0.1389,10,0.2062,0.08956,13.3,4,13.067,,,,,,0,0,,0,49,0,0,548,1473-Magical Flavor-mas,5.474,3,,,,3,49.08
0.7692,25,29,0.6744,42.882,0.4884,21,0.295,0.15187,13.8,6,42.0,,,,,,0,0,,0,68,0,0,583,148-Beat of getting entangled-mas,0.0,0,,,,,88.541
0.7876,8,46,0.5974,9.732,0.4416,34,0.2275,0.13567,14.5,5,28.0,,,,,,0,0,,0,69,0,0,822,148-Beat of getting entangled-remas,0.0,0,,,,,111.52
0.795,18,96,0.5026,28.081,0.1466,28,0.2886,0.11396,13.8,4,19.067,,,,,,0,0,,0,80,0,0,641,1482-スリップフリップ-mas,3.12,2,,,,2,73.051
0.7814,18,15,0.3846,29.605,0.3077,12,0.426,0.0996,13.4,6,24.0,,,,,,0,0,,0,89,0,0,608,149-Blew Moon-mas,1.645,1,,,1,,60.56
0.7315,8,78,0.5098,11.765,0.1895,29,0.2059,0.10326,13.2,7,24.533,,,,,,0,0,,0,95,0,0,680,1497-共感覚おばけ-mas,1.471,1,,,1,,70.22
0.7844,22,13,0.3095,35.889,0.1429,6,0.3524,0.11898,13.8,5,27.067,,,,,,0,0,,0,96,0,0,613,150-ココロスキャンのうた-mas,4.894,3,,,3,,72.937
0.8439,15,63,0.84,24.311,0.2133,16,0.2091,0.18801,13.2,4,34.667,,6,,,,0,6,,0,71,6,6,617,151-Rooftop Run＿ Act1-remas,0.0,0,,,,,116.004
0.8334,2,61,0.5041,2.112,0.2479,30,0.1246,0.06741,13.4,5,20.0,,,,,,0,0,,0,112,0,0,947,1536-このピアノでお前を8759632145回ぶん殴る-mas,0.0,0,,,,,63.834
0.7386,25,122,0.5951,36.873,0.2146,44,0.3127,0.12838,13.3,6,22.5,,,,,,0,0,,0,123,0,0,678,154-放課後ストライド-mas,2.95,2,,,,2,87.042
0.8152,13,36,0.6207,22.184,0.3448,20,0.3089,0.1048,13.2,6,22.4,,,,,,0,0,,0,78,0,0,586,156-全人類ノ非想天則-mas,1.706,1,1,,,,61.415
0.8259,27,44,0.557,50.657,0.3544,28,0.3865,0.12253,13.2,4,26.0,,,,,,0,0,,0,92,0,0,533,157-ローリンガール-mas,3.752,2,1,,1,,65.31
0.7943,3,60,0.531,5.848,0.2301,26,0.2183,0.08566,13.3,6,25.333,,,,,,0,0,,0,79,0,0,513,1578-L4TS＿2018 (feat. あひる & KTA)-mas,0.0,0,,,,,43.945
0.8083,10,65,0.3846,19.048,0.1479,25,0.24,0.16052,13.8,5,17.867,,8,,,,0,8,,0,65,8,8,525,1636-電車で電車でOPA!OPA!OPA! -GMT mashup--mas,1.905,1,1,,,,84.274
0.78,26,52,0.5474,49.336,0.4421,42,0.3548,0.21971,13.8,4,26.438,,,,,,0,0,,0,65,0,0,527,165-Burning Hearts ～炎のANGEL～-remas,7.59,4,,,4,,115.789
0.6921,12,35,0.5385,30.691,0.2154,14,0.289,0.12885,13.2,4,22.667,,,,,,0,0,,0,55,0,0,391,166-awake-mas,7.673,3,1,,2,,50.38
0.6406,22,24,0.5,45.643,0.3333,16,0.3631,0.17168,13.4,6,21.333,,,,,,0,0,,0,60,0,0,482,167-Terminal Storm-mas,16.598,8,4,,4,,82.748
0.7689,35,38,0.427,108.025,0.2584,23,0.4136,0.16048,13.3,4,19.067,,,,,,0,0,,0,69,0,0,324,169-Save This World νMIX-mas,12.346,4,4,,,,51.995
0.8719,12,36,0.5538,25.316,0.3538,23,0.2089,0.18857,13,4,18.4,,,,,,0,0,,0,65,0,0,474,1701-しねばいいのに-mas,0.0,0,,,,,89.38
0.7336,13,33,0.6875,32.995,0.2708,13,0.2995,0.11102,13.3,5,25.6,,,,,,0,0,,0,56,0,0,394,172-円舞曲、君に-mas,2.538,1,1,,,,43.74
0.7641,10,9,0.6923,18.939,0.6923,9,0.2765,0.11321,13,6,18.0,,,,,,0,0,,0,42,0,0,528,1732-おても☆Yan-mas,0.0,0,,,,,59.776
0.8446,3,40,0.597,4.658,0.2388,16,0.1755,0.12265,13.5,6,32.0,,,,,,0,0,,0,52,0,0,644,1733-Garden Of The Dragon-mas,0.0,0,,,,,78.988
0.8592,14,27,0.2935,21.841,0.163,15,0.1981,0.08451,13.4,5,20.8,,,,,,0,0,,0,109,0,0,641,1785-ドクハク-mas,0.0,0,,,,,54.173
0.775,14,100,0.5128,23.689,0.1744,34,0.335,0.10651,13.3,6,23.2,,,,,,0,0,,0,84,0,0,591,1787-ユビキリ-mas,15.228,9,5,,4,,62.95
0.8492,10,86,0.585,13.423,0.1973,29,0.2617,0.11154,13.5,5,28.0,,,,,,0,0,,0,107,0,0,745,1789-咲キ誇レ常世ノ華-mas,1.342,1,,,,1,83.098
0.8047,9,100,0.7353,10.274,0.1471,20,0.2021,0.11564,13.8,5,23.0,,1,,,,0,1,,0,126,1,1,876,1793-デッドレッドガールズ-mas,0.0,0,,,,,101.305
0.8354,16,48,0.5455,23.704,0.0568,5,0.2741,0.11799,13.1,5,22.667,,,,,,0,0,,0,85,0,0,675,1823-キレキャリオン-mas,2.963,2,,,,2,79.64
0.7348,25,26,0.3768,42.088,0.1594,11,0.266,0.12375,13.4,5,23.333,,,,,,0,0,,0,84,0,0,594,1826-どういうことなの！？-mas,0.0,0,,,,,73.505
0.8805,13,54,0.5684,19.288,0.2947,28,0.2582,0.14503,13.4,4,40.5,,,,,,0,0,,0,67,0,0,674,1836-曖昧mind-mas,0.0,0,,,,,97.75
0.8102,19,57,0.5481,29.968,0.2885,30,0.2508,0.1256,13.3,6,28.306,,,,,,0,0,,0,91,0,0,634,1839-オモイヨシノ-mas,3.155,2,,,,2,79.628
0.796,13,95,0.709,15.187,0.3433,46,0.2068,0.14084,14.2,6,34.133,,,,,,0,0,,0,129,0,0,856,203-Garakuta Doll Play-mas,0.0,0,,,,,120.555
0.7694,36,52,0.4062,47.493,0.3516,45,0.2889,0.22336,14.4,5,39.2,,6,,,,0,6,,0,65,6,6,758,204-System “Z”-mas,0.0,0,,,,,169.31
0.7309,12,78,0.6,16.506,0.4,52,0.1774,0.21802,14.2,5,39.2,,12,,,,0,12,,0,65,12,12,727,204-System “Z”-remas,0.0,0,,,,,158.497
0.7304,12,41,0.5694,32.609,0.5,36,0.2745,0.35013,13,4,19.733,,14,,,,0,14,,0,45,14,14,368,205-セガサターン起動音[H.][Remix]-mas,0.0,0,,,,,128.847
0.8371,37,52,0.6341,57.812,0.4146,34,0.3266,0.15926,13.9,5,59.88,,2,,,,0,2,,0,71,2,2,640,207-裏表ラバーズ-mas,4.688,3,2,,1,,101.926
0.7244,14,29,0.7838,27.613,0.5135,19,0.2919,0.10016,13.3,5,20.0,,,,,,0,0,,0,61,0,0,507,208-ぽっぴっぽー-mas,3.945,2,,,2,,50.78
0.8783,5,15,0.3947,6.468,0.1316,5,0.2613,0.07768,13.8,4,20.533,,,,,,0,0,,0,76,0,0,773,217-DADDY MULK -Groove remix--mas,3.881,3,2,,1,,60.049
0.7395,10,23,0.3382,11.71,0.1618,11,0.2681,0.10236,13.8,11,30.8,,,,,,0,0,,0,77,0,0,854,217-DADDY MULK -Groove remix--remas,2.342,2,2,,,,87.417
0.8908,0,14,0.35,0.0,0.0,0,0.0914,0.04269,13.8,4,40.0,,,,,,0,0,,0,59,0,0,700,226-Nyan Cat EX-mas,0.0,0,,,,,29.885
0.895,18,27,0.5,26.987,0.3148,17,0.2804,0.11072,13.3,5,19.333,,,,,3,1,2,,0,66,0,3,667,227-セツナトリップ-mas,0.0,0,,,,,73.848
0.8607,26,81,0.5912,47.187,0.3504,48,0.3176,0.13674,13.3,4,27.333,,,,,,0,0,,0,101,0,0,551,235-天ノ弱-mas,7.26,4,,,4,,75.341
0.8299,7,18,0.3396,12.259,0.0755,4,0.2802,0.07136,13.7,5,22.533,,,,,,0,0,,0,59,0,0,571,241-コトバ・カラフル-mas,3.503,2,,,2,,40.745
0.8187,13,50,0.5263,21.417,0.1684,16,0.2273,0.12262,13.4,5,22.4,,,,,,0,0,,0,87,0,0,607,243-sweet little sister-mas,1.647,1,,,1,,74.429
0.9252,12,53,0.6625,16.552,0.3125,25,0.2055,0.13568,14.4,4,31.6,,,,,,0,0,,0,68,0,0,725,256-MYTHOS-mas,6.897,5,,,5,,98.365
0.6983,15,70,0.5,46.729,0.2857,40,0.2991,0.15746,13.2,9,17.067,,,,,,0,0,,0,62,0,0,321,257-キズナの物語-mas,0.0,0,,,,,50.545
0.9101,36,69,0.318,83.916,0.2212,48,0.4009,0.10058,13.3,3,18.0,,,,,,0,0,,0,65,0,0,429,258-CYCLES-mas,0.0,0,,,,,43.15
0.8566,36,73,0.432,44.499,0.3609,61,0.2213,0.09784,14.1,5,30.667,,,,,,0,0,,0,120,0,0,809,278-幻想のサテライト-mas,2.472,2,,,,2,79.153
0.8656,31,53,0.5638,35.108,0.2234,21,0.2231,0.12235,14.1,8,42.0,,,,,,0,0,,0,126,0,0,883,285-Jack-the-Ripper◆-mas,9.06,8,8,,,,108.034
0.8421,22,57,0.4914,24.887,0.3879,45,0.2489,0.12598,14,5,34.0,,,,,,0,0,,0,88,0,0,884,290-B.B.K.K.B.K.K-mas,12.443,11,,1,10,,111.365
0.8887,15,5,1.0,15.0,0.4,2,0.181,0.11095,14.5,5,51.2,,,,,,0,0,,0,87,0,0,1000,292-FUJIN Rumble-mas,0.0,0,,,,,110.954
0.8754,5,62,0.5962,5.051,0.3654,38,0.2333,0.16343,14.5,5,32.8,,,,,,0,0,,0,120,0,0,990,302-Ignis Danse-mas,0.0,0,,,,,161.794
0.7828,14,125,0.601,16.97,0.1346,28,0.1915,0.12186,14.3,5,33.778,,2,,,,0,2,,0,105,2,2,825,311-Caliburne ～Story of the Legendary sword～-mas,4.848,4,,,4,,100.538
0.8621,15,24,0.5714,21.866,0.2857,12,0.2216,0.14315,14,6,24.969,,,,,,0,0,,0,63,0,0,686,312-Outlaw's Lullaby-mas,0.0,0,,,,,98.202
0.8401,33,40,0.5128,41.614,0.359,28,0.2686,0.16176,13.9,10,23.067,,,,,,0,0,,0,81,0,0,793,314-FLOWER-mas,2.522,2,2,,,,128.274
0.8715,8,33,0.6226,8.602,0.283,15,0.2387,0.16948,14.2,9,38.683,,,,,,0,0,,0,83,0,0,930,314-FLOWER-remas,4.301,4,4,,,,157.615
0.8238,1,14,0.7368,1.56,0.3684,7,0.1544,0.06819,13.9,5,20.0,,,,,,0,0,,0,53,0,0,641,315-DRAGONLADY-mas,0.0,0,,,,,43.71
0.8838,20,52,0.642,22.173,0.5062,41,0.2084,0.10635,14.1,4,35.467,,,,,,0,0,,0,132,0,0,902,316-Got more raves？-mas,0.0,0,,,,,95.925
0.785,3,4,0.16,4.115,0.12,3,0.118,0.06154,13.4,6,25.867,,,,,,0,0,,0,97,0,0,729,317-Windy Hill -Zone 1-mas,0.0,0,,,,,44.865
0.7934,19,42,0.4565,25.71,0.3913,36,0.1746,0.13332,13.8,7,44.0,,,,,,0,0,,0,79,0,0,739,318-Scars of FAUNA-mas,8.119,6,2,,4,,98.523
0.7594,11,42,0.4719,13.648,0.1798,16,0.17,0.08043,14.2,8,26.344,,,1,,1,2,0,,0,108,0,2,806,319-きたさいたま2000-mas,0.0,0,,,,,64.828
0.8278,9,69,0.5149,13.761,0.2388,32,0.1804,0.12806,13.9,6,43.467,,,,,,0,0,,0,72,0,0,654,323-Cosmic Magic Shooter-mas,3.058,2,,,2,,83.754
0.8455,11,39,0.5735,11.97,0.3676,25,0.2622,0.11862,13.6,4,32.4,,,,,,0,0,,0,87,0,0,919,325-ロストワンの号哭-mas,5.441,5,,,3,2,109.008
0.7513,33,94,0.5802,36.83,0.4198,68,0.2199,0.17317,14.2,6,43.2,,,,,,0,0,,0,87,0,0,896,325-ロストワンの号哭-remas,22.321,20,2,,18,,155.163
0.7634,19,40,0.6452,30.995,0.1774,11,0.2202,0.09069,13,6,22.933,,,,,,0,0,,0,83,0,0,613,326-ケロ⑨destiny-mas,0.0,0,,,,,55.591
0.8724,14,49,0.4298,16.99,0.1053,12,0.2148,0.07775,13.7,7,33.6,,,,,,0,0,,0,126,0,0,824,327-L9-mas,0.0,0,,,,,64.066
0.791,8,29,0.58,14.953,0.16,8,0.1776,0.09772,13.9,8,24.319,,,,,,0,0,,0,67,0,0,535,33-Reach For The Stars-mas,1.869,1,,,1,,52.28
0.7569,16,53,0.5761,30.075,0.4022,37,0.2274,0.13894,13.3,6,24.0,1,1,,,,1,1,,0,79,1,2,532,330-二息歩行-mas,5.639,3,,,3,,73.915
0.8253,0,48,0.6316,0.0,0.2105,16,0.1613,0.08368,13.4,4,24.0,,,,,,0,0,,0,66,0,0,713,336-ウミユリ海底譚-mas,0.0,0,,,,,59.662
0.8035,28,39,0.2671,50.089,0.2192,32,0.2379,0.12665,13.3,7,20.0,,,,,,0,0,,0,80,0,0,559,337-クローバー♣クラブ-mas,0.0,0,,,,,70.795
0.7507,24,46,0.6571,35.451,0.2714,19,0.3383,0.1552,14,8,26.667,,,1,,,1,0,,0,87,0,1,677,34-Like the Wind [Reborn]-mas,4.431,3,,,3,,105.073
0.8401,2,29,0.4265,1.91,0.1324,9,0.2245,0.15291,14.5,5,38.0,,,,,,0,0,,0,93,0,0,1047,345-Oshama Scramble!-mas,0.955,1,,,1,,160.096
0.832,19,45,0.5357,20.541,0.369,31,0.2541,0.0908,13.7,5,24.0,,,,,,0,0,,0,99,0,0,925,349-どうしてこうなった-mas,5.405,5,,,3,2,83.99
0.6036,16,34,0.5574,34.483,0.4262,26,0.1875,0.10727,13.4,10,17.6,,,,,,0,0,,0,44,0,0,464,35-Lionheart-mas,0.0,0,,,,,49.775
0.8491,0,54,0.5806,0.0,0.129,12,0.2143,0.08489,13.4,4,25.333,,,,,,0,0,,0,67,0,0,560,350-キャプテン・ムラサのケツアンカー-mas,0.0,0,,,,,47.54
0.8157,14,29,0.3867,33.981,0.3067,23,0.267,0.13012,13.3,6,16.133,,,,,,0,0,,0,46,0,0,412,352-鼓動-mas,0.0,0,,,,,53.608
0.8144,16,44,0.5238,23.121,0.369,31,0.2153,0.09106,13.2,6,21.333,,,,,,0,0,,0,84,0,0,692,354-待チ人ハ来ズ。-mas,8.671,6,,,6,,63.015
0.7802,18,36,0.5902,16.729,0.1639,10,0.1961,0.14223,14.3,9,54.667,,,2,,,2,0,,0,105,0,2,1076,357-Aiolos-mas,0.0,0,,,,,153.041
0.7566,24,49,0.4495,29.593,0.2018,22,0.2244,0.12478,13.8,7,41.6,,,,,1,0,1,,0,80,0,1,811,369-LANCE-mas,13.564,11,4,1,6,,101.2
0.8224,33,21,0.4667,52.133,0.3333,15,0.3476,0.12006,13.4,5,20.533,,,,,,0,0,,0,69,0,0,633,37-千本桜-mas,3.16,2,,,2,,75.995
0.8275,18,80,0.6015,22.472,0.3534,47,0.226,0.21604,14.5,4,38.6,17,11,,1,,17,12,,0,87,12,29,801,371-Axeria-mas,14.981,12,1,,9,2,173.051
0.8392,18,31,0.5345,30.822,0.3966,23,0.2466,0.11709,13.3,4,31.0,,,,,,0,0,,0,65,0,0,584,373-緋色のDance-mas,6.849,4,4,,,,68.38
0.9399,5,129,0.5633,12.136,0.1921,44,0.199,0.11799,13.7,2,20.667,,,,,,0,0,,0,64,0,0,412,373-緋色のDance-remas,4.854,2,,,2,,48.61
0.7976,0,34,0.425,0.0,0.05,4,0.1615,0.11237,13.7,4,21.2,,1,,,,0,1,,0,59,1,1,650,374-Party 4U ”holy nite mix”-mas,0.0,0,,,,,73.039
0.8051,23,53,0.5761,27.879,0.2935,27,0.2291,0.17349,14.4,7,45.0,,,,,,0,0,,0,78,0,0,825,375-7thSense-mas,4.848,4,,,3,1,143.133
0.8064,3,23,0.371,4.839,0.0968,6,0.1823,0.10885,13.3,6,34.4,,,,,,0,0,,0,74,0,0,620,376-Live & Learn-mas,4.839,3,,,3,,67.489
0.8503,15,37,0.4625,16.873,0.225,18,0.2115,0.11248,14.1,5,25.333,,,,,,0,0,,0,88,0,0,889,378-METATRON-mas,0.0,0,,,,,99.994
0.7722,1,123,0.6181,1.058,0.196,39,0.1122,0.13331,14.4,6,97.2,,,,,,1,0,1,0,124,0,1,945,379-Contrapasso -paradiso--mas,3.175,3,,,,3,125.982
0.7632,5,55,0.7534,13.123,0.1918,14,0.3333,0.12864,13.7,9,18.0,,,,,,0,0,,0,49,0,0,381,38-JACKY [Remix]-mas,0.0,0,,,,,49.011
0.7297,7,47,0.7966,13.462,0.4407,26,0.2269,0.14216,14,6,27.0,,,,,,0,0,,0,49,0,0,520,38-JACKY [Remix]-remas,0.0,0,,,,,73.921
0.8263,9,54,0.4821,10.936,0.1429,16,0.2248,0.10927,13.8,6,48.0,,,,1,,0,1,,0,85,1,1,823,380-儚きもの人間-mas,13.366,11,,,4,7,89.929
0.7457,12,2,1.0,15.957,0.0,0,0.1995,0.07454,14,5,28.8,,,,,,0,0,,0,63,0,0,752,382-Nitrous Fury-mas,0.0,0,,,,,56.053
0.6854,26,80,0.4969,41.801,0.2919,47,0.2267,0.15707,13.9,26,21.067,,,,,,0,0,,0,40,0,0,622,390-四月の雨-mas,0.0,0,,,,,97.697
0.7177,20,68,0.5037,23.725,0.1556,21,0.28,0.16807,14.4,9,29.333,,,4,,,4,0,,0,58,0,4,843,393-Panopticon-mas,0.0,0,,,,,141.685
0.6598,3,54,0.5047,3.69,0.1869,20,0.2042,0.16111,14.3,11,29.333,,,,,,0,0,,0,58,0,0,813,393-Panopticon-remas,0.0,0,,,,,130.983
0.8176,10,80,0.6154,11.274,0.2154,28,0.2277,0.11509,13.7,5,24.8,,,,,,0,0,,0,103,0,0,887,397-夢花火-mas,0.0,0,,,,,102.087
0.8054,9,47,0.6267,10.227,0.04,3,0.2534,0.11026,14,10,24.0,,,,,,0,0,,0,84,0,0,880,399-Maxi-mas,3.409,3,2,,1,,97.028
0.8083,17,60,0.4878,25.335,0.065,8,0.2399,0.16279,13.5,4,18.667,,,,,,0,0,,0,74,0,0,671,400-ECHO-mas,0.0,0,,,,,109.235
0.8525,16,97,0.4128,29.358,0.1745,41,0.3138,0.09285,13.8,4,19.733,,,,,,0,0,,0,77,0,0,545,401-Selector-mas,0.0,0,,,,,50.605
0.87,19,40,0.4396,27.982,0.2967,27,0.2842,0.10826,13.3,5,22.0,,,,,,0,0,,0,81,0,0,679,"402-Endless, Sleepless Night-mas",0.0,0,,,,,73.51
0.7847,2,34,0.2073,2.642,0.061,10,0.2761,0.07943,13.9,4,26.667,,,,,,0,0,,0,105,0,0,757,403-最終鬼畜妹・一部声-mas,0.0,0,,,,,60.129
0.7947,13,31,0.7209,21.346,0.2093,9,0.2562,0.12246,13.4,11,27.0,,,,,,0,0,,0,64,0,0,609,404-四次元跳躍機関-mas,0.0,0,,,,,74.58
0.8445,19,51,0.4951,36.822,0.2524,26,0.2578,0.12677,13.2,5,35.8,,,,,,0,0,,0,76,0,0,516,405-東方スイーツ！～鬼畜姉妹と受難メイド～-mas,9.69,5,3,,2,,65.416
0.7106,19,77,0.616,29.231,0.248,31,0.2277,0.13068,13,6,24.0,,,,,,0,0,,0,89,0,0,650,407-響縁-mas,3.077,2,,,2,,84.945
0.8046,17,35,0.493,51.829,0.4225,30,0.3537,0.09759,13.7,5,20.0,,,,,,0,0,,0,48,0,0,328,41-Streak-mas,0.0,0,,,,,32.01
0.8132,9,79,0.594,12.195,0.1729,23,0.2019,0.10695,13.4,5,23.467,,,,,,0,0,,0,101,0,0,738,411-Still-mas,1.355,1,,,,1,78.926
0.796,11,65,0.7143,16.541,0.2418,22,0.2271,0.10751,13.1,6,25.333,,,,,,0,0,,0,94,0,0,665,413-TRUST-mas,1.504,1,,,,1,71.495
0.8045,48,39,0.4149,117.359,0.4149,39,0.4303,0.22916,13.2,4,20.667,,,,,,0,0,,0,70,0,0,409,419-エピクロスの虹はもう見えない-remas,0.0,0,,,,,93.725
0.8897,10,67,0.4621,13.423,0.0621,9,0.2443,0.10954,14.1,4,22.0,,,,,,0,0,,0,108,0,0,745,420-麒麟-mas,0.0,0,,,,,81.609
0.8345,15,60,0.5714,14.368,0.2,21,0.2261,0.14049,13.9,5,36.215,1,,,,,1,0,,0,90,0,1,1044,422-Hyper Active-mas,0.0,0,,,,,146.671
0.7556,13,82,0.4852,15.476,0.1834,31,0.3286,0.10508,13.3,16,29.333,,,,,,0,0,,0,120,0,0,840,423-チュルリラ・チュルリラ・ダッダッダ！-mas,0.0,0,,,,,88.27
0.7871,26,90,0.6569,24.88,0.2117,29,0.2947,0.15134,14.3,9,38.55,,,,,,0,0,,0,143,0,0,1045,424-エンドマークに希望と涙を添えて-mas,0.0,0,,,,,158.151
0.7655,20,59,0.5221,31.746,0.3274,37,0.227,0.14665,13.9,6,38.667,,,,,,0,0,,0,71,0,0,630,425-デスパレイト-mas,3.175,2,,,,2,92.39
0.7674,10,92,0.4868,14.993,0.0794,15,0.2084,0.10442,13.4,4,21.333,,,,,,0,0,,0,93,0,0,667,431-猫祭り-mas,10.495,7,,,4,3,69.65
0.862,8,55,0.4783,9.07,0.1739,20,0.2109,0.06909,13.8,5,30.667,,,,,,0,0,,0,132,0,0,882,432-Doll Judgment-mas,0.0,0,,,,,60.938
0.8383,11,64,0.5818,17.828,0.2182,24,0.2739,0.12007,13.3,3,18.4,,,,,,0,0,,0,62,0,0,617,434-日本の米は世界一-mas,0.0,0,,,,,74.085
0.7788,6,63,0.6117,7.026,0.165,17,0.2588,0.09598,13.7,5,26.0,,,,,,0,0,,0,103,0,0,854,436-疾走あんさんぶる-mas,0.0,0,,,,,81.968
0.7939,14,60,0.4,20.115,0.2267,34,0.273,0.15975,13.3,5,28.4,,,,,,0,0,,0,77,0,0,696,439-SPILL OVER COLORS-mas,0.0,0,,,,,111.185
0.8496,27,16,0.4848,52.427,0.2121,7,0.3437,0.12132,13.7,5,25.333,,,,,,0,0,,0,78,0,0,515,44-DO RORO DERODERO ON DO RORO-mas,0.0,0,,,,,62.48
0.7919,24,42,0.506,29.777,0.2169,18,0.2122,0.16818,13.9,7,34.276,,,,,,0,0,,0,79,0,0,806,440-Mare Maris-mas,9.926,8,8,,,,135.554
0.7946,22,80,0.6154,27.99,0.3308,43,0.1883,0.14327,14,8,24.667,,,,,,0,0,,0,96,0,0,786,441-Justified-mas,5.089,4,,,2,2,112.609
0.8323,8,74,0.6491,10.39,0.3246,37,0.1675,0.13626,13.4,6,40.533,,,,,,0,0,,0,81,0,0,770,442-バッド・ダンス・ホール-mas,9.091,7,,,7,,104.919
0.8708,17,65,0.7471,19.495,0.2529,22,0.2351,0.09349,13.6,5,22.133,,,,,,0,0,,0,88,0,0,872,443-FEEL the BEATS-mas,3.44,3,,,3,,81.526
0.8085,24,61,0.6854,25.586,0.2022,18,0.2676,0.15241,13.9,29,22.168,2,,,,,2,0,,0,86,0,2,938,443-FEEL the BEATS-remas,0.0,0,,,,,142.963
0.6874,11,85,0.6028,15.805,0.3333,47,0.2486,0.10463,13.3,9,26.0,,,,,,0,0,,0,99,0,0,696,445-アウターサイエンス-mas,2.874,2,,,2,,72.82
0.8181,8,79,0.5302,7.286,0.1678,25,0.1758,0.14385,14.5,8,49.333,,,,,,0,0,,0,97,0,0,1098,449-AMAZING MIGHTYYYY!!!!-remas,5.464,6,,,6,,157.944
0.7539,22,89,0.3973,28.571,0.2277,51,0.2117,0.10676,13.3,6,25.333,,,,,,0,0,,0,111,0,0,770,450-ダンスロボットダンス-mas,2.597,2,,,2,,82.205
0.7773,18,70,0.6364,17.734,0.2455,27,0.2433,0.16968,14.3,5,34.0,,,,,,0,0,,0,100,0,0,1015,451-World Vanquisher-mas,1.97,2,,,2,,172.229
0.7697,8,47,0.5281,14.388,0.0674,6,0.3273,0.08714,13.4,4,22.637,,,,,,0,0,,0,57,0,0,556,454-FestivaLight-mas,0.0,0,,,,,48.45
0.7316,15,38,0.3725,21.898,0.3039,31,0.1372,0.10693,13.2,7,22.0,,,,,,0,0,,0,63,0,0,685,458-妄想感傷代償連盟-remas,0.0,0,,,,,73.25
0.8749,0,34,0.5231,0.0,0.1538,10,0.2751,0.11548,13.3,5,19.2,,,,,,0,0,,0,70,0,0,658,459-Seyana. ～何でも言うことを聞いてくれるアカネチャン～-mas,0.0,0,,,,,75.983
0.7879,8,25,0.4902,17.978,0.1569,8,0.3798,0.16793,13.7,5,31.8,,,,,,0,0,,0,50,0,0,445,46-We Gonna Party-mas,8.989,4,2,,2,,74.731
0.898,10,57,0.6333,17.391,0.4,36,0.1374,0.09516,13.7,4,22.933,,,,,,0,0,,0,83,0,0,575,463-進め！イッスン軍団 -Rebellion of the Dwarfs--mas,10.435,6,,,5,1,54.716
0.7309,21,49,0.7,32.915,0.4571,32,0.2053,0.12762,13.4,11,23.067,,1,,,,0,1,,0,75,1,1,638,464-Brain Power-mas,14.107,9,,,9,,81.42
0.8636,13,73,0.73,14.301,0.13,13,0.2354,0.14872,14.1,4,38.2,,,,,,0,0,,0,88,0,0,909,466-Lividi-mas,2.2,2,,,2,,135.183
0.7851,13,43,0.4095,14.27,0.1429,15,0.2689,0.15463,14,6,41.333,,,,,,0,0,,0,86,0,0,911,467-天火明命-mas,2.195,2,1,,1,,140.866
0.8055,33,43,0.5811,32.738,0.2703,20,0.2292,0.16765,14.5,6,28.2,2,,,,,2,0,,0,97,0,2,1008,468-ねぇ、壊れタ人形ハ何処へ棄テらレるノ？-mas,0.0,0,,,,,168.987
0.8243,3,40,0.625,3.542,0.25,16,0.2066,0.12103,13.9,5,31.0,,,,,,0,0,,0,83,0,0,847,469-keep hopping-mas,0.0,0,,,,,102.511
0.7883,13,14,0.5,28.017,0.2143,6,0.3556,0.14942,13.4,5,24.0,,,,,,0,0,,0,59,0,0,464,47-Acceleration-mas,0.0,0,,,,,69.331
0.7951,14,53,0.5408,15.419,0.2653,26,0.174,0.0994,13.7,10,25.6,,,,,,0,0,,0,102,0,0,908,470-インビジブル-remas,6.608,6,,,2,4,90.252
0.8535,7,40,0.6154,8.696,0.0769,5,0.2273,0.08294,14.5,8,30.0,,,,,,0,0,,0,114,0,0,805,471-初音ミクの激唱-mas,0.0,0,,,,,66.766
0.802,10,67,0.5583,10.194,0.225,27,0.1386,0.12036,14.5,7,47.124,,,,,1,1,0,,0,104,0,1,981,473-CITRUS MONSTER-mas,12.232,12,,3,,9,118.074
0.7862,24,17,0.7391,35.191,0.4783,11,0.3094,0.18956,13.7,11,34.276,,,,,,0,0,,0,71,0,0,682,475-STAIRWAY TO GENERATION-mas,0.0,0,,,,,129.281
0.7772,20,35,0.5,25.575,0.2571,18,0.2289,0.15909,14.1,5,40.724,2,,,,,2,0,,0,83,0,2,782,477-Ragnarok-mas,3.836,3,,,3,,124.409
0.8579,8,67,0.6262,7.143,0.2617,28,0.1643,0.13211,14.3,5,27.75,,,,,,0,0,,0,95,0,0,1120,478-Xevel-mas,1.786,2,,,2,,147.959
0.79,16,23,0.4107,25.276,0.1964,11,0.2891,0.11367,13.3,11,22.865,,,,,,0,0,,0,68,0,0,633,479-ARROW-mas,0.0,0,,,,,71.95
0.6874,6,0,0.0,15.113,0.0,0,0.3778,0.05624,13.3,8,18.267,,,,,,0,0,,0,43,0,0,397,48-air's gravity-mas,0.0,0,,,,,22.328
0.7404,5,29,0.7436,10.417,0.1282,5,0.275,0.12867,13.7,9,18.267,,,,,,0,0,,0,43,0,0,480,48-air's gravity-remas,0.0,0,,,,,61.762
0.8184,1,83,0.5929,1.127,0.1286,18,0.2176,0.0804,13.3,4,23.995,,,,,,0,0,,0,104,0,0,887,480-サドマミホリック-remas,0.0,0,,,,,71.311
0.6984,9,39,0.4432,12.57,0.1477,13,0.2221,0.10127,13.9,20,21.333,,,,,,0,0,,0,79,0,0,716,481-アマノジャクリバース feat. ｙｔｒ-mas,5.587,4,,,4,,72.51
0.7519,20,66,0.528,24.845,0.32,40,0.2733,0.16321,13.9,9,39.057,,,,,,0,0,,0,89,0,0,805,483-ULTRA B+K-mas,0.0,0,,,,,131.387
0.7122,32,56,0.5045,39.457,0.2883,32,0.217,0.15701,14.3,8,36.0,,,,,,0,0,,0,96,0,0,811,485-花と、雪と、ドラムンベース。-mas,3.699,3,3,,,,127.332
0.697,10,38,0.3878,26.11,0.2857,28,0.2115,0.14847,13.8,8,24.0,,,,,,0,0,,0,89,0,0,383,485-花と、雪と、ドラムンベース。-remas,7.833,3,,,1,2,56.865
0.6648,29,94,0.5529,57.087,0.2765,47,0.2835,0.15324,13.8,22,20.818,,,,,,0,0,,0,65,0,0,508,489-My First Phone-mas,0.0,0,,,,,77.845
0.9284,1,2,1.0,1.527,1.0,2,0.1573,0.07305,14.2,3,36.0,,,,,,0,0,,0,57,0,0,655,49-Fragrance-mas,0.0,0,,,,,47.848
0.7946,11,60,0.6316,12.182,0.1895,18,0.2691,0.14478,14.4,7,41.4,,,,,,0,0,,0,96,0,0,903,491-極圏-mas,0.0,0,,,,,130.739
0.7521,11,36,0.5455,10.967,0.0909,6,0.2183,0.12341,14.2,9,30.681,,,,,,0,0,,0,96,0,0,1003,492-Scarlet Lance-mas,0.997,1,1,,,,123.785
0.8211,20,75,0.5,23.256,0.2667,40,0.2174,0.12597,13.9,7,24.8,,,,,,0,0,,0,101,0,0,860,493-セイクリッド ルイン-mas,9.302,8,,,6,2,108.336
0.7396,13,31,0.6327,15.081,0.1837,9,0.1659,0.08536,14.3,11,25.067,,,,,,0,0,,0,88,0,0,862,494-Schwarzschild-mas,3.48,3,,,3,,73.577
0.6885,14,21,0.5833,29.851,0.3889,14,0.2814,0.13346,13.7,8,32.4,,1,,,,0,1,,0,53,1,1,469,50-FEEL ALIVE-mas,8.529,4,1,,3,,62.594
0.7712,13,46,0.5897,13.485,0.1795,14,0.2365,0.14119,14.4,7,86.4,,,,,,0,0,,0,86,0,0,964,500-Alea jacta est!-mas,2.075,2,,,2,,136.105
0.7349,23,13,0.2549,27.578,0.1569,8,0.1775,0.15127,14.2,9,32.715,,,,,,0,0,,0,77,0,0,834,501-B.M.S-mas,0.0,0,,,,,126.158
0.7927,8,103,0.6095,10.54,0.1657,28,0.1884,0.13324,14,5,27.68,2,3,,,,2,3,,0,92,3,5,759,503-FFT-mas,2.635,2,1,,1,,101.13
0.7879,12,78,0.5065,13.73,0.1299,20,0.1888,0.16113,14.5,19,48.0,,2,,,,0,2,,0,92,2,2,874,503-FFT-remas,11.442,10,2,,8,,140.825
0.6897,12,36,0.6923,13.857,0.0385,2,0.2621,0.19512,14,9,31.2,,,,,,0,0,,0,73,0,0,866,505-Ultranova-mas,4.619,4,,,2,2,168.976
0.8317,50,32,0.5161,83.612,0.3548,22,0.2759,0.18549,13.7,4,34.667,,,,,,0,0,,0,121,0,0,598,51-腐れ外道とチョコレゐト-mas,6.689,4,,4,,,110.92
0.7231,62,53,0.6883,66.595,0.3377,26,0.2846,0.24626,14,13,55.831,,,,,,0,0,,0,97,0,0,931,512-夜明けまであと３秒-mas,1.074,1,,,1,,229.266
0.6944,33,85,0.5247,43.421,0.3086,50,0.2947,0.17996,14,14,75.733,,2,,,,0,2,,0,86,2,2,760,516-幸せになれる隠しコマンドがあるらしい-mas,0.0,0,,,,,136.768
0.7163,16,60,0.48,19.347,0.2,25,0.2201,0.12622,13.7,16,40.0,,,,,,0,0,,0,105,0,0,827,533-最終鬼畜妹フランドール・S-remas,6.046,5,4,,1,,104.386
0.8157,32,40,0.4211,33.508,0.2947,28,0.2764,0.10769,14.3,9,40.908,,,,,,0,0,,0,102,0,0,955,547-HERA-mas,0.0,0,,,,,102.843
0.7425,18,7,0.6364,33.21,0.6364,7,0.3303,0.09511,13.4,5,22.0,,,,,,0,0,,0,65,0,0,542,55-ウッーウッーウマウマ(ﾟ∀ﾟ)-mas,0.0,0,,,,,51.55
0.8167,8,43,0.5733,9.627,0.1067,8,0.2274,0.13568,13.9,6,21.333,,2,,,,0,2,,0,81,2,2,831,562-ENERGY SYNERGY MATRIX-mas,1.203,1,1,,,,112.753
0.8607,5,5,0.5,7.44,0.0,0,0.2351,0.07945,13.3,5,24.0,,,,,,0,0,,0,80,0,0,672,57-ナイト・オブ・ナイツ-mas,0.0,0,,,,,53.39
0.8846,1,13,0.2955,1.045,0.0455,2,0.1494,0.1054,14.4,5,36.0,,,,,,0,0,,0,80,0,0,957,57-ナイト・オブ・ナイツ-remas,0.0,0,,,,,100.872
0.7507,6,5,0.5556,12.024,0.3333,3,0.2224,0.08754,13.6,6,20.0,,,,,,0,0,,0,56,0,0,499,58-おちゃめ機能-mas,0.0,0,,,,,43.682
0.8293,8,68,0.5354,15.209,0.1339,17,0.346,0.08498,13.3,6,20.5,,,,,,0,0,,0,84,0,0,526,59-マトリョシカ-remas,0.0,0,,,,,44.7
0.7794,34,84,0.5385,42.027,0.4231,66,0.2744,0.16361,14.4,8,26.667,,,,,,0,0,,0,97,0,0,809,591-Moon of Noon-mas,0.0,0,,,,,132.362
0.7718,8,63,0.5431,11.611,0.2931,34,0.2612,0.10656,13,6,25.333,,,,,,0,0,,0,83,0,0,689,592-前前前世-mas,5.806,4,,,4,,73.42
0.7682,17,30,0.75,33.531,0.45,18,0.2564,0.08727,13,5,21.262,,,,,,0,0,,0,84,0,0,507,60-39-mas,0.0,0,,,,,44.245
0.6975,38,71,0.4965,48.346,0.3986,57,0.2774,0.29232,13.8,5,37.333,,24,,,,0,24,,0,72,24,24,786,607-D✪N’T ST✪P R✪CKIN’-mas,0.0,0,,,,,229.765
0.768,22,56,0.4956,34.976,0.2124,24,0.2989,0.17053,13.5,17,28.0,,,,,,0,0,,0,73,0,0,629,607-D✪N’T ST✪P R✪CKIN’-remas,11.129,7,6,,,1,107.261
0.7254,13,28,0.56,21.417,0.04,2,0.3608,0.11007,13.4,5,17.5,,,,,,0,0,,0,78,0,0,607,61-天国と地獄-mas,0.0,0,,,,,66.81
0.7363,51,19,0.5135,71.629,0.3514,13,0.309,0.16357,13.7,7,33.867,,,,,,0,0,,0,63,0,0,712,630-planet dancer-remas,4.213,3,,,,3,116.46
0.9163,12,48,0.5,16.194,0.1875,18,0.1957,0.10202,13.5,5,22.933,,,,,,0,0,,0,87,0,0,741,631-アージェントシンメトリー-mas,4.049,3,,,3,,75.598
0.937,30,26,0.3881,32.154,0.209,14,0.1693,0.10861,14,5,22.933,,,,,,0,0,,0,88,0,0,933,631-アージェントシンメトリー-remas,0.0,0,,,,,101.33
0.8095,7,73,0.6636,6.585,0.1909,21,0.2041,0.11158,14.2,6,26.667,,,,,,0,0,,0,107,0,0,1063,633-Calamity Fortune-mas,1.881,2,,,2,,118.613
0.7314,22,75,0.6579,34.161,0.2895,33,0.2345,0.12468,13.3,5,36.8,,,,,,0,0,,0,72,0,0,644,635-Bad Apple!! feat.nomico-remas,0.0,0,,,,,80.295
0.6531,26,50,0.5319,69.705,0.266,25,0.3512,0.16418,13.7,10,21.6,,,,,,0,0,,0,51,0,0,373,64-炎歌 -ほむらうた--mas,2.681,1,1,,,,61.239
0.7968,18,48,0.7385,25.21,0.4462,29,0.2311,0.09702,13.3,6,37.457,,,,,,0,0,,0,120,0,0,714,648-アンノウン・マザーグース-mas,0.0,0,,,,,69.272
0.7544,6,85,0.7522,8.559,0.3982,45,0.1826,0.11971,13.4,6,27.333,,,,,,0,0,,0,93,0,0,701,649-アンハッピーリフレイン-mas,4.28,3,,,3,,83.914
0.6947,24,20,0.6061,35.398,0.3636,12,0.4366,0.1323,14.1,7,41.333,,,,,,0,0,,0,66,0,0,678,65-脳漿炸裂ガール-mas,0.0,0,,,,,89.7
0.8039,11,38,0.7308,11.033,0.1346,7,0.2237,0.08434,13.9,5,22.4,,,,,,0,0,,0,74,0,0,997,655-閃鋼のブリューナク-mas,0.0,0,,,,,84.082
0.7242,1,65,0.7065,1.076,0.0978,9,0.1916,0.09654,13.8,4,24.969,,,,,,0,0,,0,78,0,0,929,656-頓珍漢の宴-mas,3.229,3,,,,3,89.688
0.843,2,125,0.6443,2.71,0.2165,42,0.145,0.11321,13.8,4,19.1,,,,,,0,0,,0,104,0,0,738,657-吉原ラメント-mas,21.68,16,,,16,,83.55
0.8285,14,40,0.6897,22.801,0.3793,22,0.2117,0.15104,13.4,4,34.4,,5,,,,0,5,,0,58,5,5,614,658-Danza zandA-mas,1.629,1,,1,,,92.737
0.7653,22,32,0.4444,38.194,0.2917,21,0.3108,0.14953,13.7,19,40.086,,,,,,0,0,,0,59,0,0,576,658-Danza zandA-remas,0.0,0,,,,,86.131
0.7421,11,10,0.5,23.707,0.5,10,0.3254,0.08114,13,5,22.8,,,,,,0,0,,0,68,0,0,464,66-ワールズエンド・ダンスホール-mas,0.0,0,,,,,37.65
0.8383,11,61,0.61,18.333,0.17,17,0.2033,0.17817,13.3,5,22.8,,8,,,,0,8,,0,68,8,8,600,66-ワールズエンド・ダンスホール-remas,0.0,0,,,,,106.904
0.8842,18,19,0.3958,31.524,0.2917,14,0.3415,0.08854,13.5,4,20.0,,,,,,0,0,,0,82,0,0,571,660-タカハせ！名人マン-mas,0.0,0,,,,,50.555
0.8661,14,62,0.5636,17.61,0.2091,23,0.1836,0.09899,13.7,6,23.733,,,,,,0,0,,0,102,0,0,795,661-エテルニタス・ルドロジー-mas,2.516,2,,,1,1,78.695
0.7954,4,74,0.5441,4.582,0.2353,32,0.2302,0.1139,13.9,5,24.267,,,,,,0,0,,0,94,0,0,873,662-少女幻葬戦慄曲 ～ Necro Fantasia-mas,3.436,3,2,,1,,99.435
0.8513,16,55,0.4044,17.26,0.2132,29,0.26,0.15718,13.9,4,54.756,,,,,,0,0,,0,90,0,0,927,663-KING is BACK!!-mas,0.0,0,,,,,145.708
0.8412,7,65,0.619,8.929,0.2286,24,0.2041,0.10665,13.4,5,30.0,,2,,,1,0,3,,0,84,2,3,784,664-言ノ葉カルマ-mas,0.0,0,,,,,83.611
0.7869,18,74,0.592,20.737,0.256,32,0.2684,0.14433,14.2,5,27.162,,,,,,0,0,,0,89,0,0,868,665-conflict-mas,17.281,15,14,1,,,125.274
0.7491,18,22,0.5116,19.272,0.0465,2,0.2334,0.09259,13.8,7,22.0,,,,,,0,0,,0,85,0,0,934,666-Revive The Rave-mas,0.0,0,,,,,86.482
0.7572,7,27,0.4426,8.018,0.1967,12,0.2234,0.14341,14.4,7,37.172,,,,,,0,0,,0,82,0,0,873,666-Revive The Rave-remas,0.0,0,,,,,125.201
0.8176,18,44,0.4835,17.493,0.2088,19,0.1885,0.12897,13.9,6,72.0,,,,,,4,0,4,0,99,0,4,1029,667-GEMINI -M--mas,6.803,7,,,7,,132.709
0.8083,2,113,0.689,2.153,0.2683,44,0.0893,0.06668,13.4,5,24.667,,,,,,0,0,,0,109,0,0,929,672-敗北の少年-mas,1.076,1,,,1,,61.945
0.8384,5,82,0.6833,5.097,0.2333,28,0.2375,0.11523,13.8,5,36.2,,,,,,0,0,,0,105,0,0,981,673-拝啓ドッペルゲンガー-mas,0.0,0,,,,,113.04
0.7887,3,101,0.6273,3.472,0.1366,22,0.1933,0.09108,13.8,5,26.667,,,,,,0,0,,0,107,0,0,864,674-人生リセットボタン-mas,6.944,6,,,,6,78.697
0.8623,9,65,0.5652,10.702,0.0957,11,0.2033,0.07709,13.7,4,25.867,,,,,,0,0,,0,96,0,0,841,678-すーぱーぬこになりたい-mas,0.0,0,,,,,64.831
0.7583,34,28,0.5091,76.404,0.6364,35,0.3483,0.12063,13.7,5,20.8,,,,,,0,0,,0,51,0,0,445,68-Turn around-mas,47.191,21,13,,8,,53.68
0.7322,20,51,0.6538,32.258,0.3718,29,0.2661,0.15967,13.8,5,40.0,,,,,,0,0,,0,71,0,0,620,683-MilK-mas,8.065,5,,,1,4,98.998
0.7761,5,100,0.6173,4.776,0.1543,25,0.2015,0.1358,14.1,5,31.275,,,,,,0,0,,0,127,0,0,1047,684-FREEDOM DiVE (tpz Overcute Remix)-mas,0.0,0,,,,,142.182
0.819,17,43,0.5443,18.785,0.1899,15,0.2011,0.11678,13.8,8,25.6,,1,,,1,0,2,,0,98,1,2,905,687-CYBER Sparks-remas,0.0,0,,,,,105.687
0.7819,19,3,0.25,34.05,0.0833,1,0.3315,0.14705,14.1,5,37.333,,,,,2,2,0,,0,46,0,2,558,69-Nerverakes-mas,0.0,0,,,,,82.055
0.82,3,45,0.5696,3.286,0.1013,8,0.2114,0.09899,14,6,26.667,,,,,,0,0,,0,96,0,0,913,695-分からない-mas,0.0,0,,,,,90.377
0.8338,4,65,0.7303,3.788,0.1685,15,0.1856,0.09586,14,5,27.75,,,,,,0,0,,0,96,0,0,1056,696-Jumble Rumble-mas,0.0,0,,,,,101.231
0.7858,11,39,0.375,16.105,0.2115,22,0.3045,0.09525,13.2,10,26.667,,,,,,0,0,,0,111,0,0,683,697-ヒバナ-remas,0.0,0,,,,,65.057
0.7738,27,60,0.4027,38.627,0.255,38,0.2175,0.11488,13.3,5,49.2,,,,,,0,0,,0,92,0,0,699,698-Jimang Shot-mas,17.167,12,3,,8,1,80.303
0.8191,11,65,0.625,24.609,0.25,26,0.2729,0.16063,13.3,5,16.0,,,,,,0,0,,0,59,0,0,447,699-幽闇に目醒めしは-mas,0.0,0,,,,,71.8
0.7507,21,21,0.5385,63.83,0.4103,16,0.31,0.11754,13.4,7,26.0,,,,,,0,0,,0,42,0,0,329,70-Spin me harder-mas,0.0,0,,,,,38.671
0.8456,6,87,0.6493,9.724,0.1567,21,0.2853,0.10153,13.2,4,21.0,,,,,,0,0,,0,111,0,0,617,700-ゴーストルール-mas,0.0,0,,,,,62.646
0.8508,9,97,0.5607,9.967,0.237,41,0.2303,0.11783,13.7,4,28.5,,,,,,0,0,,0,112,0,0,903,702-光線チューニング-mas,6.645,6,,,6,,106.402
0.8083,10,76,0.6667,13.28,0.2281,26,0.2005,0.12021,14.5,6,70.0,,,,,,4,0,4,0,81,0,4,753,703-Dragoon-remas,0.0,0,,,,,90.515
0.7912,4,6,0.6,7.797,0.3,3,0.1852,0.057,13.4,8,25.069,,,,,,0,0,,0,44,0,0,513,71-YA･DA･YO [Reborn]-mas,0.0,0,,,,,29.24
0.664,13,38,0.717,20.0,0.3774,20,0.3031,0.11116,14.4,9,31.5,,,,,,1,0,1,0,45,0,1,650,71-YA･DA･YO [Reborn]-remas,0.0,0,,,,,72.256
0.7947,12,88,0.55,13.59,0.1688,27,0.1212,0.08439,13.8,6,24.0,,,,1,,0,1,,0,109,1,1,883,715-ネクロファンタジア～Arr.Demetori-mas,4.53,4,,,4,,74.512
0.8917,10,38,0.5507,13.889,0.2609,18,0.2069,0.08913,13.8,4,24.8,,,,,,0,0,,0,78,0,0,720,718-六兆年と一夜物語-mas,2.778,2,,,2,,64.177
0.7566,27,18,0.6,43.831,0.1667,5,0.3571,0.1194,13.7,6,23.333,,,,,,0,0,,0,80,0,0,616,72-みんなのマイマイマー-mas,0.0,0,,,,,73.552
0.7785,13,73,0.6033,13.963,0.2149,26,0.2256,0.12777,14,10,25.363,3,,,,,3,0,,0,90,0,3,931,723-魔法少女になるしかねぇ-mas,4.296,4,,,4,,118.95
0.8133,5,39,0.7358,7.645,0.1887,10,0.1636,0.15741,13.9,5,52.5,,,,,,0,0,,0,78,0,0,654,725-Sakura Fubuki-mas,4.587,3,1,,2,,102.948
0.7335,30,82,0.4881,33.595,0.2202,37,0.3337,0.1276,14,16,26.667,,,,,,0,0,,0,118,0,0,893,726-The wheel to the right-mas,0.0,0,,,,,113.945
0.7137,12,53,0.7162,13.529,0.1486,11,0.2424,0.13949,13.9,12,36.0,,,,,,0,0,,0,101,0,0,887,"730-Good Bye, Mr. Jack-mas",2.255,2,,,2,,123.726
0.7933,28,65,0.4545,37.037,0.2028,29,0.2579,0.11629,13.8,13,23.733,1,,,,,1,0,,0,94,0,1,756,731-DETARAME ROCK＆ROLL THEORY-mas,3.968,3,1,,1,1,87.915
0.8523,39,57,0.5534,57.018,0.3495,36,0.2749,0.1347,13.2,4,28.0,,1,,,,0,1,,0,72,1,1,684,74-maiム・maiム feat.週刊少年マガジン-mas,1.462,1,1,,,,92.131
0.7748,10,40,0.4762,11.737,0.2738,23,0.1901,0.15304,14.2,5,72.0,,,,,,2,0,2,0,53,0,2,852,749-Destr0yer-mas,0.0,0,,,,,130.393
0.639,7,1,0.1667,15.086,0.1667,1,0.2328,0.05155,13.6,11,20.683,,,,,,0,0,,0,58,0,0,464,75-Space Harrier Main Theme [Reborn]-mas,0.0,0,,,,,23.921
0.7507,8,41,0.6613,12.251,0.129,8,0.34,0.11393,13.5,6,19.2,,,,,,0,0,,0,70,0,0,653,750-Signature-mas,0.0,0,,,,,74.393
0.6475,7,46,0.5823,15.284,0.2658,21,0.2118,0.10394,13.7,10,18.0,,,,,,0,0,,0,35,0,0,458,751-Altale-mas,0.0,0,,,,,47.605
0.8818,22,42,0.4242,40.441,0.2424,24,0.3125,0.11107,13.2,6,18.267,,,,,,0,0,,0,73,0,0,544,752-深海少女-mas,0.0,0,,,,,60.42
0.7428,30,73,0.5794,54.054,0.254,32,0.2757,0.13313,13.3,9,20.0,,,,,,0,0,,0,82,0,0,555,755-レッツゴー!陰陽師-mas,5.405,3,,,3,,73.885
0.7462,2,43,0.4526,2.813,0.2842,27,0.0703,0.09361,13.3,14,18.0,,,,,,0,0,,0,75,0,0,711,757-フィクサー-mas,0.0,0,,,,,66.56
0.8552,19,41,0.5942,41.215,0.3478,24,0.3905,0.14078,13.4,4,26.438,,,,,,0,0,,0,70,0,0,461,76-KONNANじゃないっ！-mas,10.846,5,,,5,,64.9
0.782,19,26,0.4262,38.462,0.0984,6,0.2996,0.12103,13.5,5,27.2,,,,,,0,0,,0,80,0,0,494,77-BAD∞END∞NIGHT-mas,0.0,0,,,,,59.787
0.8619,13,74,0.5211,15.222,0.0634,9,0.2049,0.08671,13.7,5,25.333,,1,,,,0,1,,0,111,1,1,854,777-無敵We are one!!-mas,0.0,0,,,,,74.05
0.8409,11,43,0.5181,13.189,0.0482,4,0.2962,0.07588,13.2,5,21.0,,,,,,0,0,,0,123,0,0,834,778-ドキドキDREAM!!!-mas,0.0,0,,,,,63.283
0.7763,11,68,0.4928,14.049,0.1812,25,0.3359,0.10237,13.4,10,28.267,,,,,1,1,0,,0,120,0,1,783,779-ハート・ビート-mas,5.109,4,,4,,,80.155
0.8086,16,95,0.5975,20.356,0.1509,24,0.173,0.10292,13.3,8,22.933,,,,,,0,0,,0,99,0,0,786,780-brilliant better-mas,8.906,7,,,5,2,80.895
0.8171,9,31,0.4921,11.125,0.1429,9,0.2262,0.10104,13.4,5,35.0,,,,,,0,0,,0,104,0,0,809,782-私の中の幻想的世界観及びその顕現を想起させたある現実での出来事に関する一考察-mas,0.0,0,,,,,81.744
0.8677,18,43,0.43,21.765,0.16,16,0.2491,0.11328,13.7,4,29.466,,,,,,0,0,,0,126,0,0,827,783-猛進ソリストライフ！-mas,7.255,6,,,,6,93.679
0.7976,18,65,0.4924,23.841,0.1894,25,0.2225,0.13125,13.3,11,19.333,,,,,,0,0,,0,85,0,0,755,784-My Dearest Song-mas,0.0,0,,,,,99.092
0.7744,0,38,0.8085,0.0,0.1489,7,0.2546,0.08068,13.4,5,24.2,,,,,,0,0,,0,113,0,0,656,785-SPICY SWINGY STYLE-mas,0.0,0,,,,,52.926
0.7978,12,83,0.7411,16.713,0.2143,24,0.1546,0.10817,13.2,9,23.995,,,,,,0,0,,0,100,0,0,718,786-Bang Babang Bang!!!-mas,0.0,0,,,,,77.669
0.8249,8,55,0.5093,8.801,0.2037,22,0.2519,0.08685,13.8,8,30.667,,,,,,0,0,,0,129,0,0,909,791-奏者はただ背中と提琴で語るのみ-mas,2.2,2,1,,1,,78.945
0.7828,17,60,0.4651,21.197,0.1938,25,0.2868,0.08386,13.6,5,36.2,,,,,,0,0,,0,97,0,0,802,793--OutsideR＿RequieM--mas,2.494,2,,,2,,67.257
0.8259,12,62,0.5345,17.143,0.1034,12,0.2871,0.09583,13.3,9,24.0,,,,,,0,0,,0,92,0,0,700,794-あねぺったん-mas,21.429,15,12,,3,,67.08
0.853,10,41,0.3868,13.158,0.1321,14,0.2276,0.08266,13.7,4,28.845,,,,,,0,0,,0,108,0,0,760,795-なるとなぎのパーフェクトロックンロール教室-mas,1.316,1,,,,1,62.825
0.7553,1,80,0.625,1.056,0.1562,20,0.2291,0.08879,13.8,6,24.705,,,,,,0,0,,0,109,0,0,947,797-Infantoon Fantasy-mas,0.0,0,,,,,84.083
0.8442,27,85,0.625,38.352,0.2868,39,0.2812,0.12281,13.3,5,28.044,,,,,,0,0,,0,117,0,0,704,798-幾四音-Ixion--mas,5.682,4,,,,4,86.457
0.805,14,30,0.4412,17.722,0.1765,12,0.2203,0.10902,13,7,19.631,,,,,,0,0,,0,84,0,0,790,799-Invitation-mas,5.063,4,,2,,2,86.125
0.7616,31,95,0.4948,42.936,0.2812,54,0.2673,0.13979,13.4,10,25.333,,,,,,0,0,,0,110,0,0,722,801-心象蜃気楼-mas,11.08,8,,,8,,100.93
0.8386,12,65,0.6019,14.303,0.0648,7,0.2479,0.12019,13.9,8,32.0,,,,,,0,0,,0,85,0,0,839,802-We Gonna Journey-mas,8.343,7,,,7,,100.844
0.8659,32,107,0.5978,38.141,0.4804,86,0.2682,0.13601,13.7,5,29.333,,,,,,0,0,,0,132,0,0,839,803-Kattobi KEIKYU Rider-mas,2.384,2,,,,2,114.109
0.8186,6,19,0.4634,9.217,0.122,5,0.2596,0.14616,13.3,3,36.215,,,,,,0,0,,0,59,0,0,651,812-回レ！雪月花-mas,7.68,5,2,,3,,95.151
0.8705,12,79,0.6475,20.833,0.2377,29,0.2483,0.08615,13.7,4,26.667,,,,,,0,0,,0,73,0,0,576,815-REVIVER オルタンシア・サーガ -蒼の騎士団- オリジナルVer-mas,10.417,6,,,4,2,49.621
0.8457,12,52,0.416,18.1,0.136,17,0.2594,0.11298,13.7,7,27.758,,,,,,0,0,,0,78,0,0,663,818-ギリギリ最強あいまいみー！-mas,3.017,2,,,,2,74.909
0.8342,10,42,0.4941,20.243,0.2824,24,0.2591,0.13162,13.4,23,32.298,6,,,,,6,0,,0,59,0,6,494,821-真・ハンサム体操でズンドコホイ-mas,0.0,0,,,,,65.021
0.8295,11,148,0.7014,15.449,0.2464,52,0.1671,0.11403,13.3,4,26.933,,,,,,0,0,,0,103,0,0,712,825-セハガガガンバッちゃう！！-mas,11.236,8,,,7,1,81.189
0.7786,5,48,0.5517,9.747,0.2299,20,0.2027,0.09765,13.2,4,31.733,,,,,,0,0,,0,85,0,0,513,827-ラブって♡ジュエリー♪えんじぇる☆ブレイク！！-mas,0.0,0,,,,,50.094
0.7581,22,29,0.4833,32.984,0.25,15,0.3703,0.11531,13.8,5,40.0,,,,,,0,0,,0,75,0,0,667,83-Get Happy-mas,2.999,2,2,,,,76.914
0.8654,17,33,0.4459,26.114,0.2432,18,0.2135,0.11282,13.2,5,20.8,,,,,,0,0,,0,85,0,0,651,830-HIMITSUスパーク-mas,3.072,2,,,,2,73.447
0.802,0,58,0.537,0.0,0.1852,20,0.2219,0.0708,13.2,8,47.467,,,,,,0,0,,0,92,0,0,667,833-ガチャガチャきゅ～と・ふぃぎゅ@メイト-mas,8.996,6,,,4,2,47.225
0.7483,15,102,0.4789,41.667,0.2535,54,0.0861,0.13546,13.8,5,15.333,,,,,,0,0,,0,56,0,0,360,834-Rodeo Machine-mas,0.0,0,,,,,48.766
0.6974,29,52,0.4407,42.029,0.2966,35,0.1841,0.09811,13.3,8,20.0,,,,,,0,0,,0,81,0,0,690,836-ジンギスカン-mas,1.449,1,,,1,,67.695
0.7907,12,51,0.3723,32.787,0.0949,13,0.3142,0.14961,13.8,25,40.467,,,,,,0,0,,0,49,0,0,366,839-にじよめちゃん体操第一億-mas,0.0,0,,,,,54.758
0.7207,9,58,0.6304,11.719,0.337,31,0.2604,0.13849,13.6,32,30.8,,,,,,0,0,,0,90,0,0,768,841-ナンセンス文学-mas,13.021,10,,,10,,106.361
0.7977,2,39,0.5342,2.162,0.1781,13,0.1989,0.07289,13.8,6,21.367,,,,,,0,0,,0,94,0,0,925,842-立ち入り禁止-remas,2.162,2,,,2,,67.425
0.8052,6,45,0.4839,8.633,0.2043,19,0.3108,0.09391,13.3,7,28.0,,,,,,0,0,,0,111,0,0,695,844-ストリーミングハート-mas,0.0,0,,,,,65.268
0.7839,0,89,0.6224,0.0,0.2168,31,0.1876,0.10061,13.4,6,24.0,,,,,,0,0,,0,101,0,0,789,846-+♂-mas,7.605,6,,,,6,79.381
0.8055,7,54,0.7105,9.901,0.2895,22,0.1711,0.08709,13.7,9,33.3,,,,,,0,0,,0,100,0,0,707,849-終点-mas,0.0,0,,,,,61.573
0.8963,16,38,0.4222,21.108,0.2889,26,0.2718,0.09677,13.2,5,26.801,,,,,,0,0,,0,119,0,0,758,851-フキゲンワルツ-mas,9.235,7,,,3,4,73.355
0.7923,16,60,0.6122,24.242,0.2449,24,0.2364,0.08192,13.2,10,28.667,,,,,,0,0,,0,120,0,0,660,852-ミラクルペイント-mas,0.0,0,,,,,54.067
0.8121,13,83,0.6103,18.732,0.1544,21,0.2017,0.09177,13.2,4,24.667,,,,,,0,0,,0,108,0,0,694,854-はやくそれになりたい！-remas,1.441,1,,,1,,63.69
0.8238,8,51,0.5368,11.111,0.2842,27,0.2181,0.08077,13,7,24.667,,,,,,0,0,,0,90,0,0,720,855-キミノヨゾラ哨戒班-mas,1.389,1,,,,1,58.156
0.8062,10,15,0.375,13.661,0.25,10,0.2801,0.09371,13.3,5,23.333,,,,,,0,0,,0,86,0,0,732,857-おこちゃま戦争-mas,2.732,2,,,2,,68.595
0.771,0,103,0.6821,0.0,0.0728,11,0.162,0.05441,13.4,9,26.667,,,,,,0,0,,0,114,0,0,895,862-パーフェクト生命-mas,5.587,5,,,5,,48.697
0.856,14,54,0.7013,16.092,0.1818,14,0.2345,0.13231,13.6,5,30.0,,,,,,0,0,,0,84,0,0,870,864-ありふれたせかいせいふく-mas,0.0,0,,,,,115.11
0.8443,6,61,0.5596,7.682,0.211,23,0.178,0.08487,13.3,13,20.0,,,,,,0,0,,0,91,0,0,781,869-ロキ-remas,1.28,1,,,1,,66.284
0.8427,11,98,0.6667,14.013,0.1361,20,0.2306,0.10834,13.4,6,24.667,,,,,,0,0,,0,100,0,0,785,870-クノイチでも恋がしたい-mas,7.643,6,,1,5,,85.05
0.818,11,57,0.7215,13.514,0.3291,26,0.2187,0.11401,13.8,9,24.667,,,,,,0,0,,0,97,0,0,814,871-リンカーネイション-mas,6.143,5,,,,5,92.806
0.832,6,40,0.4124,7.317,0.0825,8,0.2317,0.074,13.7,4,29.293,,,,,,0,0,,0,100,0,0,820,873-ネトゲ廃人シュプレヒコール-mas,0.0,0,,,,,60.681
0.7725,5,68,0.6018,6.784,0.1681,19,0.2252,0.09653,13.3,6,22.933,,,,,,0,0,,0,91,0,0,737,876-クレイジークレイジーダンサーズ-remas,6.784,5,,,3,2,71.145
0.8521,12,47,0.5402,21.898,0.0345,3,0.219,0.09313,13.2,5,21.333,,,,,,0,0,,0,66,0,0,548,878-YU-MU-mas,5.474,3,,,1,2,51.035
0.7515,12,26,0.3881,26.258,0.1642,11,0.3085,0.08927,13.2,8,15.0,,,,,,0,0,,0,74,0,0,457,88-Tell Your World-remas,4.376,2,,,,2,40.795
0.7845,14,43,0.5119,20.26,0.0952,8,0.2648,0.11082,13.2,5,22.933,,,,,,0,0,,0,89,0,0,691,882-Money Money-mas,0.0,0,,,,,76.574
0.8083,16,77,0.7549,22.222,0.1961,20,0.2153,0.10543,13.4,5,28.0,,,,,,0,0,,0,113,0,0,720,883-隠然-remas,2.778,2,,,,2,75.909
0.817,20,26,0.4815,46.296,0.3889,21,0.2963,0.12062,13.2,6,50.465,,,,,,0,0,,0,65,0,0,432,888-月に叢雲華に風-mas,6.944,3,,,2,1,52.108
0.8012,9,30,0.5556,14.975,0.1852,10,0.2712,0.12418,13.3,4,34.0,,,,,,0,0,,0,70,0,0,601,89-ロミオとシンデレラ-remas,3.328,2,1,,1,,74.633
0.8363,10,38,0.2734,14.948,0.1367,19,0.2347,0.08158,13.7,4,28.8,,,,,,0,0,,0,99,0,0,669,891-オーディエンスを沸かす程度の能力 feat.タイツォン-mas,2.99,2,,,,2,54.58
0.8576,23,67,0.5038,26.498,0.218,29,0.2627,0.10176,13.4,4,24.0,,,,,,0,0,,0,103,0,0,868,892-taboo tears you up-mas,3.456,3,,,3,,88.327
0.8009,10,66,0.6471,13.245,0.2549,26,0.1881,0.09353,13.4,4,26.292,6,,,,,6,0,,0,85,0,6,755,893-White Traveling Girl-mas,10.596,8,,,8,,70.618
0.8716,3,26,0.4561,3.601,0.1404,8,0.2845,0.08829,13.4,3,21.733,,,,,,0,0,,0,82,0,0,833,894-No Routine-mas,4.802,4,,,4,,73.545
0.8277,13,62,0.4161,28.078,0.0738,11,0.3067,0.14559,13.3,5,17.067,,,,,,0,0,,0,69,0,0,463,895-不思議の国のクリスマス-mas,4.32,2,,,,2,67.41
0.801,10,38,0.4524,13.889,0.0357,3,0.2583,0.09325,13.4,5,23.333,,,,,,0,0,,0,88,0,0,720,903-チルノのパーフェクトさんすう教室 ⑨周年バージョン-mas,11.111,8,,,8,,67.14
0.8072,1,105,0.625,1.395,0.0774,13,0.1367,0.07031,13.3,5,24.0,,,,,,0,0,,0,99,0,0,717,904-ひれ伏せ愚民どもっ！-mas,9.763,7,,,3,4,50.41
0.8575,12,74,0.4868,15.645,0.1974,30,0.2529,0.10494,13.4,8,22.4,,,,,,0,0,,0,97,0,0,767,905-【東方ニコカラ】秘神マターラ feat.魂音泉【IOSYS】-mas,1.304,1,,,1,,80.485
0.8596,8,73,0.7684,12.821,0.2211,21,0.2115,0.13863,13.3,5,29.293,,,,,,0,0,,0,65,0,0,624,906-Club Ibuki in Break All-mas,3.205,2,,,,2,86.507
0.8049,19,79,0.622,22.565,0.2283,29,0.2114,0.12308,13.4,6,22.435,,,,,,0,0,,0,90,0,0,842,907-Phantasm Brigade-mas,0.0,0,,,,,103.631
0.8328,19,96,0.5614,28.658,0.1813,31,0.2504,0.13657,13.4,4,29.985,,,,,,0,0,,0,85,0,0,663,908-蒼空に舞え、墨染の桜-mas,3.017,2,,,2,,90.544
0.8079,0,39,0.52,0.0,0.24,18,0.1883,0.08095,13.3,4,20.4,,,,,,0,0,,0,53,0,0,547,910-橙の幻想郷音頭-mas,9.141,5,,,,5,44.278
0.8059,14,52,0.7429,25.362,0.1286,9,0.2844,0.11156,13.3,6,17.6,,,,,,0,0,,0,55,0,0,552,915-妖精村の月誕祭 ～Lunate Elf-mas,0.0,0,,,,,61.58
0.8202,0,34,0.2329,0.0,0.0959,14,0.2377,0.08952,13.2,4,1261.835,,,,,,0,0,,0,80,0,0,711,916-ってゐ！ ～えいえんてゐVer～-remas,8.439,6,2,,,4,63.65
0.8696,10,90,0.566,14.085,0.1824,29,0.2465,0.0999,13.3,4,1486.509,,2,,,,0,2,,0,118,2,2,710,917-東方妖々夢 ～the maximum moving about～-mas,0.0,0,,,,,70.932
0.8473,6,34,0.4474,10.545,0.1842,14,0.3058,0.07357,13.4,4,24.0,,,,,,0,0,,0,73,0,0,569,918-物凄い勢いでけーねが物凄いうた-mas,0.0,0,,,,,41.86
0.806,3,74,0.5481,3.352,0.1556,21,0.1575,0.09629,13.6,9,26.575,,,,,,0,0,,0,103,0,0,895,919-進捗どうですか？-mas,2.235,2,,,2,,86.179
0.827,15,13,0.4483,28.571,0.3103,9,0.3733,0.11912,13.3,4,23.333,,,,,,0,0,,0,87,0,0,525,92-チルノのパーフェクトさんすう教室-mas,0.0,0,,,,,62.54
0.827,1,49,0.5326,1.028,0.1522,14,0.1871,0.10273,13.8,5,32.2,,,,,,0,0,,0,87,0,0,973,921-Imperishable Night 2006 (2016 Refine)-mas,2.055,2,,,2,,99.953
0.7391,3,70,0.5983,3.563,0.2906,34,0.1615,0.09284,14,25,24.0,,,,,,0,0,,0,96,0,0,842,922-もうみんなしねばいいのに-mas,10.689,9,,,1,8,78.17
0.8503,27,46,0.5227,38.352,0.3409,30,0.3537,0.11547,13.4,5,27.162,,,,,,0,0,,0,88,0,0,704,923-Grip & Break down !!-mas,0.0,0,,,,,81.294
0.8375,15,47,0.3588,15.244,0.1908,25,0.2724,0.11693,13.9,6,46.4,,,,,,0,0,,0,103,0,0,984,924-Scream out! -maimai SONIC WASHER Edit--mas,1.016,1,,,1,,115.062
0.7364,14,78,0.7091,19.58,0.4,44,0.1818,0.11133,13.7,10,40.0,,,,,,0,0,,0,87,0,0,715,925-患部で止まってすぐ溶ける～狂気の優曇華院-mas,0.0,0,,,,,79.603
0.7303,11,49,0.5326,12.6,0.1522,14,0.2806,0.10144,14,6,26.667,,,,,,0,0,,0,86,0,0,873,925-患部で止まってすぐ溶ける～狂気の優曇華院-remas,0.0,0,,,,,88.554
0.8107,22,81,0.7105,26.538,0.1842,21,0.2075,0.10858,13.4,6,25.6,,,,,,0,0,,0,146,0,0,829,926-Change Our MIRAI！-mas,0.0,0,,,,,90.01
0.8275,30,45,0.5921,46.083,0.3553,27,0.3287,0.13351,13.6,6,24.667,,,,,,0,0,,0,78,0,0,651,93-記憶、記録-mas,4.608,3,,,3,,86.915
0.8167,17,38,0.5758,22.911,0.2576,17,0.2642,0.1399,14.3,6,148.0,,,,,,6,0,6,0,81,0,6,742,93-記憶、記録-remas,6.739,5,4,,1,,103.802
0.7243,8,11,0.2973,12.841,0.0,0,0.199,0.07407,14.4,9,26.667,,,,,,0,0,,0,38,0,0,623,977-ジングルベル-mas,0.0,0,,,,,46.145
0.7843,19,64,0.5333,29.008,0.1583,19,0.2321,0.19056,14.2,33,80.0,6,,,,,10,0,4,0,38,0,10,655,977-ジングルベル-remas,0.0,0,,,,,124.815
0.794,20,124,0.8052,22.075,0.2987,46,0.1843,0.08123,13.8,17,25.333,,,,,,0,0,,0,106,0,0,906,979-厨病激発ボーイ-mas,7.726,7,,,7,,73.59
0.7524,5,71,0.6339,7.321,0.1071,12,0.2548,0.08893,13.4,5,28.0,,,,,,0,0,,0,110,0,0,683,981-白ゆき-mas,2.928,2,,,,2,60.739
0.8242,14,46,0.4259,20.649,0.25,27,0.1991,0.0684,13.3,4,22.573,,,,,,0,0,,0,88,0,0,678,986-結ンデ開イテ羅刹ト骸-remas,4.425,3,,,2,1,46.373
0.839,28,65,0.4676,30.668,0.1871,26,0.2245,0.14623,13.6,4,25.2,,,,,,0,0,,0,141,0,0,913,987-ドーナツホール-mas,0.0,0,,,,,133.512
0.7611,13,36,0.48,20.186,0.0133,1,0.2329,0.11988,13.3,6,25.334,,,,,,0,0,,0,51,0,0,644,988-砂の惑星 feat. HATSUNE MIKU-mas,0.0,0,,,,,77.205
0.7624,6,45,0.5844,10.772,0.1169,9,0.2675,0.05675,13.7,8,25.0,,,,,,0,0,,0,55,0,0,557,989-magician's operation-mas,0.0,0,,,,,31.61
0.7927,12,62,0.5124,11.55,0.2231,27,0.204,0.15988,14.5,6,41.456,,,,,,0,0,,0,102,0,0,1039,993-VIIIbit Explorer-mas,1.925,2,,,2,,166.116
0.8272,17,86,0.6143,24.927,0.3143,44,0.2713,0.11382,14.1,6,43.2,,,,,,0,0,,0,93,0,0,682,999-火炎地獄-mas,0.0,0,,,,,77.626
