scope,song,genre,song_kind,level,bpm,n_bars,function,label_ja,skeleton_top,coverage_mean,coverage_ctrl_mean,extra_ratio_mean,rest_beats_mean,hardness_mean,intensity_mean,notes_per_bar,pool_per_bar,rho_I_hardness,rho_I_density,mode_全采,mode_半采,mode_稀采/空音,mode_加花,mode_静默,mode_混合,cfg_错位,cfg_普通交互,cfg_纵连,cfg_长纵连,cfg_三角交互,cfg_轴交互,cfg_楼梯交互,cfg_逆楼梯/方向盘,cfg_大宇宙,cfg_散点,cfg_跳拍,cfg_定拍,cfg_子弹,cfg_单双/双单,cfg_连续双押,cfg_双押纵,cfg_侧边双押
song,-OutsideRRequieM-,オンゲキ＆CHUNITHM,vocal,13.6,181.0,104,,,drums,0.6258,0.5528,0.0852,0.99,0.4768,0.6659,7.856,5.385,0.2292,0.3734,0.2885,0.2308,0.0962,0.0385,0.1058,0.2404,0.1058,0.0673,0.0673,0.0,0.0288,0.0288,0.0385,0.0288,0.0385,0.0,0.0769,0.0192,0.3654,0.0481,0.3654,0.0481,0.0769
song,7thSense,maimai,instrumental,14.4,150.0,80,,,drums,0.6942,0.423,0.2952,0.766,0.5683,0.5598,10.738,6.075,0.6122,0.7234,0.3125,0.0375,0.0625,0.2625,0.0125,0.3125,0.275,0.3125,0.05,0.0,0.05,0.0875,0.0375,0.05,0.0375,0.0,0.15,0.0,0.2625,0.0625,0.4375,0.0375,0.025
song,ARROW,niconico＆ボーカロイド,vocal,13.3,131.0,68,,,drums,0.6561,0.556,0.1341,0.79,0.4884,0.8319,9.662,5.853,0.3606,0.4234,0.2794,0.0882,0.0882,0.0588,0.0147,0.4706,0.0588,0.1471,0.0,0.0,0.0,0.0,0.0147,0.0,0.0,0.0,0.1324,0.0,0.1471,0.2353,0.3529,0.0,0.0441
song,Acceleration,maimai,instrumental,13.4,180.0,60,,,drums,0.7793,0.6265,0.1027,0.617,0.5225,0.6427,7.733,4.333,0.6707,0.4928,0.4667,0.0833,0.0167,0.0833,0.0833,0.2667,0.1167,0.4,0.0,0.0,0.0,0.0,0.0,0.0,0.0,0.0,0.0167,0.0,0.0333,0.2,0.1167,0.0,0.15
song,Aiolos,maimai,instrumental,14.3,205.0,110,,,drums,0.8116,0.4661,0.1584,0.366,0.4345,0.6598,10.0,4.955,0.305,0.5051,0.5364,0.0455,0.0273,0.0545,0.0818,0.2545,0.1,0.2909,0.0636,0.0364,0.0273,0.0091,0.0182,0.0091,0.0545,0.0636,0.1,0.0,0.0182,0.0545,0.3727,0.0,0.0
song,Axeria,maimai,instrumental,14.5,193.0,87,,,drums,0.8098,0.3816,0.1288,0.5,0.5143,0.6925,10.207,5.218,0.4227,0.368,0.4713,0.0575,0.0,0.0345,0.0345,0.4023,0.3678,0.1839,0.0,0.0,0.023,0.1609,0.023,0.0,0.046,0.023,0.2414,0.0,0.0115,0.0115,0.2184,0.0,0.0
song,B.M.S.,ゲーム＆バラエティ,vocal,14.2,200.0,78,,,drums,0.7921,0.5036,0.1766,0.513,0.5838,0.7825,10.936,5.09,0.0153,0.1572,0.4103,0.0897,0.0385,0.141,0.0256,0.2949,0.1026,0.3462,0.0513,0.0128,0.0128,0.0897,0.0128,0.0,0.0,0.0385,0.0,0.2821,0.1667,0.3462,0.2949,0.1026,0.0128
song,BAD∞END∞NIGHT,niconico＆ボーカロイド,vocal,13.5,204.0,80,,,drums,0.6879,0.4154,0.0898,0.808,0.4044,0.8487,6.2,4.338,0.2478,0.1894,0.35,0.125,0.1,0.0375,0.0125,0.375,0.075,0.0625,0.0375,0.0,0.0125,0.0,0.0,0.0,0.0,0.0,0.1625,0.0,0.0,0.0875,0.1375,0.0,0.0375
song,Back 2 Back,ゲーム＆バラエティ,vocal,13.7,150.0,67,,,bass,0.3562,0.2649,0.0227,2.396,0.6725,0.6406,5.687,6.254,0.4616,0.1501,0.0,0.3433,0.4627,0.0,0.0448,0.1493,0.4478,0.0,0.0,0.0,0.0,0.1194,0.0,0.0,0.0,0.0,0.0,0.0,0.0,0.0,0.0,0.0,0.0
song,Bang Babang Bang!!!,オンゲキ＆CHUNITHM,vocal,13.2,200.0,103,,,drums,0.7219,0.2559,0.0736,0.631,0.528,0.695,7.34,5.029,0.4735,0.529,0.3883,0.1068,0.0485,0.0194,0.0971,0.3398,0.2427,0.1262,0.0,0.0,0.0097,0.0,0.0097,0.0097,0.0194,0.0,0.0291,0.0,0.2233,0.0583,0.2718,0.0485,0.0
song,Barbed Eye,maimai,vocal,13.0,135.0,79,,,drums,0.6924,0.4027,0.1557,0.854,0.5976,0.7753,10.215,5.456,0.5418,0.4717,0.3165,0.0886,0.038,0.0886,0.0253,0.443,0.1013,0.1646,0.0,0.0,0.0253,0.0,0.0127,0.0,0.0,0.0253,0.1899,0.0,0.3544,0.3165,0.4684,0.0,0.0
song,Believe the Rainbow,maimai,vocal,13.4,133.0,77,,,drums,0.3626,0.0939,0.0512,2.175,0.4434,0.6434,5.779,5.766,0.3592,0.3356,0.039,0.2208,0.3506,0.0649,0.2078,0.1169,0.2078,0.0,0.0,0.0,0.0,0.0,0.0,0.0,0.0,0.0,0.0,0.0,0.0,0.0,0.026,0.026,0.0
song,Black Out,maimai,instrumental,13.3,142.0,44,,,drums,0.6776,0.5418,0.0905,0.71,0.4842,0.7918,7.705,6.773,0.6341,0.503,0.2273,0.0909,0.0682,0.0227,0.0,0.5909,0.4545,0.0455,0.2955,0.0,0.0,0.0,0.0,0.0,0.0,0.0,0.2045,0.0,0.2273,0.0455,0.1136,0.0,0.0455
song,Brain Power,ゲーム＆バラエティ,instrumental,13.4,170.0,76,,,drums,0.7194,0.5546,0.0565,0.888,0.4978,0.8157,8.724,4.974,0.2593,0.479,0.4474,0.1184,0.0526,0.0132,0.0395,0.3289,0.1053,0.0921,0.1316,0.0,0.0263,0.0263,0.1316,0.0,0.0789,0.0,0.0263,0.0,0.0395,0.0263,0.2632,0.0132,0.0921
song,Contrapasso -paradiso-,maimai,instrumental,14.4,243.0,126,,,drums,0.7172,0.6254,0.1066,0.506,0.5974,0.698,8.127,3.786,0.5002,0.662,0.4286,0.0873,0.0238,0.0476,0.1032,0.3095,0.0476,0.1111,0.0952,0.0,0.0238,0.0,0.0238,0.0,0.0,0.0317,0.0397,0.0,0.2857,0.1032,0.3571,0.0556,0.0
song,Cosmic Magic Shooter,東方Project,vocal,13.9,163.0,72,,,drums,0.6955,0.2498,0.036,0.656,0.5755,0.7656,10.597,5.875,0.5292,0.4634,0.25,0.2639,0.0833,0.0,0.0,0.4028,0.1667,0.125,0.0139,0.0,0.0,0.0,0.0,0.0,0.0,0.0,0.0833,0.0,0.1389,0.1806,0.6528,0.1111,0.0139
song,DO RORO DERODERO ON DO RORO,ゲーム＆バラエティ,vocal,13.7,190.0,78,,,drums,0.7178,0.392,0.1784,0.827,0.5724,0.8514,6.603,3.897,-0.2972,-0.2881,0.3205,0.0256,0.1026,0.1282,0.0641,0.359,0.1154,0.3077,0.0128,0.0,0.1154,0.0,0.0256,0.0,0.0641,0.0,0.3718,0.0,0.1795,0.0,0.0256,0.0,0.0128
song,DRAGONLADY,ゲーム＆バラエティ,vocal,13.9,150.0,55,,,piano,0.8817,0.7643,0.072,0.323,0.5515,0.8278,11.673,6.291,0.1263,0.5739,0.6727,0.0,0.0,0.0,0.0364,0.2909,0.3273,0.3818,0.1273,0.0,0.0909,0.0182,0.0545,0.0,0.0364,0.0364,0.4182,0.0364,0.4182,0.0,0.0545,0.0182,0.0
song,Danza zandA,maimai,instrumental,13.4,129.0,59,,,other,0.6823,0.3074,0.1293,0.712,0.4316,0.8007,10.814,5.627,-0.1262,0.0804,0.2712,0.0,0.0678,0.0339,0.0339,0.5932,0.1864,0.0678,0.0,0.0,0.0339,0.0,0.0,0.0,0.0,0.0,0.1864,0.0,0.1017,0.1695,0.6102,0.0339,0.0847
song,Death Scythe,maimai,instrumental,13.8,182.0,89,,,drums,0.8015,0.7465,0.0829,0.646,0.4465,0.8114,8.573,5.944,0.1662,0.6211,0.618,0.0899,0.0112,0.0112,0.0449,0.2247,0.4045,0.236,0.0,0.0,0.0,0.0,0.0,0.0,0.0,0.0225,0.1573,0.0,0.0562,0.0449,0.0,0.0,0.0225
song,D✪N’T ST✪P R✪CKIN’,maimai,vocal,13.8,140.0,72,,,drums,0.6329,0.3725,0.1825,1.108,0.5602,0.6894,11.139,5.639,0.2109,-0.0201,0.125,0.3056,0.0833,0.1111,0.0,0.375,0.1528,0.125,0.0278,0.0,0.0139,0.0,0.0278,0.0278,0.0278,0.0,0.0278,0.0278,0.1111,0.0556,0.3611,0.0278,0.0833
song,ECHO,niconico＆ボーカロイド,vocal,13.5,140.0,74,,,drums,0.6697,0.4876,0.1971,0.794,0.666,0.7036,10.378,5.432,0.7326,0.7475,0.2568,0.3108,0.0135,0.0811,0.027,0.3108,0.5135,0.0,0.027,0.0,0.0,0.0,0.0,0.0,0.0,0.0,0.0811,0.1081,0.0676,0.5405,0.3378,0.0,0.1622
song,Endless World,maimai,vocal,13.0,142.0,66,,,drums,0.4592,0.3323,0.0961,1.205,0.4467,0.8347,6.03,7.045,0.1327,0.1414,0.0152,0.2727,0.2273,0.0758,0.0455,0.3636,0.1515,0.0,0.0606,0.0303,0.0,0.0,0.0,0.0,0.0,0.0,0.2727,0.0,0.2121,0.0909,0.0152,0.0,0.0303
song,FEEL ALIVE,maimai,instrumental,13.7,162.0,55,,,drums,0.696,0.6706,0.1181,1.064,0.4803,0.7669,8.527,7.018,0.11,0.2243,0.3273,0.1455,0.0,0.0182,0.1091,0.4,0.3636,0.4364,0.1273,0.0,0.0,0.0909,0.0,0.0,0.0,0.0,0.1273,0.0,0.1273,0.0,0.0909,0.0,0.0
song,FFT,maimai,instrumental,14.0,180.0,95,,,drums,0.6684,0.2586,0.1947,0.921,0.571,0.6826,8.937,4.979,0.4939,0.4597,0.2842,0.1789,0.0421,0.1579,0.0842,0.2526,0.4842,0.0421,0.0421,0.0,0.0,0.0316,0.0,0.0,0.0,0.0,0.0947,0.0,0.1263,0.0842,0.2316,0.0526,0.0
song,FLOWER,ゲーム＆バラエティ,instrumental,13.9,173.0,86,,,drums,0.6831,0.4325,0.1829,0.741,0.563,0.6764,9.442,5.023,0.4017,0.6027,0.3256,0.0465,0.093,0.1047,0.0698,0.3605,0.1512,0.0814,0.0116,0.0,0.0116,0.0,0.0116,0.0,0.0,0.0,0.3837,0.0,0.1395,0.1279,0.2326,0.0349,0.0465
song,FUJIN Rumble,ゲーム＆バラエティ,instrumental,14.5,192.0,96,,,drums,0.8305,0.4775,0.2018,0.462,0.5576,0.6379,10.417,5.865,0.3653,0.7632,0.5104,0.0417,0.0,0.0521,0.1146,0.2812,0.0625,0.3021,0.0833,0.0,0.0417,0.0104,0.0833,0.0312,0.0833,0.0,0.3021,0.0,0.0833,0.125,0.25,0.0,0.0
song,GOODMEN,ゲーム＆バラエティ,instrumental,13.4,175.0,91,,,drums,0.7734,0.5925,0.0666,0.673,0.5041,0.7465,9.615,5.736,0.1673,0.5202,0.5604,0.0769,0.0549,0.011,0.011,0.2857,0.4725,0.022,0.0769,0.022,0.011,0.0,0.022,0.0,0.022,0.0,0.1319,0.0,0.2857,0.2967,0.0989,0.0,0.0
song,Garden Of The Dragon,ゲーム＆バラエティ,instrumental,13.5,120.0,54,,,drums,0.5863,0.2673,0.1702,0.816,0.5292,0.8092,12.519,11.63,0.0079,0.3664,0.2407,0.0,0.0926,0.0926,0.0556,0.5185,0.2593,0.4815,0.0,0.0,0.0741,0.0,0.1852,0.0,0.0185,0.1111,0.2222,0.0,0.1111,0.0741,0.3889,0.037,0.0
song,Get Happy,maimai,instrumental,13.8,150.0,75,,,drums,0.6903,0.4531,0.0728,0.68,0.2682,0.7699,9.067,7.587,-0.1978,-0.1653,0.28,0.12,0.0533,0.0,0.0133,0.5333,0.0933,0.1333,0.0,0.0,0.0,0.0,0.0,0.0,0.0,0.0,0.32,0.0,0.3867,0.04,0.04,0.0,0.0133
song,Got more raves？,ゲーム＆バラエティ,instrumental,14.1,266.0,134,,,drums,0.7348,0.1295,0.2115,0.593,0.4071,0.7609,6.731,4.067,0.0917,0.3923,0.3284,0.1493,0.0522,0.0672,0.0672,0.3358,0.1194,0.4552,0.0373,0.0,0.0448,0.1045,0.1418,0.0,0.0448,0.0,0.0448,0.0,0.3358,0.0149,0.1493,0.0149,0.0075
song,HERA,maimai,instrumental,14.3,185.0,105,,,drums,0.7661,0.4646,0.0484,0.755,0.5321,0.695,9.819,5.771,0.2623,0.6019,0.5143,0.1143,0.019,0.0095,0.0762,0.2667,0.2,0.219,0.0667,0.1048,0.1048,0.0,0.1333,0.0,0.0952,0.0,0.0857,0.0952,0.181,0.019,0.3143,0.1333,0.0
song,HIMITSUスパーク,POPS＆アニメ,vocal,13.2,156.0,86,,,drums,0.6892,0.3212,0.1267,0.991,0.4418,0.7012,7.767,5.047,0.2695,0.2414,0.3372,0.1744,0.0349,0.0465,0.0349,0.3721,0.0698,0.1163,0.0,0.0,0.0233,0.0,0.0233,0.0,0.0,0.0,0.093,0.0,0.2907,0.0465,0.3837,0.0,0.0
song,Hyper Active,maimai,instrumental,13.9,160.0,90,,,drums,0.7498,0.6084,0.2134,0.725,0.67,0.7716,11.822,6.544,0.447,0.1682,0.4222,0.0333,0.0222,0.1111,0.0111,0.4,0.4556,0.3222,0.0111,0.0,0.0,0.0,0.0556,0.0,0.0,0.0,0.2889,0.0,0.2778,0.1444,0.1889,0.0,0.0222
song,Imperishable Night 2006 (2016 Refine),東方Project,instrumental,13.8,161.0,87,,,drums,0.7584,0.6206,0.058,0.666,0.6519,0.6627,11.989,7.908,0.3372,0.5467,0.5172,0.0575,0.023,0.0115,0.0,0.3908,0.5402,0.2759,0.046,0.0,0.1724,0.023,0.1839,0.0,0.1149,0.0,0.2529,0.0,0.2299,0.2644,0.1724,0.0,0.0
song,Infantoon Fantasy,オンゲキ＆CHUNITHM,instrumental,13.8,185.0,110,,,drums,0.7109,0.5071,0.1115,0.77,0.5412,0.6873,9.445,6.345,0.5315,0.6279,0.4091,0.1727,0.0364,0.0364,0.0364,0.3091,0.1,0.1091,0.0364,0.0,0.0091,0.0,0.0455,0.0,0.0,0.0,0.1545,0.0,0.2455,0.0455,0.4545,0.0818,0.0
song,JACKY [Remix],ゲーム＆バラエティ,instrumental,13.7,135.0,49,,,drums,0.5102,0.3088,0.089,1.214,0.5518,0.7658,7.878,9.061,0.3314,0.5199,0.0408,0.102,0.1837,0.0204,0.0,0.6531,0.4694,0.1224,0.0,0.0,0.0,0.0,0.0,0.0,0.0,0.0,0.2449,0.0,0.2449,0.0,0.0,0.0,0.0
song,Jack-the-Ripper◆,ゲーム＆バラエティ,instrumental,14.1,210.0,127,,,drums,0.7565,0.4437,0.1766,0.524,0.4583,0.6184,7.346,4.953,0.304,0.2646,0.4961,0.063,0.0551,0.0945,0.0157,0.2756,0.0866,0.6063,0.0,0.0,0.0079,0.063,0.0866,0.0,0.063,0.0551,0.0709,0.0,0.0236,0.0945,0.0945,0.0079,0.0
song,Jumble Rumble,maimai,instrumental,14.0,185.0,96,,,other,0.839,0.6771,0.0491,0.452,0.394,0.7664,11.26,7.24,0.4128,0.2626,0.7188,0.0625,0.0104,0.0,0.0,0.2083,0.2396,0.3229,0.1354,0.0,0.0104,0.0,0.0417,0.0,0.0312,0.0,0.3854,0.0,0.0729,0.1354,0.4062,0.0,0.0
song,KISS CANDY FLAVOR,ゲーム＆バラエティ,vocal,13.4,146.0,83,,,drums,0.705,0.5419,0.0879,0.869,0.4916,0.5794,8.795,6.253,0.3582,0.2612,0.2771,0.1687,0.0361,0.0241,0.0361,0.4578,0.2048,0.4337,0.0241,0.0,0.0361,0.0723,0.0482,0.0,0.0,0.0241,0.2048,0.0,0.2169,0.0,0.2651,0.0482,0.012
song,Kattobi KEIKYU Rider,オンゲキ＆CHUNITHM,vocal,13.7,220.0,134,,,drums,0.5098,0.2293,0.081,1.384,0.4702,0.6176,6.299,5.5,0.0782,0.2327,0.1493,0.2015,0.1716,0.0299,0.1119,0.3358,0.0299,0.0821,0.0,0.0,0.0,0.0,0.0075,0.0,0.0149,0.0,0.0299,0.0,0.0522,0.1269,0.1269,0.0597,0.0672
song,L4TS2018 (feat. あひる & KTA),ゲーム＆バラエティ,vocal,13.3,190.0,84,,,drums,0.5926,0.2326,0.0481,1.121,0.5197,0.7913,6.833,5.071,0.3869,0.5109,0.2143,0.2619,0.0833,0.0238,0.119,0.2976,0.0476,0.0476,0.0,0.0,0.0,0.0714,0.0,0.0238,0.0119,0.0,0.1548,0.0,0.1786,0.0595,0.1905,0.0238,0.0
song,Like the Wind [Reborn],ゲーム＆バラエティ,instrumental,14.0,200.0,88,,,drums,0.7801,0.4178,0.1133,0.656,0.5569,0.7827,7.716,3.943,0.4126,0.4895,0.5568,0.0795,0.0568,0.0568,0.0341,0.2159,0.1818,0.2386,0.0,0.0,0.0,0.0,0.0,0.0,0.0,0.0,0.1477,0.0,0.1477,0.125,0.1818,0.0,0.1364
song,MYTHOS,maimai,instrumental,14.4,158.0,76,,,drums,0.5841,0.4917,0.1456,1.191,0.5668,0.7687,9.671,5.921,0.2401,0.3697,0.3026,0.0395,0.0395,0.0132,0.2895,0.3158,0.1579,0.3816,0.0658,0.0,0.0658,0.1184,0.0921,0.0658,0.0526,0.0263,0.1184,0.0,0.0395,0.0132,0.1316,0.0132,0.0
song,Magical Flavor,maimai,vocal,13.3,98.0,49,,,drums,0.6619,0.2151,0.0542,0.803,0.6003,0.7963,12.102,9.0,0.5357,0.3168,0.3061,0.3061,0.0204,0.0408,0.0,0.3265,0.6531,0.0,0.0204,0.0,0.0,0.0,0.0,0.0,0.0,0.0,0.3061,0.0,0.3265,0.4694,0.5102,0.0,0.0
song,Magical Sound Shower,niconico＆ボーカロイド,vocal,13.4,120.0,71,,,bass,0.7507,0.3877,0.0265,0.593,0.6105,0.6623,9.324,6.225,0.5572,0.1997,0.5211,0.0141,0.0141,0.0,0.1268,0.3239,0.4789,0.0704,0.1972,0.0,0.0,0.0,0.0282,0.0,0.0282,0.0,0.4085,0.0,0.507,0.1268,0.2254,0.0563,0.0282
song,Mare Maris,maimai,instrumental,13.9,150.0,80,,,drums,0.7205,0.3494,0.1158,0.916,0.5731,0.7426,10.7,6.138,0.3987,0.3739,0.4,0.1125,0.0625,0.0125,0.0,0.4125,0.275,0.2375,0.0,0.0,0.0625,0.0125,0.025,0.0,0.0,0.0,0.1625,0.0,0.2,0.2,0.1875,0.025,0.0375
song,Maxi,ゲーム＆バラエティ,vocal,14.0,180.0,84,,,drums,0.7351,0.4755,0.1277,0.881,0.5832,0.7168,10.881,6.202,0.045,0.5451,0.3333,0.131,0.0119,0.0476,0.0714,0.4048,0.2619,0.0952,0.0119,0.0119,0.0119,0.0,0.0119,0.0,0.0238,0.0,0.2024,0.1786,0.119,0.3095,0.4048,0.0833,0.0
song,Money Money,東方Project,vocal,13.2,145.0,89,,,drums,0.5825,0.2569,0.0771,1.233,0.6013,0.6837,8.371,5.888,0.1889,0.2558,0.236,0.3258,0.0899,0.0337,0.0899,0.2247,0.0674,0.0449,0.0,0.0,0.0,0.0,0.0112,0.0,0.0225,0.0,0.1124,0.0,0.0899,0.3371,0.4831,0.0,0.0112
song,My Dearest Song,オンゲキ＆CHUNITHM,vocal,13.3,145.0,85,,,drums,0.6623,0.4927,0.1607,0.662,0.4771,0.7616,9.435,4.376,0.6789,0.5503,0.3529,0.0471,0.1176,0.1176,0.0471,0.3176,0.1529,0.1529,0.0,0.0,0.0353,0.0,0.0118,0.0118,0.0118,0.0,0.0353,0.0,0.1412,0.1647,0.3529,0.0471,0.0353
song,Mysterious Destiny,ゲーム＆バラエティ,vocal,13.3,140.0,64,,,bass,0.2931,0.2831,0.0093,1.797,0.5259,0.8531,5.812,5.953,0.5551,0.5406,0.0156,0.2188,0.5938,0.0,0.0469,0.125,0.2188,0.0,0.0,0.0,0.0,0.0312,0.0,0.0,0.0,0.0,0.0,0.0,0.0,0.0,0.0,0.0,0.0
song,Nerverakes,maimai,instrumental,14.1,140.0,46,,,drums,0.7766,0.3374,0.1904,0.364,0.549,0.8286,12.174,5.543,0.3138,0.2764,0.5,0.0,0.0,0.0435,0.0217,0.4348,0.2174,0.5435,0.0652,0.0,0.1739,0.0652,0.1304,0.0,0.1087,0.0,0.5,0.0,0.3696,0.0,0.087,0.0217,0.0217
song,Night Fly,maimai,vocal,13.2,127.0,42,,,drums,0.4464,0.2751,0.0799,0.976,0.5616,0.7377,6.81,7.31,0.2229,0.4308,0.0714,0.2381,0.2143,0.0476,0.0476,0.381,0.4286,0.0952,0.2619,0.0,0.0,0.0,0.0,0.0,0.0,0.0,0.2857,0.0,0.0238,0.0,0.0238,0.0,0.0
song,Nitrous Fury,maimai,instrumental,14.0,144.0,63,,,drums,0.8399,0.5818,0.2508,0.394,0.6384,0.9041,11.937,7.841,0.5217,0.5224,0.3968,0.0317,0.0,0.0159,0.0,0.5556,0.0,0.3492,0.254,0.0,0.3968,0.1429,0.1746,0.0,0.0,0.0,0.4127,0.0,0.5238,0.0,0.0,0.0,0.0
song,Paranoia,東方Project,vocal,13.6,150.0,84,,,drums,0.6822,0.47,0.031,0.911,0.5175,0.7539,9.738,7.345,0.0802,0.0564,0.4048,0.2024,0.0595,0.0238,0.0357,0.2738,0.2262,0.119,0.0238,0.0,0.0,0.0,0.0238,0.0,0.0119,0.0,0.1667,0.0,0.5238,0.131,0.4643,0.0238,0.0
song,Party 4U ”holy nite mix”,ゲーム＆バラエティ,instrumental,13.7,159.0,59,,,drums,0.7935,0.5541,0.1022,0.5,0.6743,0.8912,11.78,6.085,0.3233,0.2565,0.5085,0.0339,0.0169,0.0339,0.0169,0.3898,0.322,0.1356,0.0169,0.0,0.0339,0.0,0.0339,0.0508,0.0169,0.0,0.3559,0.0,0.2881,0.3729,0.2881,0.0678,0.0
song,Reach For The Stars,ゲーム＆バラエティ,vocal,13.9,203.0,72,,,drums,0.6651,0.5383,0.157,0.882,0.3865,0.7929,7.625,4.486,0.2864,0.5946,0.4722,0.0972,0.1111,0.0972,0.0972,0.125,0.0139,0.0556,0.0833,0.0,0.0,0.0,0.0,0.0,0.0,0.0278,0.0417,0.0556,0.0278,0.0972,0.2083,0.0278,0.0278
song,Rodeo Machine,POPS＆アニメ,vocal,13.8,115.0,56,,,drums,0.3661,0.1604,0.067,1.429,0.5662,0.8954,7.643,6.821,0.414,0.6499,0.0,0.1964,0.5893,0.0714,0.0714,0.0714,0.2679,0.0,0.0,0.0,0.0,0.0,0.0,0.0,0.0,0.0,0.0,0.0536,0.0,0.125,0.0893,0.0893,0.0
song,Scars of FAUNA,ゲーム＆バラエティ,instrumental,13.8,165.0,81,,,drums,0.7179,0.4877,0.1039,0.892,0.4958,0.7209,9.593,6.259,0.4388,0.621,0.358,0.1235,0.0494,0.0123,0.0123,0.4444,0.3086,0.0,0.0494,0.1358,0.0,0.0,0.0,0.0,0.0,0.0,0.0247,0.0,0.0988,0.1481,0.4815,0.0617,0.0494
song,Signature,maimai,instrumental,13.5,128.0,70,,,drums,0.8208,0.3259,0.1109,0.576,0.5611,0.7493,9.971,6.914,0.6068,0.7581,0.5143,0.0571,0.0286,0.0286,0.0857,0.2857,0.3286,0.0714,0.0,0.0,0.0,0.0,0.0,0.0,0.0,0.0,0.1429,0.0429,0.3,0.5,0.1286,0.0286,0.0
song,Space Harrier Main Theme [Reborn],ゲーム＆バラエティ,instrumental,13.6,125.0,59,,,other,0.5679,0.4318,0.1573,0.986,0.3832,0.6861,7.864,6.102,0.2377,0.3016,0.1186,0.0,0.0678,0.0678,0.1356,0.6102,0.0508,0.0169,0.3729,0.0,0.0169,0.0,0.0,0.0,0.0,0.0,0.2881,0.1695,0.2034,0.0,0.0,0.0,0.0847
song,Still,オンゲキ＆CHUNITHM,vocal,13.4,176.0,102,,,drums,0.6674,0.4144,0.1781,1.054,0.5066,0.7773,7.775,5.039,0.381,0.3065,0.2549,0.1569,0.0686,0.0686,0.0098,0.4412,0.1078,0.0392,0.0098,0.0,0.0,0.0,0.0,0.0,0.0,0.0,0.1078,0.0,0.1863,0.0784,0.2549,0.0686,0.0196
song,Streak,maimai,instrumental,13.7,150.0,48,,,drums,0.4672,0.3076,0.0605,1.342,0.4908,0.7674,6.917,7.458,0.4783,0.5242,0.125,0.1458,0.25,0.0,0.1042,0.375,0.2917,0.0625,0.0833,0.0,0.0,0.0417,0.0,0.0,0.0,0.0,0.0833,0.0,0.0625,0.0833,0.0417,0.0,0.0
song,TRUST,オンゲキ＆CHUNITHM,vocal,13.1,190.0,95,,,drums,0.6947,0.2654,0.1349,0.761,0.4912,0.7791,7.674,4.147,0.407,0.4556,0.3053,0.2105,0.0105,0.0632,0.0211,0.3895,0.2,0.1368,0.0526,0.0421,0.0,0.0421,0.0,0.0,0.0,0.0,0.0105,0.1684,0.0421,0.2316,0.3579,0.0211,0.1263
song,ULTRA B+K,ゲーム＆バラエティ,instrumental,13.9,175.0,89,,,drums,0.6089,0.3276,0.0503,1.169,0.5817,0.5846,9.494,6.865,0.5076,0.4161,0.2247,0.0787,0.0674,0.0225,0.0112,0.5955,0.3034,0.0449,0.0225,0.0,0.0,0.0,0.0,0.0,0.0674,0.0,0.1124,0.0337,0.382,0.1573,0.3371,0.0225,0.0449
song,Urban Crusher [Remix],ゲーム＆バラエティ,instrumental,13.4,155.0,66,,,drums,0.6693,0.499,0.1259,0.917,0.4914,0.7028,7.212,6.182,-0.2273,-0.1163,0.3333,0.1818,0.0758,0.0152,0.0303,0.3636,0.1061,0.2424,0.0,0.0,0.0,0.0,0.0,0.0,0.0,0.0,0.3485,0.0,0.2879,0.0,0.0606,0.0,0.0152
song,We Gonna Journey,オンゲキ＆CHUNITHM,vocal,13.9,160.0,85,,,drums,0.7161,0.3032,0.0977,0.941,0.6019,0.7433,10.765,6.753,0.1485,0.5494,0.4,0.0706,0.0941,0.0706,0.0471,0.3176,0.2588,0.1765,0.0,0.0,0.0353,0.0941,0.0471,0.0235,0.0118,0.0,0.2471,0.0,0.0941,0.1765,0.3529,0.0706,0.0
song,White Traveling Girl,東方Project,vocal,13.4,154.0,85,,,drums,0.6786,0.6014,0.0327,0.944,0.6021,0.7522,9.471,8.376,-0.0941,0.0588,0.3765,0.1529,0.0941,0.0,0.0471,0.3294,0.2588,0.1647,0.0706,0.0,0.0353,0.0,0.0118,0.0,0.0,0.0,0.2824,0.0471,0.1765,0.1412,0.3176,0.0471,0.0
song,World Vanquisher,オンゲキ＆CHUNITHM,instrumental,14.3,170.0,100,,,drums,0.6676,0.547,0.3355,0.883,0.5127,0.6707,10.72,5.43,0.5529,0.4371,0.11,0.08,0.03,0.31,0.08,0.39,0.34,0.25,0.02,0.0,0.05,0.0,0.08,0.0,0.0,0.02,0.23,0.0,0.2,0.07,0.18,0.04,0.0
song,Xevel,オンゲキ＆CHUNITHM,instrumental,14.3,176.0,98,,,drums,0.7574,0.5418,0.1385,0.446,0.6182,0.8156,11.929,6.459,0.2673,0.2439,0.4694,0.0816,0.0204,0.0408,0.0714,0.3163,0.2755,0.4082,0.0,0.0,0.1327,0.0408,0.1531,0.0306,0.1122,0.0102,0.102,0.0,0.0714,0.1224,0.3061,0.0,0.0
song,YU-MU,東方Project,vocal,13.2,160.0,66,,,drums,0.583,0.4655,0.3222,0.75,0.6157,0.7929,8.727,4.106,0.3778,-0.0293,0.1818,0.1667,0.0606,0.3333,0.0,0.2576,0.1667,0.1212,0.0303,0.0,0.0152,0.0,0.0,0.0,0.0,0.0,0.0303,0.0,0.1212,0.1515,0.3788,0.0,0.0
song,awake,ゲーム＆バラエティ,vocal,13.2,170.0,56,,,drums,0.7744,0.4853,0.0203,0.688,0.5763,0.8227,6.982,5.161,0.1585,0.0323,0.5179,0.1429,0.0179,0.0,0.0893,0.2321,0.2321,0.0,0.0893,0.0,0.0,0.0,0.0,0.0,0.0,0.0,0.3571,0.0,0.1429,0.1429,0.0714,0.0,0.0357
song,connecting with you,maimai,vocal,13.2,155.0,91,,,drums,0.6876,0.5024,0.1128,0.788,0.5665,0.7233,9.341,5.802,0.3736,0.5937,0.3187,0.1648,0.033,0.0659,0.022,0.3956,0.044,0.1538,0.0,0.0,0.1429,0.0,0.1319,0.0,0.0,0.0,0.033,0.0,0.2418,0.2527,0.3956,0.0,0.0
song,maiム・maiム feat.週刊少年マガジン,maimai,vocal,13.2,140.0,72,,,drums,0.6989,0.2225,0.0468,0.76,0.469,0.7309,9.5,6.458,-0.1726,0.0603,0.3333,0.2639,0.0556,0.0278,0.0,0.3194,0.0833,0.1528,0.0417,0.0,0.0,0.0,0.0,0.0139,0.0,0.0,0.0833,0.0,0.2222,0.2222,0.1944,0.0417,0.0556
song,sweet little sister,東方Project,vocal,13.4,168.0,87,,,drums,0.6267,0.3225,0.0268,0.891,0.5658,0.6723,7.092,6.402,0.1918,0.3574,0.2299,0.3793,0.0575,0.0,0.023,0.3103,0.1379,0.4253,0.0,0.0,0.046,0.0,0.046,0.0,0.0,0.0,0.0,0.0,0.046,0.0,0.1839,0.0,0.0115
song,taboo tears you up,東方Project,vocal,13.4,180.0,103,,,drums,0.707,0.5442,0.1802,0.755,0.6142,0.6353,9.097,4.631,0.226,0.3694,0.4078,0.1165,0.0194,0.1359,0.0583,0.2621,0.1359,0.3689,0.0388,0.0,0.068,0.0,0.0583,0.0,0.0583,0.0097,0.0194,0.0,0.1262,0.0194,0.4369,0.0388,0.0
song,【東方ニコカラ】秘神マターラ feat.魂音泉【IOSYS】,東方Project,vocal,13.4,168.0,97,,,drums,0.6276,0.3413,0.1273,0.941,0.5277,0.7616,8.773,5.66,0.1815,0.39,0.2371,0.2268,0.0928,0.0722,0.0515,0.3196,0.0825,0.1031,0.0206,0.0206,0.0103,0.0103,0.0,0.0,0.0206,0.0206,0.0515,0.1237,0.1753,0.1031,0.3093,0.1237,0.0
song,おこちゃま戦争,niconico＆ボーカロイド,vocal,13.3,175.0,86,,,drums,0.7738,0.6158,0.1138,0.655,0.4712,0.7376,8.605,5.372,0.3183,0.4777,0.5349,0.0814,0.0233,0.0349,0.0116,0.314,0.093,0.1512,0.0581,0.0,0.0,0.0,0.0,0.0116,0.0,0.0116,0.1047,0.0,0.1744,0.1163,0.2558,0.0,0.0233
song,おちゃめ機能,niconico＆ボーカロイド,vocal,13.6,150.0,56,,,drums,0.7977,0.5699,0.0787,0.504,0.4956,0.7108,8.911,6.268,0.0616,0.0309,0.5536,0.0893,0.0357,0.0,0.0,0.3214,0.0357,0.625,0.0714,0.0,0.0893,0.0357,0.0357,0.0,0.0357,0.0,0.1429,0.0,0.375,0.0,0.1607,0.0357,0.0179
song,しねばいいのに,niconico＆ボーカロイド,vocal,13.0,138.0,65,,,drums,0.3849,0.2383,0.0349,1.454,0.6189,0.8483,7.369,5.585,0.2632,0.5151,0.0308,0.1077,0.3692,0.0154,0.0923,0.3846,0.0,0.1385,0.0308,0.0,0.0,0.0,0.0,0.0615,0.0,0.0,0.0,0.0923,0.0769,0.0923,0.3538,0.0462,0.0
song,すーぱーぬこになりたい,niconico＆ボーカロイド,vocal,13.7,194.0,96,,,drums,0.7445,0.2583,0.1423,0.716,0.5762,0.7571,9.344,5.667,-0.1269,0.0626,0.4062,0.1875,0.0521,0.0312,0.0,0.3229,0.2083,0.0417,0.0104,0.0,0.0,0.0,0.0,0.0,0.0,0.0,0.1562,0.0,0.1979,0.0417,0.4688,0.0625,0.0
song,どういうことなの！？,niconico＆ボーカロイド,vocal,13.4,175.0,84,,,drums,0.7613,0.3038,0.1351,0.789,0.4811,0.7215,7.071,4.512,0.1009,0.0857,0.381,0.119,0.0357,0.0595,0.0238,0.381,0.0595,0.2262,0.131,0.0,0.0,0.0,0.0,0.0,0.0,0.0,0.1548,0.0,0.1071,0.1905,0.0714,0.0,0.0
song,どうしてこうなった,niconico＆ボーカロイド,vocal,13.7,180.0,101,,,drums,0.7818,0.3894,0.0395,0.814,0.4349,0.7486,9.248,7.614,0.113,0.1266,0.5842,0.0594,0.0297,0.0,0.0594,0.2673,0.198,0.495,0.0099,0.0,0.1188,0.0099,0.0495,0.0,0.0495,0.0396,0.1188,0.0,0.3069,0.0792,0.2475,0.0297,0.0
song,にじよめちゃん体操第一億,POPS＆アニメ,vocal,13.8,120.0,50,,,drums,0.6081,0.3966,0.1193,1.008,0.4763,0.794,9.38,5.08,-0.0738,-0.1405,0.24,0.2,0.08,0.12,0.04,0.32,0.16,0.04,0.0,0.0,0.0,0.0,0.0,0.0,0.0,0.0,0.18,0.0,0.02,0.12,0.28,0.16,0.0
song,ぽっぴっぽー,niconico＆ボーカロイド,vocal,13.3,150.0,61,,,vocals,0.778,0.4655,0.0136,0.689,0.404,0.4724,8.311,5.066,-0.0963,-0.0039,0.4918,0.1148,0.0164,0.0,0.0,0.377,0.1967,0.1967,0.0656,0.0,0.0164,0.0,0.0,0.0,0.0,0.0492,0.2459,0.0,0.4918,0.0328,0.1803,0.0164,0.0656
song,アンハッピーリフレイン,niconico＆ボーカロイド,vocal,13.4,205.0,94,,,drums,0.7126,0.5587,0.1318,1.037,0.5555,0.8502,8.043,5.34,0.105,0.4073,0.4255,0.1702,0.0532,0.0957,0.0213,0.234,0.3617,0.117,0.0745,0.0,0.0106,0.0,0.0106,0.0,0.0106,0.0,0.3085,0.0,0.1277,0.0,0.2766,0.0213,0.0319
song,アージェントシンメトリー,maimai,instrumental,13.5,172.0,91,,,drums,0.6084,0.425,0.1496,1.231,0.6538,0.7861,8.198,4.692,0.3154,0.1873,0.2088,0.1868,0.033,0.022,0.1429,0.4066,0.0879,0.0989,0.0,0.0,0.011,0.0,0.033,0.0,0.0,0.0,0.1648,0.0,0.1319,0.044,0.3846,0.0,0.0549
song,ウサテイ,東方Project,vocal,14.0,190.0,81,,,drums,0.7587,0.6142,0.0801,0.747,0.3288,0.8235,7.975,6.136,-0.0065,0.327,0.5309,0.1358,0.0617,0.0,0.0123,0.2593,0.1481,0.4198,0.0494,0.0,0.0,0.0988,0.0988,0.0,0.0,0.0,0.1235,0.0988,0.4321,0.1111,0.0,0.0,0.0
song,ウッーウッーウマウマ(ﾟ∀ﾟ),POPS＆アニメ,vocal,13.4,164.73,66,,,drums,0.7077,0.5621,0.0463,0.761,0.6345,0.7669,8.212,5.879,0.3922,0.1606,0.3485,0.3636,0.0,0.0152,0.0303,0.2424,0.0,0.0,0.0303,0.0,0.0,0.0,0.0,0.0,0.0,0.0,0.2273,0.0,0.1515,0.303,0.4848,0.0,0.1667
song,オモイヨシノ,ゲーム＆バラエティ,vocal,13.3,168.0,93,,,drums,0.6837,0.2362,0.1498,0.984,0.3591,0.7905,7.258,4.914,0.2301,0.1901,0.3548,0.129,0.0,0.1075,0.1505,0.2581,0.0968,0.2796,0.0538,0.0,0.0215,0.0,0.0645,0.0215,0.0,0.0,0.2151,0.0,0.1828,0.0,0.1075,0.0215,0.0
song,ガチャガチャきゅ～と・ふぃぎゅ@メイト,POPS＆アニメ,vocal,13.2,178.0,92,,,drums,0.6396,0.3571,0.0478,1.207,0.6724,0.7326,7.5,5.522,0.1618,0.2932,0.337,0.25,0.087,0.0109,0.0761,0.2391,0.0435,0.0652,0.0435,0.0,0.0109,0.0,0.0,0.0,0.0,0.0217,0.0,0.0,0.2174,0.087,0.413,0.0761,0.0
song,キミノヨゾラ哨戒班,niconico＆ボーカロイド,vocal,13.0,185.0,90,,,drums,0.7884,0.359,0.068,0.578,0.4261,0.7678,8.233,5.733,0.4682,0.4378,0.5111,0.1667,0.0,0.0333,0.0333,0.2556,0.1778,0.2222,0.0,0.0,0.0111,0.0,0.0222,0.0,0.0,0.0,0.0556,0.0333,0.2556,0.1222,0.1667,0.0,0.0556
song,キレキャリオン,niconico＆ボーカロイド,vocal,13.1,170.0,86,,,drums,0.7335,0.3558,0.1076,0.715,0.5848,0.7526,8.314,5.163,0.2903,0.3262,0.4535,0.1047,0.0698,0.0465,0.0698,0.2558,0.2907,0.1279,0.0,0.0,0.0,0.0,0.0,0.0,0.0,0.0,0.093,0.0,0.4419,0.1628,0.5698,0.0,0.0698
song,ギリギリ最強あいまいみー！,POPS＆アニメ,vocal,13.7,185.0,79,,,drums,0.7119,0.5635,0.1099,0.684,0.5392,0.8464,9.557,5.051,0.4194,0.1493,0.4304,0.1266,0.0506,0.1013,0.038,0.2532,0.2278,0.1519,0.0,0.0506,0.0,0.038,0.0,0.0,0.0,0.0,0.0,0.038,0.0633,0.1266,0.5063,0.1139,0.0506
song,クノイチでも恋がしたい,niconico＆ボーカロイド,vocal,13.4,185.0,101,,,drums,0.659,0.4259,0.0825,0.896,0.5498,0.8051,8.465,5.851,0.2277,0.4395,0.297,0.2079,0.0891,0.0198,0.0396,0.3465,0.1584,0.0594,0.0,0.0,0.0297,0.0,0.0,0.0,0.0,0.0,0.1188,0.0,0.1485,0.198,0.4158,0.0693,0.0297
song,コトバ・カラフル,ゲーム＆バラエティ,vocal,13.7,169.0,60,,,drums,0.7316,0.5524,0.0327,0.869,0.6097,0.8588,9.583,5.733,0.2519,-0.1315,0.45,0.1333,0.0333,0.0167,0.0167,0.35,0.2,0.0,0.05,0.0,0.0,0.0,0.0,0.0,0.0,0.0,0.1167,0.0,0.25,0.0167,0.7333,0.0167,0.0667
song,ジンギスカン,POPS＆アニメ,vocal,13.3,150.0,81,,,drums,0.7108,0.5153,0.0621,0.778,0.5679,0.69,9.284,6.173,0.0071,-0.2227,0.4691,0.2346,0.037,0.0247,0.0247,0.2099,0.4444,0.0988,0.0864,0.037,0.0,0.0247,0.0247,0.0,0.0247,0.0,0.0123,0.0,0.1975,0.1235,0.3457,0.0988,0.0864
song,ジングルベル,maimai,vocal,14.4,100.0,38,,,drums,0.7917,0.497,0.3295,0.47,0.4412,0.8142,17.053,9.211,-0.3182,0.0214,0.2105,0.0,0.0263,0.1053,0.0,0.6579,0.2368,0.6579,0.0526,0.0,0.1316,0.0,0.1579,0.0526,0.0263,0.0789,0.2368,0.0526,0.6053,0.1053,0.2368,0.0,0.0263
song,ストリーミングハート,niconico＆ボーカロイド,vocal,13.3,210.0,114,,,drums,0.733,0.1423,0.1632,0.654,0.4824,0.75,6.509,3.781,0.411,0.489,0.3421,0.0877,0.0351,0.0877,0.0351,0.4123,0.0526,0.114,0.0,0.0526,0.0,0.0,0.0175,0.0,0.0351,0.0,0.2456,0.0,0.2018,0.0965,0.2368,0.0439,0.0
song,セガサターン起動音[H.][Remix],ゲーム＆バラエティ,instrumental,13.0,148.0,47,,,drums,0.5797,0.4545,0.1339,0.711,0.5944,0.8495,7.83,5.319,-0.1931,0.2368,0.0851,0.2766,0.0213,0.1064,0.0638,0.4468,0.0426,0.2766,0.0426,0.0,0.0213,0.0,0.1277,0.0,0.0,0.0,0.0851,0.0,0.1489,0.0,0.0638,0.0426,0.0426
song,ソーラン☆節,maimai,vocal,13.4,145.0,54,,,drums,0.6485,0.3072,0.1291,0.773,0.4546,0.8056,7.667,5.778,0.2118,0.4022,0.3333,0.1481,0.0926,0.0741,0.0185,0.3333,0.1852,0.2778,0.0926,0.0,0.0,0.0,0.0,0.0,0.0,0.037,0.2593,0.0,0.1667,0.0,0.037,0.0,0.1296
song,ダンスロボットダンス,niconico＆ボーカロイド,vocal,13.3,190.0,113,,,drums,0.6033,0.5001,0.0932,1.022,0.5818,0.6958,7.31,4.142,0.3561,0.3462,0.2124,0.1593,0.115,0.0619,0.0354,0.4159,0.0177,0.0885,0.0531,0.0,0.0,0.0354,0.0,0.0,0.0,0.0,0.0354,0.0,0.115,0.0265,0.354,0.1681,0.0531
song,デッドレッドガールズ,niconico＆ボーカロイド,vocal,13.8,230.0,127,,,drums,0.7839,0.4904,0.1647,0.52,0.523,0.8522,7.22,4.126,0.3695,0.2677,0.5433,0.063,0.0079,0.0866,0.0945,0.2047,0.126,0.0787,0.0,0.0,0.0472,0.0,0.0,0.0,0.0,0.0,0.0157,0.0236,0.2047,0.0472,0.2126,0.0551,0.0
song,ドーナツホール,niconico＆ボーカロイド,vocal,13.6,252.0,143,,,drums,0.782,0.6507,0.0865,0.601,0.5923,0.7547,6.531,3.699,0.1794,0.1895,0.4196,0.042,0.0769,0.014,0.021,0.4266,0.1259,0.028,0.0,0.0,0.0,0.0,0.042,0.042,0.0559,0.0,0.0,0.0,0.028,0.3357,0.2657,0.0,0.1049
song,ナイト・オブ・ナイツ,東方Project,instrumental,13.3,180.0,80,,,drums,0.8118,0.7309,0.0924,0.4,0.5016,0.6576,8.438,6.85,0.2024,0.4312,0.575,0.125,0.0625,0.0,0.0,0.2375,0.0,0.6375,0.0,0.0,0.1,0.0,0.0375,0.025,0.025,0.0875,0.175,0.0,0.1375,0.0625,0.0625,0.0,0.025
song,ネクロファンタジア～Arr.Demetori,東方Project,instrumental,13.8,180.0,109,,,drums,0.6154,0.5107,0.0922,0.867,0.5626,0.6471,8.908,6.688,0.3295,0.2419,0.2569,0.3394,0.1009,0.0275,0.0092,0.2661,0.156,0.1009,0.0826,0.0,0.0183,0.0183,0.0092,0.0,0.0092,0.0,0.1651,0.0,0.1009,0.1927,0.367,0.1101,0.0
song,ハート・ビート,オンゲキ＆CHUNITHM,vocal,13.4,212.0,125,,,drums,0.6852,0.2799,0.1018,0.956,0.4199,0.7288,6.544,4.344,0.2707,0.2913,0.328,0.168,0.048,0.016,0.064,0.376,0.056,0.088,0.04,0.0,0.016,0.0,0.016,0.0,0.0,0.0,0.0,0.0,0.224,0.032,0.152,0.0,0.0
song,ピーマンたべたら,maimai,vocal,13.7,178.0,73,,,drums,0.6562,0.5212,0.1864,0.723,0.4503,0.7724,9.466,6.192,0.2118,0.0274,0.2603,0.1781,0.1233,0.1644,0.0137,0.2603,0.0548,0.1781,0.0274,0.0,0.0274,0.0548,0.0685,0.0,0.1507,0.0,0.1781,0.0,0.1233,0.0548,0.3288,0.0411,0.0
song,フキゲンワルツ,niconico＆ボーカロイド,vocal,13.2,210.0,121,,,drums,0.7042,0.3785,0.1324,0.722,0.5057,0.4479,6.413,3.372,0.2289,-0.0833,0.2893,0.1653,0.0496,0.0496,0.0331,0.4132,0.0083,0.0579,0.0413,0.0,0.0579,0.0,0.0,0.0,0.0,0.0,0.0661,0.0,0.0744,0.1405,0.281,0.0165,0.0165
song,ユビキリ,maimai,vocal,13.3,174.0,84,,,drums,0.5627,0.4119,0.1414,1.095,0.5848,0.8482,7.643,4.179,0.5268,0.4891,0.1667,0.1667,0.1548,0.119,0.0595,0.3333,0.0833,0.0357,0.0357,0.0,0.0,0.0,0.0595,0.0,0.0,0.0,0.0,0.0357,0.119,0.0714,0.2619,0.0714,0.0357
song,リンカーネイション,niconico＆ボーカロイド,vocal,13.8,185.0,99,,,drums,0.7618,0.4505,0.1457,0.556,0.5016,0.6826,8.697,5.182,0.3343,0.2635,0.4444,0.1313,0.0303,0.0505,0.0404,0.303,0.1616,0.3131,0.0404,0.0202,0.0202,0.0,0.0505,0.0303,0.0303,0.0,0.0404,0.0,0.1111,0.0404,0.3939,0.0707,0.0
song,ロストワンの号哭,niconico＆ボーカロイド,vocal,13.6,162.0,87,,,drums,0.7647,0.6357,0.2835,0.517,0.4742,0.4667,10.874,5.011,0.5189,-0.0025,0.2529,0.023,0.0115,0.1609,0.0,0.5517,0.2529,0.023,0.0,0.0,0.0,0.0,0.0,0.0,0.0,0.0,0.3678,0.0,0.2069,0.1379,0.2989,0.0,0.0
song,ローリンガール,niconico＆ボーカロイド,vocal,13.2,195.0,96,,,drums,0.6111,0.2919,0.2092,1.078,0.5288,0.8079,5.656,3.635,0.2112,0.0591,0.1771,0.1458,0.1562,0.1458,0.0417,0.3333,0.1042,0.1146,0.0208,0.0,0.0,0.0,0.0,0.0,0.0,0.0,0.0,0.0,0.0312,0.1042,0.125,0.0,0.0208
song,ワールズエンド・ダンスホール,niconico＆ボーカロイド,vocal,13.0,171.0,68,,,vocals,0.7032,0.5177,0.063,0.89,0.3531,0.8717,6.824,4.941,-0.0537,0.2034,0.4265,0.0882,0.1176,0.0,0.0,0.3676,0.0,0.1029,0.0588,0.0,0.0,0.0294,0.0,0.0,0.0,0.0147,0.0294,0.0,0.2941,0.0588,0.2353,0.0,0.1324
song,僕は空気が嫁ない,niconico＆ボーカロイド,instrumental,13.5,192.0,89,,,drums,0.7388,0.2723,0.2336,0.753,0.5949,0.7244,8.652,4.225,0.4176,0.4405,0.3708,0.191,0.0449,0.1573,0.0112,0.2247,0.1348,0.1573,0.0449,0.0,0.0337,0.0112,0.0,0.0,0.0,0.0,0.2022,0.1348,0.4494,0.1348,0.3708,0.1348,0.0
song,光線チューニング,オンゲキ＆CHUNITHM,vocal,13.7,190.0,112,,,drums,0.6416,0.4294,0.0973,0.919,0.5893,0.7156,8.33,5.045,0.4615,0.09,0.2946,0.1339,0.125,0.0982,0.0446,0.3036,0.1875,0.1607,0.0089,0.0,0.0446,0.0,0.0179,0.0,0.0,0.0179,0.1071,0.0,0.1161,0.1429,0.3482,0.0268,0.0
song,円舞曲、君に,ゲーム＆バラエティ,vocal,13.3,128.0,58,,,drums,0.6149,0.2515,0.1672,0.928,0.4654,0.6195,6.793,4.328,0.2539,0.3984,0.2414,0.0172,0.1552,0.1034,0.1034,0.3793,0.1897,0.1034,0.0345,0.0,0.0,0.0,0.0,0.0,0.0,0.0,0.2241,0.0,0.0345,0.069,0.0862,0.0,0.0172
song,初音ミクの消失,niconico＆ボーカロイド,vocal,13.9,240.0,133,,,drums,0.6855,0.6116,0.1727,0.6,0.5092,0.7662,7.226,4.391,0.5176,0.5468,0.2331,0.1278,0.1053,0.1203,0.0376,0.3759,0.0677,0.2857,0.1504,0.0526,0.0752,0.0,0.0301,0.0,0.0,0.0,0.0075,0.0376,0.2105,0.0376,0.0977,0.0677,0.0
song,初音ミクの激唱,niconico＆ボーカロイド,vocal,14.5,200.0,119,,,drums,0.7464,0.3872,0.2204,0.567,0.5203,0.773,7.008,3.252,0.4891,0.6475,0.1681,0.0504,0.0252,0.2017,0.2437,0.3109,0.0924,0.3697,0.1849,0.0,0.1513,0.0168,0.1345,0.0,0.1092,0.0252,0.0,0.0,0.0252,0.0168,0.0504,0.0,0.0
song,前前前世,POPS＆アニメ,vocal,13.0,190.0,84,,,drums,0.7558,0.4424,0.2153,0.628,0.4868,0.8188,8.298,4.524,-0.1094,0.1404,0.369,0.0952,0.0238,0.0833,0.0238,0.4048,0.119,0.1548,0.0595,0.0476,0.0,0.0,0.0238,0.0,0.0,0.0238,0.0357,0.0,0.2381,0.0714,0.2976,0.0119,0.0
song,厨病激発ボーイ,niconico＆ボーカロイド,vocal,13.8,190.0,110,,,drums,0.7775,0.411,0.2096,0.658,0.55,0.776,8.436,4.464,0.1565,0.2333,0.3182,0.0545,0.0545,0.0727,0.0909,0.4091,0.4091,0.1727,0.0545,0.0,0.0091,0.0,0.0273,0.0,0.0,0.0,0.0818,0.0,0.2636,0.0273,0.1273,0.0091,0.0091
song,右肩の蝶,niconico＆ボーカロイド,vocal,13.1,140.0,85,,,drums,0.537,0.3988,0.0523,1.374,0.5265,0.6547,8.906,7.047,0.4661,0.4224,0.1529,0.3529,0.1412,0.0,0.0941,0.2588,0.2235,0.0706,0.0941,0.0235,0.0235,0.0,0.0824,0.0,0.0235,0.0,0.0353,0.0,0.1412,0.2941,0.4353,0.0706,0.0235
song,咲キ誇レ常世ノ華,maimai,vocal,13.5,170.0,109,,,drums,0.7024,0.1919,0.127,0.816,0.4474,0.7457,7.376,4.257,0.273,0.413,0.3211,0.1284,0.0459,0.055,0.0826,0.367,0.0459,0.1376,0.0092,0.0,0.0,0.0,0.0,0.0,0.0,0.0,0.0367,0.0,0.1009,0.2294,0.2844,0.0,0.0
song,四月の雨,maimai,instrumental,13.9,79.0,40,,,drums,0.6042,0.222,0.137,0.844,0.6671,0.7643,15.85,11.2,-0.012,0.3206,0.225,0.2,0.0,0.025,0.0,0.55,0.925,0.3,0.075,0.0,0.025,0.05,0.025,0.025,0.05,0.0,0.1,0.0,0.25,0.025,0.0,0.0,0.0
song,回レ！雪月花,POPS＆アニメ,vocal,13.3,160.0,59,,,drums,0.7706,0.6181,0.0899,0.627,0.5284,0.7024,11.271,5.881,-0.1411,0.1612,0.4915,0.1186,0.0847,0.0508,0.0,0.2542,0.1017,0.1186,0.0,0.0,0.0,0.0339,0.0508,0.0,0.0,0.0,0.1864,0.0,0.0678,0.2712,0.5085,0.0169,0.0169
song,夜咄ディセイブ,niconico＆ボーカロイド,vocal,13.8,260.0,123,,,drums,0.6701,0.4029,0.151,1.076,0.4156,0.7427,5.163,3.829,0.3606,0.2919,0.2846,0.1382,0.0569,0.122,0.0569,0.3415,0.1382,0.2033,0.0,0.0,0.0081,0.0,0.0244,0.0,0.0,0.0,0.0569,0.0,0.0325,0.0,0.0163,0.0,0.0
song,夜明けまであと３秒,ゲーム＆バラエティ,instrumental,14.0,177.0,97,,,drums,0.8309,0.4219,0.3369,0.307,0.6084,0.6364,9.918,4.412,0.3651,-0.0067,0.4124,0.0206,0.0309,0.3299,0.0206,0.1856,0.3196,0.3711,0.0,0.0,0.0412,0.0,0.0206,0.0,0.0206,0.0825,0.0619,0.1134,0.0825,0.1443,0.2887,0.0,0.0309
song,妖精村の月誕祭 ～Lunate Elf,東方Project,instrumental,13.3,132.0,55,,,drums,0.6691,0.535,0.0724,0.759,0.5313,0.711,11.018,7.636,0.6381,0.5329,0.2,0.2,0.0545,0.0,0.0,0.5455,0.2545,0.0364,0.0,0.0,0.0,0.0,0.0,0.0,0.0,0.0,0.3091,0.0,0.2182,0.5818,0.3273,0.0,0.0364
song,幸せになれる隠しコマンドがあるらしい,niconico＆ボーカロイド,vocal,14.0,142.0,86,,,drums,0.6197,0.2998,0.0959,0.756,0.5361,0.7147,9.884,6.744,0.366,0.5472,0.2442,0.2674,0.1744,0.0116,0.0349,0.2674,0.1395,0.1279,0.0,0.0,0.0,0.0465,0.0,0.0349,0.0,0.0,0.0698,0.0,0.0581,0.2674,0.314,0.0581,0.0698
song,幻想のサテライト,東方Project,vocal,14.1,230.0,124,,,drums,0.6977,0.2813,0.1516,0.849,0.4673,0.7549,6.855,3.71,0.7454,0.6637,0.2742,0.129,0.0403,0.0565,0.1452,0.3548,0.25,0.1532,0.0,0.0,0.0,0.0081,0.0,0.0,0.0,0.0,0.0,0.0,0.0645,0.2742,0.1774,0.0081,0.0
song,幾四音-Ixion-,オンゲキ＆CHUNITHM,vocal,13.3,210.0,123,,,drums,0.7289,0.2823,0.2925,0.5,0.4532,0.8122,6.455,3.211,0.1799,0.205,0.187,0.0488,0.0488,0.2439,0.0976,0.374,0.0,0.2439,0.0488,0.0,0.0163,0.0732,0.0244,0.0,0.0163,0.0,0.0163,0.0,0.0813,0.0,0.187,0.0407,0.0163
song,放課後ストライド,niconico＆ボーカロイド,vocal,13.3,225.0,124,,,drums,0.6254,0.3696,0.0683,1.254,0.4963,0.8125,5.71,5.097,-0.0266,0.3428,0.2097,0.2177,0.0323,0.0081,0.0806,0.4516,0.2581,0.1774,0.0,0.0,0.0,0.0484,0.0,0.0,0.0,0.0,0.1129,0.0,0.0161,0.0,0.0,0.0,0.0
song,敗北の少年,niconico＆ボーカロイド,vocal,13.4,185.0,110,,,drums,0.6339,0.477,0.0813,0.877,0.6764,0.6403,8.8,6.145,-0.2977,-0.0835,0.2545,0.3182,0.1273,0.0182,0.0182,0.2636,0.2727,0.0636,0.0727,0.0,0.0091,0.0,0.0,0.0,0.0091,0.0,0.0545,0.0727,0.3364,0.2,0.2727,0.0182,0.0
song,日本の米は世界一,POPS＆アニメ,vocal,13.3,138.0,64,,,drums,0.7612,0.516,0.0816,0.609,0.6429,0.8424,11.031,5.859,0.2106,0.2625,0.375,0.1406,0.0156,0.0156,0.0625,0.3906,0.3125,0.0938,0.0,0.0,0.0156,0.0,0.0312,0.0,0.0469,0.0,0.2031,0.0,0.0469,0.0781,0.5625,0.0156,0.0781
song,最終鬼畜妹・一部声,東方Project,vocal,13.9,200.0,110,,,drums,0.6263,0.2723,0.1961,1.059,0.5807,0.8421,7.645,3.855,0.2799,0.2398,0.1818,0.1364,0.1091,0.0818,0.1455,0.3455,0.1818,0.2,0.0,0.0,0.0,0.0,0.0,0.0,0.0,0.0,0.0,0.0,0.0818,0.1636,0.2182,0.0273,0.0
song,木彫り鯰と右肩ゾンビ,niconico＆ボーカロイド,vocal,13.6,150.0,87,,,drums,0.7857,0.372,0.0543,0.671,0.5187,0.852,10.632,6.471,0.4724,0.1997,0.5402,0.1379,0.046,0.023,0.0,0.2529,0.1149,0.1494,0.023,0.0,0.0115,0.0805,0.0345,0.0,0.0,0.0,0.1034,0.0,0.1724,0.2874,0.4023,0.1724,0.0345
song,東方スイーツ！～鬼畜姉妹と受難メイド～,東方Project,vocal,13.2,179.0,77,,,drums,0.6468,0.3914,0.102,1.272,0.5713,0.7665,7.169,4.662,0.3434,0.2829,0.2597,0.2468,0.026,0.0519,0.0779,0.3377,0.2468,0.0,0.0,0.0,0.0,0.0519,0.0,0.0,0.0,0.0,0.1299,0.0,0.1169,0.026,0.3506,0.026,0.0
song,東方妖々夢 ～the maximum moving about～,東方Project,vocal,13.3,196.975,118,,,drums,0.7179,0.3537,0.2092,0.893,0.4278,0.7588,6.61,3.712,0.3831,0.2799,0.2797,0.161,0.0424,0.1695,0.0254,0.322,0.1271,0.2458,0.0,0.0,0.0085,0.0,0.0,0.0,0.0,0.0,0.1017,0.0,0.1525,0.0,0.1017,0.0169,0.0169
song,極圏,ゲーム＆バラエティ,instrumental,14.4,207.0,100,,,drums,0.6882,0.4337,0.1566,0.503,0.5893,0.6781,9.79,5.65,0.6456,0.4391,0.25,0.13,0.01,0.08,0.13,0.4,0.21,0.28,0.03,0.01,0.06,0.01,0.02,0.0,0.04,0.02,0.09,0.0,0.07,0.27,0.35,0.03,0.01
song,火炎地獄,maimai,instrumental,14.1,216.0,97,,,drums,0.5953,0.4032,0.2427,1.349,0.4484,0.7464,7.062,4.536,0.2481,0.2453,0.1856,0.1443,0.0412,0.2577,0.0309,0.3402,0.1237,0.1546,0.0619,0.0,0.0515,0.0206,0.0,0.0309,0.0206,0.0,0.0619,0.0,0.1753,0.0,0.1546,0.0,0.0309
song,炉心融解,niconico＆ボーカロイド,vocal,13.2,165.0,64,,,drums,0.6434,0.129,0.0204,1.125,0.4398,0.8464,6.5,5.422,0.3369,0.3666,0.1562,0.2969,0.0625,0.0,0.0625,0.4219,0.2188,0.0938,0.0,0.0,0.0,0.0,0.0,0.0,0.0,0.0,0.0469,0.0,0.1562,0.0,0.1875,0.0312,0.0
song,炭★坑★節,maimai,vocal,13.3,112.0,45,,,drums,0.5339,0.224,0.1101,1.191,0.4289,0.8637,7.911,8.178,-0.2391,-0.3021,0.1778,0.2444,0.2444,0.0,0.0222,0.3111,0.0889,0.0444,0.0444,0.0,0.0,0.0,0.0444,0.0,0.0,0.0,0.2889,0.0,0.2667,0.0444,0.0,0.0,0.1111
song,片想いサンバ,niconico＆ボーカロイド,vocal,13.2,150.0,81,,,drums,0.6504,0.4536,0.0252,0.932,0.5109,0.681,10.074,7.543,0.2899,0.0794,0.3086,0.1481,0.0864,0.0,0.0,0.4568,0.5185,0.0988,0.2099,0.0,0.0247,0.0,0.0247,0.0123,0.037,0.0,0.1358,0.0,0.4198,0.1358,0.0617,0.0247,0.0247
song,生きてるおばけは生きている,niconico＆ボーカロイド,vocal,13.3,140.0,72,,,drums,0.8133,0.3255,0.1691,0.521,0.5186,0.8594,11.514,5.903,0.0912,0.2091,0.4722,0.0139,0.0278,0.0139,0.0,0.4722,0.1389,0.1528,0.0,0.0,0.0417,0.0,0.0,0.0,0.0,0.0,0.375,0.0,0.2083,0.0972,0.5694,0.0278,0.0
song,疾走あんさんぶる,東方Project,instrumental,13.7,195.0,104,,,drums,0.7604,0.6108,0.0898,0.639,0.56,0.8594,8.558,5.683,0.3776,0.5068,0.3942,0.1442,0.0288,0.0192,0.0096,0.4038,0.1346,0.1154,0.125,0.0,0.0192,0.0,0.0192,0.0,0.0577,0.0,0.0962,0.0,0.0865,0.1442,0.1442,0.0,0.0096
song,真・ハンサム体操でズンドコホイ,POPS＆アニメ,vocal,13.4,140.0,61,,,drums,0.4341,0.2847,0.0586,1.588,0.3186,0.6404,8.197,6.951,0.2363,0.221,0.1148,0.1967,0.2951,0.0164,0.1148,0.2623,0.0656,0.1311,0.082,0.0,0.0,0.0,0.0328,0.0328,0.0328,0.0328,0.0,0.0,0.0492,0.0492,0.2131,0.0328,0.0164
song,空威張りビヘイビア,maimai,vocal,13.7,186.0,102,,,drums,0.7543,0.1543,0.296,0.657,0.6012,0.6847,8.696,3.961,0.5719,0.4772,0.3137,0.0588,0.0588,0.2549,0.0686,0.2451,0.1471,0.049,0.0,0.0,0.0,0.0,0.0,0.0,0.0,0.0,0.0882,0.0,0.1275,0.0784,0.4706,0.0,0.0686
song,終点,niconico＆ボーカロイド,vocal,13.7,222.0,107,,,drums,0.6341,0.4617,0.0954,1.07,0.5422,0.6123,6.636,4.729,0.432,0.3875,0.3084,0.1869,0.1121,0.028,0.1215,0.243,0.0467,0.1869,0.0187,0.0,0.0093,0.0,0.0,0.0,0.0093,0.0561,0.0467,0.0374,0.3832,0.1028,0.2617,0.0,0.0093
song,緋色のDance,東方Project,vocal,13.3,155.0,65,,,drums,0.7175,0.4992,0.2892,0.735,0.4629,0.7723,9.2,5.077,0.3683,-0.1422,0.2615,0.1538,0.0923,0.2,0.0,0.2923,0.3077,0.2,0.0,0.0,0.0308,0.0,0.0769,0.0,0.0,0.0,0.4462,0.0,0.1231,0.0,0.0615,0.0,0.0154
song,脳漿炸裂ガール,niconico＆ボーカロイド,vocal,14.1,155.0,66,,,drums,0.6494,0.5264,0.1393,0.832,0.4328,0.7258,10.273,8.5,0.012,-0.0247,0.1061,0.0909,0.0455,0.0455,0.0,0.7121,0.1212,0.0758,0.1364,0.0,0.0,0.1212,0.0,0.0,0.0,0.0,0.697,0.0,0.4545,0.0303,0.0,0.0,0.0606
song,言ノ葉カルマ,maimai,vocal,13.4,150.0,87,,,drums,0.7185,0.3777,0.1128,0.876,0.4975,0.6254,9.103,5.586,0.568,0.2222,0.4138,0.1034,0.046,0.046,0.0345,0.3563,0.4138,0.2529,0.0345,0.0,0.0575,0.0,0.0575,0.0115,0.0345,0.0,0.1724,0.0,0.2299,0.092,0.1264,0.0,0.0
song,記憶、記録,maimai,vocal,13.6,185.0,81,,,drums,0.7741,0.5539,0.0252,0.58,0.448,0.7216,8.037,5.778,0.4655,0.2364,0.4815,0.1358,0.0,0.0,0.037,0.3457,0.037,0.2099,0.0123,0.0,0.0,0.0,0.0,0.0,0.0,0.0,0.2469,0.0,0.3457,0.1481,0.0988,0.0,0.1358
song,超絶！Superlative,ゲーム＆バラエティ,instrumental,13.2,200.0,87,,,drums,0.5635,0.4425,0.238,1.247,0.4382,0.7355,5.149,3.897,0.1207,0.1046,0.1264,0.1264,0.1609,0.2184,0.092,0.2759,0.1379,0.1609,0.0,0.0,0.023,0.023,0.0,0.0,0.0575,0.0,0.069,0.0,0.069,0.069,0.1034,0.0,0.0
song,進捗どうですか？,東方Project,vocal,13.6,199.0,103,,,drums,0.8024,0.6223,0.0887,0.612,0.6288,0.742,8.913,4.524,0.1141,0.3361,0.5922,0.0777,0.0194,0.0583,0.0097,0.2427,0.0777,0.1262,0.0485,0.0,0.0291,0.0,0.0,0.0,0.0097,0.0,0.1165,0.0,0.3301,0.1748,0.4757,0.0874,0.0
song,電車で電車でOPA!OPA!OPA! -GMT mashup-,ゲーム＆バラエティ,vocal,13.8,134.0,70,,,drums,0.5656,0.3798,0.0412,1.379,0.5422,0.7143,8.171,7.514,-0.0852,0.0016,0.2286,0.2571,0.1714,0.0286,0.1,0.2143,0.6143,0.1,0.1286,0.0,0.0286,0.0,0.0857,0.0,0.0429,0.0,0.0714,0.0,0.0286,0.0571,0.0429,0.0286,0.0
song,響縁,東方Project,vocal,13.0,180.0,89,,,drums,0.6474,0.2175,0.0991,1.008,0.4491,0.6646,7.573,5.674,0.4629,0.5116,0.3483,0.1124,0.1011,0.1011,0.0562,0.2809,0.3371,0.0225,0.0787,0.0,0.0,0.0,0.0,0.0,0.0,0.0,0.0225,0.0,0.382,0.0562,0.1011,0.0,0.0
song,頓珍漢の宴,niconico＆ボーカロイド,vocal,13.8,145.0,81,,,drums,0.6738,0.4425,0.11,0.819,0.5482,0.781,12.185,7.432,0.4695,0.4363,0.358,0.1975,0.0123,0.0123,0.0617,0.358,0.321,0.0741,0.1111,0.0,0.0123,0.0,0.037,0.0,0.0,0.0,0.2469,0.1975,0.2469,0.3704,0.4444,0.0741,0.0
song,魔法少女になるしかねぇ,ゲーム＆バラエティ,vocal,14.0,165.0,90,,,drums,0.7134,0.4798,0.0854,0.886,0.4902,0.7164,10.622,5.922,0.3435,0.2787,0.4,0.1778,0.0667,0.0,0.0333,0.3222,0.2333,0.3,0.1333,0.0222,0.0111,0.0556,0.0,0.0222,0.0222,0.0222,0.0556,0.0222,0.2111,0.1111,0.2667,0.0,0.0111
song,魔理沙は大変なものを盗んでいきました,東方Project,vocal,13.3,170.0,81,,,drums,0.6452,0.2175,0.0749,1.074,0.3796,0.7276,7.21,6.284,0.2523,0.3661,0.3704,0.1605,0.1235,0.0123,0.0247,0.3086,0.1728,0.1605,0.0123,0.0,0.0,0.0123,0.0247,0.0,0.0247,0.0,0.1235,0.0,0.1852,0.0494,0.0123,0.0,0.0
song,麒麟,ゲーム＆バラエティ,instrumental,14.1,220.0,116,,,drums,0.6358,0.3551,0.1564,1.057,0.4883,0.6663,7.216,4.457,0.5938,0.6354,0.2241,0.0948,0.0862,0.0517,0.1897,0.3534,0.1638,0.1121,0.0086,0.0,0.0172,0.0,0.0086,0.0,0.0086,0.0,0.2069,0.0,0.1034,0.0172,0.1034,0.0172,0.0
function,,,,,,1488,intro,,drums,0.6771,0.3665,0.1355,0.813,0.3806,0.5602,6.993,4.831,,,0.2964,0.1183,0.0638,0.0833,0.1142,0.3239,0.1237,0.1902,0.08,0.0161,0.0128,0.0067,0.0255,0.0027,0.0114,0.0054,0.1237,0.0141,0.1895,0.0793,0.121,0.0067,0.0208
function,,,,,,3266,verse,,drums,0.672,0.3974,0.1241,0.895,0.5139,0.7135,8.373,5.405,,,0.3181,0.1509,0.075,0.0667,0.0615,0.3276,0.1669,0.1748,0.0389,0.0067,0.0211,0.0153,0.0233,0.004,0.0141,0.0046,0.1157,0.0175,0.1592,0.1072,0.2664,0.0404,0.0208
function,,,,,,360,pre_chorus,,drums,0.6687,0.4045,0.1165,0.845,0.452,0.6927,7.933,5.175,,,0.2944,0.1194,0.0833,0.0861,0.1083,0.3083,0.1056,0.1889,0.025,0.0,0.0222,0.0,0.0167,0.0,0.0028,0.0083,0.0861,0.0167,0.125,0.0944,0.2472,0.0333,0.0278
function,,,,,,2225,chorus,,drums,0.6709,0.4153,0.1068,0.909,0.5883,0.8614,8.805,5.671,,,0.3231,0.1757,0.093,0.0503,0.0247,0.333,0.218,0.1043,0.0355,0.0009,0.0166,0.0085,0.0139,0.0022,0.0139,0.0058,0.1187,0.0121,0.1789,0.1578,0.2989,0.0387,0.0346
function,,,,,,1782,quiet_chorus,,drums,0.6847,0.4018,0.1124,0.864,0.5321,0.7732,8.494,5.322,,,0.3215,0.1605,0.0903,0.0516,0.032,0.344,0.1644,0.1274,0.0331,0.0039,0.0275,0.0191,0.0213,0.0101,0.0168,0.0039,0.1033,0.0168,0.1616,0.1173,0.2744,0.0292,0.0185
function,,,,,,560,final_chorus,,drums,0.6915,0.4469,0.1227,0.861,0.6134,0.8836,9.296,5.768,,,0.3482,0.1786,0.0714,0.0554,0.0196,0.3268,0.2536,0.1268,0.0339,0.0018,0.0125,0.0054,0.0268,0.0036,0.0054,0.0125,0.0982,0.025,0.1357,0.1214,0.3304,0.0232,0.0161
function,,,,,,784,drop,,drums,0.7483,0.5405,0.1188,0.639,0.6149,0.8941,10.653,6.52,,,0.4247,0.102,0.0383,0.023,0.0038,0.4082,0.2602,0.2781,0.0612,0.0,0.0472,0.0293,0.0714,0.0166,0.0459,0.014,0.1964,0.0204,0.1888,0.0944,0.2832,0.0523,0.0293
function,,,,,,3001,interlude,,drums,0.7103,0.4614,0.149,0.771,0.5092,0.676,8.857,5.59,,,0.3649,0.1023,0.0516,0.0823,0.06,0.3389,0.2029,0.2199,0.0347,0.0043,0.0373,0.0253,0.0377,0.003,0.021,0.0107,0.1639,0.0103,0.1963,0.1136,0.2043,0.016,0.0197
function,,,,,,51,outro,,drums,0.6043,0.275,0.2432,0.913,0.5112,0.4758,8.176,5.294,,,0.2353,0.1373,0.0588,0.0784,0.1961,0.2941,0.2353,0.2745,0.0,0.0,0.0196,0.0196,0.0392,0.0,0.0392,0.0196,0.0784,0.0,0.2549,0.0,0.3137,0.0588,0.0196
function_x_hardness,,,,,,836,intro,低,drums,0.6697,,0.1489,0.824,0.2308,0.5018,6.108,4.598,,,0.2919,0.1244,0.0694,0.0933,0.1328,0.2883,,,,,,,,,,,,,,,,,
function_x_hardness,,,,,,357,intro,中,drums,0.7145,,0.1291,0.648,0.5235,0.6326,8.535,5.258,,,0.3221,0.0952,0.07,0.0924,0.014,0.4062,,,,,,,,,,,,,,,,,
function_x_hardness,,,,,,242,intro,高,drums,0.7038,,0.1049,0.866,0.7709,0.7144,9.31,5.669,,,0.3388,0.157,0.0496,0.0537,0.0041,0.3967,,,,,,,,,,,,,,,,,
function_x_hardness,,,,,,1115,verse,低,drums,0.6432,,0.137,0.969,0.2761,0.6675,6.735,5.191,,,0.2951,0.1202,0.0852,0.078,0.113,0.3085,,,,,,,,,,,,,,,,,
function_x_hardness,,,,,,1148,verse,中,drums,0.6967,,0.1242,0.813,0.5414,0.7296,8.992,5.584,,,0.3519,0.1516,0.0897,0.0636,0.0105,0.3328,,,,,,,,,,,,,,,,,
function_x_hardness,,,,,,944,verse,高,drums,0.6978,,0.1097,0.839,0.7936,0.7603,10.077,5.602,,,0.3242,0.196,0.0498,0.0614,0.0042,0.3644,,,,,,,,,,,,,,,,,
function_x_hardness,,,,,,166,pre_chorus,低,drums,0.6367,,0.1258,0.868,0.2698,0.6504,6.542,5.114,,,0.2651,0.1024,0.1084,0.0964,0.1687,0.259,,,,,,,,,,,,,,,,,
function_x_hardness,,,,,,103,pre_chorus,中,drums,0.6964,,0.1307,0.826,0.5191,0.7068,9.243,5.398,,,0.2621,0.1456,0.0388,0.0971,0.0194,0.4369,,,,,,,,,,,,,,,,,
function_x_hardness,,,,,,82,pre_chorus,高,drums,0.7054,,0.0856,0.817,0.7861,0.776,9.976,5.451,,,0.4268,0.1341,0.0976,0.061,0.0,0.2805,,,,,,,,,,,,,,,,,
function_x_hardness,,,,,,539,chorus,低,drums,0.6133,,0.0952,1.059,0.2917,0.8604,6.866,5.647,,,0.2764,0.1911,0.1299,0.0427,0.0594,0.3006,,,,,,,,,,,,,,,,,
function_x_hardness,,,,,,763,chorus,中,drums,0.6879,,0.1102,0.87,0.5458,0.8606,8.969,5.689,,,0.3512,0.1678,0.0813,0.0459,0.0105,0.3434,,,,,,,,,,,,,,,,,
function_x_hardness,,,,,,912,chorus,高,drums,0.6943,,0.1105,0.843,0.8062,0.8636,9.92,5.714,,,0.3311,0.1754,0.0822,0.0592,0.0044,0.3476,,,,,,,,,,,,,,,,,
function_x_hardness,,,,,,574,quiet_chorus,低,drums,0.6682,,0.097,0.924,0.2807,0.7626,6.84,5.087,,,0.3293,0.1289,0.101,0.047,0.0592,0.3345,,,,,,,,,,,,,,,,,
function_x_hardness,,,,,,605,quiet_chorus,中,drums,0.6837,,0.1159,0.866,0.5301,0.7773,8.759,5.519,,,0.3372,0.1636,0.1207,0.0612,0.005,0.3124,,,,,,,,,,,,,,,,,
function_x_hardness,,,,,,584,quiet_chorus,高,drums,0.7116,,0.1232,0.775,0.7987,0.7856,10.122,5.461,,,0.3082,0.1935,0.0514,0.0479,0.0017,0.3973,,,,,,,,,,,,,,,,,
function_x_hardness,,,,,,108,final_chorus,低,drums,0.6762,,0.1033,0.953,0.3154,0.8774,6.972,5.417,,,0.3611,0.1389,0.0463,0.037,0.0648,0.3519,,,,,,,,,,,,,,,,,
function_x_hardness,,,,,,190,final_chorus,中,drums,0.6861,,0.12,0.853,0.5335,0.8854,9.084,6.037,,,0.3474,0.1842,0.0789,0.0368,0.0053,0.3474,,,,,,,,,,,,,,,,,
function_x_hardness,,,,,,260,final_chorus,高,drums,0.7071,,0.1327,0.804,0.8002,0.8857,10.488,5.754,,,0.3462,0.1923,0.0769,0.0769,0.0038,0.3038,,,,,,,,,,,,,,,,,
function_x_hardness,,,,,,172,drop,低,drums,0.7397,,0.1225,0.705,0.3421,0.8917,9.145,6.535,,,0.4244,0.0988,0.0465,0.0233,0.0116,0.3953,,,,,,,,,,,,,,,,,
function_x_hardness,,,,,,268,drop,中,drums,0.7447,,0.1379,0.6,0.553,0.8944,10.608,6.302,,,0.4142,0.1007,0.0485,0.0336,0.0,0.403,,,,,,,,,,,,,,,,,
function_x_hardness,,,,,,343,drop,高,drums,0.7576,,0.1024,0.626,0.8018,0.8956,11.475,6.697,,,0.4344,0.105,0.0262,0.0146,0.0,0.4198,,,,,,,,,,,,,,,,,
function_x_hardness,,,,,,1065,interlude,低,drums,0.6704,,0.1539,0.852,0.2851,0.6247,7.139,5.327,,,0.3174,0.0948,0.0676,0.0892,0.0977,0.3333,,,,,,,,,,,,,,,,,
function_x_hardness,,,,,,989,interlude,中,drums,0.7484,,0.1586,0.679,0.5412,0.6992,9.907,5.941,,,0.4095,0.0859,0.0546,0.095,0.003,0.3519,,,,,,,,,,,,,,,,,
function_x_hardness,,,,,,879,interlude,高,drums,0.7447,,0.1316,0.691,0.7843,0.7334,10.444,5.823,,,0.4005,0.1377,0.033,0.066,0.0057,0.3572,,,,,,,,,,,,,,,,,
