scope,song,genre,level,bpm,n_bars,coverage_mean,extra_ratio_mean,physical_hardness_mean,hand_difficulty_mean,intensity_mean,mode_全采,mode_半采,mode_稀采/空音,mode_加花,mode_静默,mode_混合,cfg_2+1,cfg_3+1,cfg_CYCLES型星星,cfg_N+1,cfg_一笔画,cfg_三叉戟,cfg_三角交互,cfg_二连扫,cfg_井字星星,cfg_侧边双押,cfg_出张,cfg_单双/双单,cfg_双压连续拍滑,cfg_双押纵,cfg_反手,cfg_同起点拍滑,cfg_大宇宙,cfg_大风车,cfg_夹键拍滑,cfg_如龙段,cfg_子弹,cfg_定拍,cfg_拆弹,cfg_挥手段,cfg_散点,cfg_普通交互,cfg_楼梯交互,cfg_死镰段,cfg_穿心,cfg_纵连,cfg_绕圈星星,cfg_跳拍,cfg_轴交互,cfg_连续双押,cfg_连续拍滑,cfg_逆楼梯/方向盘,cfg_错位,cfg_长纵连,cfg_鼓动段
song,-OutsideRRequieM-,オンゲキ＆CHUNITHM,13.6,181.0,97,0.6428,0.0852,0.5302,0.3303,0.6823,31,20,8,4,4,3,4,3,0,0,6,2,3,7,0,4,1,5,1,3,3,0,0,0,1,0,35,2,0,0,0,0,0,0,2,7,3,8,4,32,16,0,9,0,2
song,7thSense,maimai,14.4,150.0,79,0.7034,0.2952,0.5837,0.3513,0.5643,25,8,4,21,0,9,0,0,1,0,8,3,3,15,1,0,2,0,0,3,0,0,0,2,0,0,19,0,0,3,3,7,0,0,0,2,5,11,7,32,2,0,6,0,0
song,ARROW,niconico＆ボーカロイド,13.3,131.0,68,0.6561,0.1341,0.4862,0.2691,0.8319,19,14,6,4,1,2,0,0,0,0,6,4,0,0,0,0,0,16,0,0,1,0,0,0,0,0,9,0,1,0,0,1,0,0,2,0,3,9,0,19,2,0,4,0,0
song,Acceleration,maimai,13.4,180.0,60,0.7793,0.1027,0.5729,0.3631,0.6427,28,5,0,5,5,4,0,0,0,0,0,0,0,25,0,9,0,12,0,0,0,0,2,0,0,0,2,0,0,0,13,2,0,0,0,0,0,1,0,7,0,0,3,0,0
song,Aiolos,maimai,14.3,205.0,107,0.8129,0.1584,0.5551,0.2521,0.6653,59,7,2,6,6,10,0,0,0,0,0,0,3,12,5,0,0,6,0,0,2,0,0,0,0,0,2,0,0,0,9,10,2,0,0,8,0,11,5,38,4,1,1,4,0
song,Axeria,maimai,14.5,193.0,87,0.8111,0.1288,0.4029,0.1067,0.6925,41,9,0,3,3,13,0,0,0,0,3,0,2,11,7,0,0,2,0,0,1,0,2,0,0,0,1,0,3,0,0,0,2,6,0,0,2,26,11,10,6,0,19,0,0
song,B.M.S.,ゲーム＆バラエティ,14.2,200.0,77,0.7889,0.1766,0.6724,0.3114,0.7883,32,7,2,11,1,8,3,0,0,0,0,0,1,10,0,1,0,27,1,2,0,1,1,0,4,0,11,15,0,0,2,1,1,0,0,4,0,0,10,16,8,0,0,1,0
song,BAD∞END∞NIGHT,niconico＆ボーカロイド,13.5,204.0,80,0.6879,0.0898,0.4131,0.3556,0.8487,28,13,6,3,1,3,7,0,0,0,1,0,1,2,6,3,1,7,0,0,2,0,0,0,0,0,0,0,0,0,0,2,0,0,0,3,1,13,0,11,6,0,0,0,4
song,Back 2 Back,ゲーム＆バラエティ,13.7,150.0,66,0.3616,0.0227,0.7417,0.3165,0.6393,0,18,26,0,2,5,0,0,0,0,59,2,0,0,0,0,4,0,0,0,0,3,0,0,0,0,0,0,0,2,0,0,0,0,0,0,12,0,8,0,11,0,0,0,6
song,Bang Babang Bang!!!,オンゲキ＆CHUNITHM,13.2,200.0,100,0.7306,0.0736,0.5324,0.3309,0.7128,40,8,4,2,7,3,0,0,1,0,7,1,1,0,7,0,6,2,1,0,0,0,0,0,0,0,17,0,0,0,0,1,0,0,0,0,6,3,0,22,3,1,8,0,0
song,Barbed Eye,maimai,13.0,135.0,79,0.6924,0.1557,0.6517,0.4485,0.7753,25,14,3,7,2,9,2,0,2,0,4,0,2,0,1,0,0,25,0,0,0,0,0,0,0,0,27,0,0,0,2,1,0,0,0,0,0,15,2,37,1,0,3,0,0
song,Believe the Rainbow,maimai,13.4,133.0,70,0.3937,0.0512,0.4727,0.4773,0.6683,3,11,27,5,9,0,0,0,1,0,13,1,0,0,4,0,2,0,1,0,0,0,0,0,0,0,0,0,1,1,0,0,0,0,0,0,10,0,0,0,12,0,0,0,1
song,Black Out,maimai,13.3,142.0,44,0.6776,0.0905,0.4529,0.3648,0.7918,10,3,3,1,0,2,0,0,0,0,7,0,0,0,0,2,1,2,0,0,4,0,0,0,0,0,10,0,0,0,0,0,0,0,0,13,7,9,0,5,0,0,0,0,0
song,Brain Power,ゲーム＆バラエティ,13.4,170.0,75,0.7291,0.0565,0.4449,0.1357,0.8205,34,12,4,1,2,0,0,0,1,0,5,0,2,10,0,0,1,2,0,1,0,0,3,0,0,0,3,0,0,0,1,3,1,0,0,10,2,2,3,14,0,0,11,0,0
song,Contrapasso -paradiso-,maimai,14.4,243.0,120,0.7441,0.1066,0.6642,0.4104,0.7162,54,11,0,6,7,8,0,0,0,0,0,8,2,1,4,0,0,16,1,4,0,0,0,0,6,0,30,0,0,7,2,1,2,0,4,12,0,5,0,28,33,0,0,0,16
song,Cosmic Magic Shooter,東方Project,13.9,163.0,72,0.6955,0.036,0.5679,0.4026,0.7656,18,15,4,0,0,2,0,0,3,0,4,1,0,4,1,1,0,5,0,0,0,0,0,0,1,0,12,0,0,0,0,1,0,0,2,0,2,5,0,30,10,0,4,0,0
song,DO RORO DERODERO ON DO RORO,ゲーム＆バラエティ,13.7,190.0,76,0.7274,0.1784,0.5734,0.2459,0.8545,25,4,5,10,3,11,0,0,0,0,2,0,9,8,0,1,3,0,0,0,6,0,5,0,0,0,10,0,0,0,0,0,0,0,0,1,2,29,0,2,0,0,0,0,0
song,DRAGONLADY,ゲーム＆バラエティ,13.9,150.0,53,0.8817,0.072,0.4494,0.512,0.8358,37,1,0,0,0,1,0,0,0,0,0,0,5,0,0,0,0,0,0,1,3,0,0,0,0,0,22,2,0,0,0,1,1,0,0,7,0,23,4,3,0,0,2,0,0
song,Danza zandA,maimai,13.4,129.0,59,0.6823,0.1293,0.521,0.1145,0.8007,16,14,2,2,2,3,0,0,0,0,2,0,2,2,3,5,1,10,0,0,0,0,0,0,0,1,6,0,0,0,2,0,0,0,0,0,0,11,0,30,0,0,7,0,0
song,Death Scythe,maimai,13.8,182.0,89,0.7985,0.0829,0.464,0.247,0.8114,53,7,1,1,4,3,0,0,0,0,8,0,0,18,2,2,6,4,0,0,1,0,0,0,8,0,3,0,0,0,0,0,0,2,2,0,10,13,0,0,11,0,10,0,0
song,D✪N’T ST✪P R✪CKIN’,maimai,13.8,140.0,72,0.6329,0.1825,0.5818,0.127,0.6894,9,14,6,8,0,4,0,0,0,0,26,3,1,3,0,6,3,4,0,2,0,0,2,0,0,0,8,2,20,0,6,0,2,0,4,0,20,2,0,26,0,2,13,0,0
song,ECHO,niconico＆ボーカロイド,13.5,140.0,74,0.6697,0.1971,0.6344,0.3747,0.7036,19,15,1,6,2,5,0,0,0,0,4,8,0,0,4,4,2,20,0,0,0,0,0,0,8,0,5,0,0,0,0,0,0,0,0,2,5,5,0,14,16,0,17,0,9
song,Endless World,maimai,13.0,142.0,66,0.4592,0.0961,0.3571,0.4139,0.8347,1,21,14,5,3,3,0,0,0,0,3,4,0,0,0,1,3,6,0,0,0,0,0,0,0,0,10,0,0,4,0,0,0,0,0,4,4,18,0,1,0,0,1,2,0
song,FEEL ALIVE,maimai,13.7,162.0,53,0.7223,0.1181,0.4292,0.4457,0.7851,18,8,0,1,4,3,0,0,0,0,9,0,0,8,1,0,0,0,0,0,3,0,0,0,0,0,7,0,0,0,1,2,0,0,0,7,4,7,6,5,0,0,1,0,0
song,FFT,maimai,14.0,180.0,90,0.6929,0.1947,0.5035,0.0937,0.6877,27,11,3,15,3,3,2,0,5,0,24,8,0,0,1,0,2,7,2,0,4,0,0,0,0,0,8,0,1,1,0,0,0,0,0,4,2,11,0,7,2,0,21,0,0
song,FLOWER,ゲーム＆バラエティ,13.9,173.0,82,0.6917,0.1829,0.6629,0.3151,0.6844,28,8,8,9,2,5,0,0,6,0,9,0,1,2,0,4,7,11,0,0,4,0,0,0,0,0,12,0,0,0,2,1,1,0,0,1,2,33,0,16,0,0,2,0,0
song,FUJIN Rumble,ゲーム＆バラエティ,14.5,192.0,88,0.8595,0.2018,0.5946,0.2401,0.6798,49,5,0,5,3,15,0,0,0,0,0,0,4,17,0,0,0,12,0,0,2,0,4,0,0,0,8,0,0,0,4,8,0,0,0,8,0,29,1,24,0,2,6,0,0
song,GOODMEN,ゲーム＆バラエティ,13.4,175.0,90,0.7826,0.0666,0.4249,0.3522,0.7489,51,15,5,1,0,6,8,0,0,0,3,14,1,0,0,0,2,27,0,0,0,0,0,0,6,0,6,0,0,0,0,0,0,0,4,7,2,12,1,8,12,0,0,1,0
song,Garden Of The Dragon,ゲーム＆バラエティ,13.5,120.0,53,0.6036,0.1702,0.5909,0.4273,0.8119,13,13,4,5,2,2,9,0,4,0,4,0,4,2,0,0,0,4,0,0,0,0,1,0,0,0,6,0,0,0,6,6,5,0,0,0,1,12,0,16,0,0,4,0,0
song,Get Happy,maimai,13.8,150.0,75,0.6903,0.0728,0.3673,0.3625,0.7699,21,18,4,0,1,0,8,0,0,0,5,0,0,2,1,0,3,1,0,0,0,0,0,0,0,0,27,0,0,0,2,0,0,0,0,0,2,24,1,0,8,0,1,0,4
song,Got more raves？,ゲーム＆バラエティ,14.1,266.0,131,0.7348,0.2115,0.4882,0.191,0.7778,44,13,2,9,6,13,0,0,0,0,0,0,6,3,2,1,0,2,0,2,0,0,6,0,6,0,42,0,0,0,0,4,3,0,0,5,0,6,16,20,13,0,0,0,0
song,HERA,maimai,14.3,185.0,102,0.7902,0.0484,0.5123,0.2856,0.7055,54,18,2,1,5,3,2,0,1,0,5,3,11,0,0,0,2,2,7,3,2,0,0,0,0,0,20,0,1,3,0,0,8,0,0,7,2,9,12,25,1,0,1,11,0
song,HIMITSUスパーク,POPS＆アニメ,13.2,156.0,85,0.6975,0.1267,0.5216,0.4358,0.7001,29,15,3,4,2,4,0,0,3,0,14,0,2,2,0,0,1,4,0,0,0,0,0,0,0,0,21,0,0,0,0,2,0,0,0,0,12,9,0,33,2,0,3,0,0
song,Hyper Active,maimai,13.9,160.0,90,0.7498,0.2134,0.6146,0.324,0.7716,38,12,2,10,1,2,0,0,0,0,6,0,0,12,0,2,1,11,0,0,2,0,0,0,2,0,24,0,0,0,3,5,0,0,0,0,0,27,0,11,6,0,5,0,0
song,Imperishable Night 2006 (2016 Refine),東方Project,13.8,161.0,87,0.7612,0.058,0.5313,0.4506,0.6627,45,17,2,1,0,0,0,0,0,0,0,1,15,3,0,0,0,10,0,0,0,0,2,0,0,0,20,0,0,0,1,6,8,0,0,4,0,16,9,12,4,0,11,0,2
song,Infantoon Fantasy,オンゲキ＆CHUNITHM,13.8,185.0,109,0.7109,0.1115,0.5533,0.311,0.6923,45,23,4,4,3,5,3,0,0,0,0,2,1,6,4,0,0,3,0,0,0,0,0,0,2,0,27,0,0,2,0,3,2,0,4,4,0,17,0,31,12,0,4,0,8
song,JACKY [Remix],ゲーム＆バラエティ,13.7,135.0,49,0.5102,0.089,0.4827,0.3089,0.7658,2,21,9,1,0,0,0,0,0,0,1,0,0,2,4,0,2,0,0,0,0,0,0,0,0,0,12,0,0,0,0,0,0,0,0,0,0,12,0,0,5,0,3,0,2
song,Jack-the-Ripper◆,ゲーム＆バラエティ,14.1,210.0,127,0.7565,0.1766,0.4348,0.2568,0.6184,63,14,3,12,2,13,0,0,0,0,17,0,1,8,3,0,3,4,0,0,1,0,0,0,0,0,3,0,0,0,9,8,0,0,0,0,8,12,3,11,0,0,8,0,0
song,Jumble Rumble,maimai,14.0,185.0,96,0.8403,0.0491,0.4767,0.2939,0.7664,69,9,0,0,0,2,0,0,0,0,0,0,1,21,5,0,0,3,0,0,0,0,1,0,2,0,5,0,0,0,5,4,2,0,0,13,2,33,2,37,4,0,6,0,2
song,KISS CANDY FLAVOR,ゲーム＆バラエティ,13.4,146.0,82,0.705,0.0879,0.4167,0.4826,0.5861,23,14,3,2,2,4,0,0,1,0,7,0,3,24,3,0,2,0,0,0,0,0,0,0,0,0,13,0,0,0,1,1,0,0,0,0,3,17,2,18,7,0,1,0,0
song,Kattobi KEIKYU Rider,オンゲキ＆CHUNITHM,13.7,220.0,132,0.5177,0.081,0.4882,0.2717,0.6205,20,36,22,4,13,1,0,0,2,0,17,0,0,0,0,2,6,17,0,7,0,0,0,0,0,0,7,0,0,0,0,2,1,0,0,0,1,4,2,16,13,0,9,0,0
song,L4TS2018 (feat. あひる & KTA),ゲーム＆バラエティ,13.3,190.0,82,0.6076,0.0481,0.4332,0.2865,0.8032,18,12,5,2,8,2,0,0,1,0,4,0,0,0,0,0,1,0,0,0,0,2,0,0,0,0,11,0,0,0,0,0,0,0,0,0,2,15,0,9,7,2,0,0,0
song,Like the Wind [Reborn],ゲーム＆バラエティ,14.0,200.0,87,0.789,0.1133,0.5904,0.4108,0.7845,49,6,4,5,2,7,0,0,0,0,3,0,0,13,0,12,0,11,0,0,1,0,0,2,2,0,11,0,0,0,1,3,0,0,0,0,0,13,0,16,8,0,11,0,4
song,MYTHOS,maimai,14.4,158.0,68,0.6013,0.1456,0.6278,0.3019,0.831,23,8,3,1,14,6,0,0,5,0,10,2,5,4,1,0,0,1,0,1,2,0,4,0,2,0,2,0,0,2,4,3,1,0,0,1,0,9,12,10,4,0,6,0,0
song,Magical Flavor,maimai,13.3,98.0,49,0.6619,0.0542,0.5493,0.2846,0.7963,15,14,1,2,0,0,0,0,0,0,3,0,0,0,0,0,2,14,0,0,0,8,7,0,0,0,16,0,0,0,0,0,0,0,0,1,0,16,0,23,17,0,17,0,13
song,Magical Sound Shower,niconico＆ボーカロイド,13.4,120.0,68,0.7734,0.0265,0.6336,0.3105,0.673,37,7,1,0,6,0,0,0,1,3,4,0,0,0,0,2,3,9,0,4,0,0,0,0,0,0,35,0,0,0,0,2,0,0,0,14,5,29,2,16,0,0,15,0,0
song,Mare Maris,maimai,13.9,150.0,80,0.7205,0.1158,0.4705,0.28,0.7426,32,15,5,1,0,4,0,0,2,0,5,4,5,7,1,3,2,9,2,0,0,0,2,0,0,0,7,0,0,4,0,4,0,0,0,0,0,13,2,12,7,0,8,0,0
song,Maxi,ゲーム＆バラエティ,14.0,180.0,84,0.7351,0.1277,0.5125,0.4059,0.7168,28,13,1,4,6,12,0,0,0,0,4,0,1,5,1,0,1,30,0,6,2,0,0,0,0,0,8,0,0,0,0,1,1,0,0,1,0,17,2,27,0,0,4,1,0
song,Money Money,東方Project,13.2,145.0,89,0.5825,0.0771,0.5842,0.3345,0.6837,21,26,7,3,8,1,0,0,0,0,2,0,0,0,1,1,0,28,0,0,0,0,0,0,0,0,8,0,0,0,0,2,0,0,0,0,0,11,2,22,10,0,5,0,0
song,My Dearest Song,オンゲキ＆CHUNITHM,13.3,145.0,84,0.6623,0.1607,0.5136,0.2554,0.7697,30,9,5,10,3,6,0,0,1,0,4,2,3,0,1,3,6,6,0,0,0,0,3,0,0,0,12,0,0,2,0,3,1,0,0,0,7,3,0,19,10,0,7,0,4
song,Mysterious Destiny,ゲーム＆バラエティ,13.3,140.0,63,0.2931,0.0093,0.634,0.6113,0.8628,1,10,35,0,2,3,0,0,0,0,31,0,0,8,7,0,4,0,0,0,0,0,0,0,0,0,0,0,0,0,0,0,0,0,0,0,17,0,4,0,19,0,0,0,5
song,Nerverakes,maimai,14.1,140.0,45,0.7947,0.1904,0.5514,0.3529,0.8385,23,4,0,2,0,8,3,0,0,0,2,0,7,2,0,1,0,0,0,1,3,0,4,0,0,0,17,0,0,0,2,0,2,0,0,3,0,21,3,4,0,0,1,0,0
song,Night Fly,maimai,13.2,127.0,42,0.4464,0.0799,0.462,0.3585,0.7377,3,11,8,2,2,3,0,0,0,0,0,0,0,1,0,0,1,0,0,0,0,0,0,0,12,0,1,0,0,0,0,0,0,0,9,9,0,12,0,1,12,0,2,0,6
song,Nitrous Fury,maimai,14.0,144.0,63,0.8499,0.2508,0.5458,0.3178,0.9041,27,2,0,1,0,10,0,5,0,6,0,0,21,0,0,0,0,0,0,0,0,0,0,0,0,0,33,0,0,0,0,0,1,0,0,16,0,26,7,0,0,0,0,0,0
song,Paranoia,東方Project,13.6,150.0,83,0.6904,0.031,0.5244,0.3778,0.7603,34,20,5,2,2,1,8,0,1,3,5,1,0,0,0,0,0,9,1,0,0,0,0,0,0,0,42,0,0,1,0,0,0,0,0,2,2,13,0,27,14,0,8,0,0
song,Party 4U ”holy nite mix”,ゲーム＆バラエティ,13.7,159.0,59,0.7935,0.1022,0.4882,0.401,0.8912,30,2,1,2,1,4,0,0,1,9,1,7,2,2,1,0,0,14,0,1,0,0,0,0,0,0,17,0,0,4,0,6,0,0,0,1,12,22,0,14,0,3,1,0,0
song,Reach For The Stars,ゲーム＆バラエティ,13.9,203.0,69,0.6981,0.157,0.3464,0.2347,0.8155,34,4,5,7,4,5,0,0,0,0,0,1,0,0,2,0,1,7,1,0,2,1,0,0,0,0,2,0,0,0,0,0,0,0,0,6,0,3,0,15,7,0,2,0,7
song,Rodeo Machine,POPS＆アニメ,13.8,115.0,56,0.3661,0.067,0.4933,0.375,0.8954,0,8,28,4,4,5,0,0,1,0,11,17,0,0,2,0,0,0,5,0,0,1,0,0,0,0,0,0,0,14,0,0,0,0,0,0,13,0,4,0,12,0,0,0,8
song,Scars of FAUNA,ゲーム＆バラエティ,13.8,165.0,81,0.7179,0.1039,0.5209,0.2487,0.7209,29,14,2,1,1,7,0,0,1,0,18,0,0,0,1,2,0,6,0,3,1,0,0,0,0,0,4,0,0,0,0,0,0,0,0,2,0,5,0,39,0,0,17,11,0
song,Signature,maimai,13.5,128.0,70,0.8208,0.1109,0.5725,0.4823,0.7493,36,10,2,2,6,3,6,0,0,0,2,0,0,1,0,0,0,21,0,0,2,0,0,0,0,0,21,0,0,0,0,0,0,0,0,0,4,10,0,5,4,0,12,0,0
song,Space Harrier Main Theme [Reborn],ゲーム＆バラエティ,13.6,125.0,58,0.5779,0.1573,0.4726,0.462,0.6904,7,16,3,4,7,5,0,0,0,0,0,0,1,0,0,5,0,0,0,0,0,0,0,0,0,0,12,6,0,0,0,1,0,0,0,22,0,17,0,0,0,0,0,0,0
song,Still,オンゲキ＆CHUNITHM,13.4,176.0,102,0.6674,0.1781,0.4396,0.5085,0.7773,26,13,6,7,1,8,0,0,3,0,5,0,0,4,4,2,3,8,2,0,0,0,2,0,0,0,14,0,0,0,2,0,0,0,0,1,5,10,0,23,11,0,6,0,0
song,Streak,maimai,13.7,150.0,48,0.4672,0.0605,0.4831,0.4342,0.7674,6,7,12,0,5,0,0,0,0,0,16,0,0,0,0,0,6,4,0,0,2,2,0,0,0,0,3,0,0,0,0,0,0,0,0,6,5,4,1,2,2,0,0,0,0
song,TRUST,オンゲキ＆CHUNITHM,13.1,190.0,95,0.6947,0.1349,0.4682,0.1697,0.7791,29,23,0,6,2,6,0,0,0,0,12,0,0,1,0,0,2,14,0,2,2,0,0,0,0,0,4,16,0,0,0,0,0,0,0,2,7,1,5,27,7,0,12,4,0
song,ULTRA B+K,ゲーム＆バラエティ,13.9,175.0,89,0.6089,0.0503,0.5711,0.4607,0.5846,20,32,4,2,1,3,0,0,0,0,5,3,0,0,2,4,1,13,1,0,2,0,0,0,3,0,32,0,0,0,0,0,0,0,0,2,0,10,0,26,3,0,8,0,3
song,Urban Crusher [Remix],ゲーム＆バラエティ,13.4,155.0,66,0.6693,0.1259,0.5011,0.3023,0.7028,22,16,5,1,2,1,6,0,0,0,0,0,0,9,0,1,2,0,0,0,0,0,0,0,0,0,19,0,0,0,4,0,0,0,0,0,0,23,0,4,4,0,3,0,0
song,We Gonna Journey,オンゲキ＆CHUNITHM,13.9,160.0,85,0.7161,0.0977,0.5565,0.185,0.7433,34,11,7,6,4,4,0,0,3,0,7,0,3,1,2,0,1,3,4,0,2,0,0,0,0,0,8,0,0,0,0,4,0,0,0,0,0,21,9,19,12,0,12,0,0
song,White Traveling Girl,東方Project,13.4,154.0,85,0.6786,0.0327,0.479,0.1968,0.7522,32,15,8,0,4,1,0,0,1,0,7,0,1,13,2,0,0,4,1,2,0,0,0,0,4,0,15,0,0,0,0,0,0,4,0,0,3,22,0,20,4,0,6,0,4
song,World Vanquisher,オンゲキ＆CHUNITHM,14.3,170.0,100,0.6713,0.3355,0.5306,0.2655,0.6707,11,12,2,31,8,26,0,0,0,0,3,2,5,9,1,0,4,4,0,4,1,0,0,0,0,0,20,0,0,6,5,3,2,4,0,0,3,23,0,10,9,0,9,0,0
song,Xevel,オンゲキ＆CHUNITHM,14.3,176.0,95,0.7656,0.1385,0.6289,0.138,0.8285,46,2,2,4,4,11,0,0,0,0,0,0,12,10,6,0,1,10,0,0,2,8,4,2,18,0,3,0,0,0,3,13,7,4,0,0,0,10,6,21,18,3,9,0,13
song,YU-MU,東方Project,13.2,160.0,66,0.583,0.3222,0.7137,0.3294,0.7929,12,9,3,22,0,2,0,0,0,0,9,0,1,0,3,0,0,7,0,0,1,0,0,0,0,4,7,0,0,0,0,3,0,0,0,1,0,2,2,18,3,0,0,0,0
song,awake,ゲーム＆バラエティ,13.2,170.0,54,0.8031,0.0203,0.6319,0.1778,0.834,29,5,1,0,3,2,0,0,0,0,2,0,0,0,2,2,0,8,0,0,3,0,0,0,0,0,8,0,0,0,0,0,0,0,0,9,2,16,0,4,2,0,8,0,0
song,connecting with you,maimai,13.2,155.0,91,0.6876,0.1128,0.5914,0.1466,0.7233,29,17,2,6,2,4,4,0,0,0,1,0,12,0,0,0,0,15,0,0,0,0,0,0,0,0,18,0,0,0,0,0,12,0,0,0,1,5,0,18,3,0,0,0,0
song,maiム・maiム feat.週刊少年マガジン,maimai,13.2,140.0,72,0.7012,0.0468,0.6256,0.2598,0.7309,24,16,4,2,0,3,0,0,0,0,12,0,0,1,5,4,15,16,0,3,0,0,0,0,0,0,11,0,0,0,1,0,0,0,0,3,11,6,0,14,13,1,0,0,2
song,sweet little sister,東方Project,13.4,168.0,87,0.6291,0.0268,0.5543,0.2962,0.6723,20,31,4,0,2,6,0,0,0,0,0,0,4,10,0,0,0,0,0,0,3,0,3,0,0,0,4,0,0,0,0,2,0,0,1,0,0,0,0,16,11,0,6,0,6
song,taboo tears you up,東方Project,13.4,180.0,103,0.707,0.1802,0.4642,0.4289,0.6353,42,14,0,14,6,8,0,0,4,0,14,0,7,6,4,0,3,2,0,1,0,0,0,0,0,0,14,0,0,0,1,7,4,0,0,4,9,2,2,28,8,0,7,0,6
song,【東方ニコカラ】秘神マターラ feat.魂音泉【IOSYS】,東方Project,13.4,168.0,97,0.6276,0.1273,0.4034,0.5003,0.7616,23,12,9,7,5,3,0,0,3,0,12,1,1,1,0,0,1,10,1,0,2,0,0,0,0,0,17,0,0,0,0,2,0,0,0,2,3,5,3,10,4,0,2,2,0
song,おこちゃま戦争,niconico＆ボーカロイド,13.3,175.0,86,0.7738,0.1138,0.5105,0.3306,0.7376,46,7,0,3,1,4,0,0,0,0,0,0,0,6,0,2,0,10,0,0,0,0,0,0,6,0,14,0,0,0,0,2,0,0,0,5,0,9,0,19,10,0,2,0,0
song,おちゃめ機能,niconico＆ボーカロイド,13.6,150.0,56,0.7977,0.0787,0.4057,0.4101,0.7108,31,8,2,0,0,1,0,0,0,0,0,0,3,3,0,1,0,0,0,2,3,0,3,0,0,0,21,0,0,0,2,0,1,0,0,4,0,8,2,9,0,0,0,0,0
song,しねばいいのに,niconico＆ボーカロイド,13.0,138.0,64,0.3916,0.0349,0.5971,0.4012,0.8485,2,8,23,1,5,6,0,0,0,0,0,0,0,1,0,0,0,6,0,3,2,0,0,0,0,0,4,0,0,0,1,0,0,0,0,2,4,0,0,23,0,4,0,0,0
song,すーぱーぬこになりたい,niconico＆ボーカロイド,13.7,194.0,96,0.7492,0.1423,0.6131,0.4761,0.7571,39,16,3,3,0,10,0,0,0,0,8,0,0,1,7,0,8,2,0,6,0,0,0,0,10,0,15,0,2,0,0,2,0,0,0,0,4,12,0,38,16,0,6,0,2
song,どういうことなの！？,niconico＆ボーカロイド,13.4,175.0,84,0.7613,0.1351,0.5166,0.4532,0.7215,32,9,2,5,2,10,0,0,2,0,8,0,0,5,2,0,1,16,0,0,4,0,0,0,0,0,9,0,0,0,4,0,0,0,0,11,4,12,0,6,0,0,2,0,0
song,どうしてこうなった,niconico＆ボーカロイド,13.7,180.0,101,0.7818,0.0395,0.4543,0.3558,0.7486,59,8,3,0,6,0,0,0,0,0,2,1,5,4,1,0,1,8,0,3,1,0,6,0,5,0,23,0,0,0,0,2,0,0,0,2,2,13,2,24,6,0,5,0,2
song,にじよめちゃん体操第一億,POPS＆アニメ,13.8,120.0,48,0.634,0.1193,0.4893,0.2528,0.7964,12,12,4,6,0,1,0,0,4,0,13,7,0,2,1,0,3,0,2,0,0,6,0,0,0,0,1,0,0,0,0,0,0,0,0,0,1,6,0,4,3,0,4,0,0
song,ぽっぴっぽー,niconico＆ボーカロイド,13.3,150.0,61,0.778,0.0136,0.455,0.4595,0.4724,30,5,0,0,0,2,0,0,0,0,1,0,1,6,0,4,0,2,0,1,0,0,0,0,0,0,28,0,0,0,0,0,0,0,0,4,0,15,0,11,2,0,0,0,0
song,アンハッピーリフレイン,niconico＆ボーカロイド,13.4,205.0,94,0.7126,0.1318,0.4632,0.2873,0.8502,40,11,3,9,2,4,0,0,0,0,2,1,0,0,8,0,0,0,0,0,0,0,1,0,0,0,11,0,0,1,0,1,0,0,0,7,2,24,1,23,0,0,17,0,0
song,アージェントシンメトリー,maimai,13.5,172.0,88,0.6291,0.1496,0.6629,0.3854,0.7871,19,18,3,2,10,5,0,0,4,0,14,0,1,5,0,5,0,4,0,0,0,0,0,0,0,0,12,0,0,0,2,4,1,0,0,0,1,15,0,35,0,0,0,0,0
song,ウサテイ,東方Project,14.0,190.0,81,0.7587,0.0801,0.4425,0.5107,0.8235,43,7,4,0,1,2,0,0,0,0,6,0,0,12,9,0,4,9,0,0,7,0,0,0,2,0,35,0,0,0,4,0,0,0,0,4,6,10,0,0,6,0,0,0,0
song,ウッーウッーウマウマ(ﾟ∀ﾟ),POPS＆アニメ,13.4,164.73,65,0.7077,0.0463,0.6648,0.299,0.7715,23,14,0,1,1,3,0,0,0,0,0,0,0,0,0,9,0,20,0,0,1,0,0,0,0,0,10,0,0,0,0,0,0,0,0,2,0,15,0,32,0,0,0,0,0
song,オモイヨシノ,ゲーム＆バラエティ,13.3,168.0,90,0.6919,0.1498,0.3788,0.4904,0.7895,33,9,0,10,11,2,0,0,4,0,7,0,2,7,2,0,0,0,0,0,1,0,0,0,0,0,17,0,1,0,2,6,0,0,1,4,7,20,0,8,2,0,2,0,0
song,ガチャガチャきゅ～と・ふぃぎゅ@メイト,POPS＆アニメ,13.2,178.0,92,0.6396,0.0478,0.6214,0.3485,0.7326,31,23,7,1,7,1,5,0,5,0,19,0,1,0,0,0,0,8,0,7,0,0,0,0,8,0,15,0,0,0,0,1,0,0,0,1,1,1,0,34,18,0,0,0,0
song,キミノヨゾラ哨戒班,niconico＆ボーカロイド,13.0,185.0,90,0.7884,0.068,0.4461,0.3397,0.7678,46,11,0,3,3,1,8,0,0,0,5,10,1,0,0,4,0,11,0,0,2,0,0,0,12,0,15,0,0,2,0,6,0,0,0,0,1,3,0,15,12,0,2,0,2
song,キレキャリオン,niconico＆ボーカロイド,13.1,170.0,86,0.7335,0.1076,0.5714,0.4006,0.7526,39,13,6,4,6,3,3,0,1,0,3,2,0,1,3,6,0,12,0,0,0,0,0,0,0,0,35,0,0,2,0,0,0,0,0,0,0,8,0,42,3,0,5,0,0
song,ギリギリ最強あいまいみー！,POPS＆アニメ,13.7,185.0,78,0.7119,0.1099,0.4848,0.4092,0.855,34,8,2,8,2,2,3,0,4,0,8,3,0,4,0,4,2,10,3,0,0,3,0,0,0,0,7,3,0,0,2,0,0,0,0,0,3,6,0,18,8,0,2,4,0
song,クノイチでも恋がしたい,niconico＆ボーカロイド,13.4,185.0,98,0.6726,0.0825,0.588,0.266,0.8112,30,26,8,2,1,4,0,0,0,0,0,0,3,0,19,3,3,18,1,0,0,0,0,0,0,0,13,0,0,0,0,0,0,0,0,0,0,12,0,16,21,0,8,0,0
song,コトバ・カラフル,ゲーム＆バラエティ,13.7,169.0,59,0.7316,0.0327,0.6903,0.2577,0.8665,27,7,2,1,0,0,0,0,0,0,2,0,0,0,0,4,0,1,0,1,0,0,0,0,3,0,9,0,0,0,0,0,0,0,0,3,2,6,0,44,3,0,6,0,0
song,ジンギスカン,POPS＆アニメ,13.3,150.0,81,0.7108,0.0621,0.544,0.3779,0.69,38,18,3,2,2,1,0,0,0,0,15,4,0,0,0,7,10,8,0,0,0,0,0,0,2,0,12,0,0,2,0,2,0,0,0,11,4,1,2,16,8,0,1,3,6
song,ジングルベル,maimai,14.4,100.0,38,0.7917,0.3295,0.5141,0.4262,0.8142,8,3,1,4,0,10,0,0,0,0,1,1,3,2,3,1,0,4,0,0,1,0,2,0,0,0,23,2,0,5,3,2,1,0,0,2,0,7,1,9,5,2,0,0,5
song,ストリーミングハート,niconico＆ボーカロイド,13.3,210.0,111,0.7396,0.1632,0.4455,0.3085,0.75,39,9,3,10,1,7,0,0,2,0,5,0,0,2,4,0,1,11,0,0,2,0,2,0,0,0,26,0,0,0,0,2,0,0,0,0,2,28,0,15,9,0,3,6,0
song,セガサターン起動音[H.][Remix],ゲーム＆バラエティ,13.0,148.0,45,0.5797,0.1339,0.5888,0.1453,0.863,4,15,1,5,1,6,0,0,0,0,6,2,1,3,6,0,4,0,0,2,0,0,9,0,0,0,7,0,0,2,3,3,3,0,0,2,11,4,0,3,3,0,2,0,0
song,ソーラン☆節,maimai,13.4,145.0,54,0.6485,0.1291,0.4755,0.3974,0.8056,18,11,4,4,1,6,0,0,0,0,4,0,0,9,0,4,1,0,0,0,7,0,0,0,0,0,9,0,0,0,0,0,0,0,0,5,6,14,0,2,0,0,7,0,0
song,ダンスロボットダンス,niconico＆ボーカロイド,13.3,190.0,113,0.6033,0.0932,0.5032,0.2699,0.6958,24,27,10,7,4,4,0,0,0,0,10,10,0,0,4,3,7,4,0,2,4,0,0,0,0,0,13,0,0,6,0,2,0,0,0,5,8,2,3,23,45,0,4,0,23
song,デッドレッドガールズ,niconico＆ボーカロイド,13.8,230.0,125,0.7839,0.1647,0.5755,0.1634,0.8636,69,7,1,11,10,7,0,0,1,0,5,0,6,2,20,0,0,6,0,6,0,0,0,0,0,0,18,0,0,0,2,0,0,0,0,0,5,2,0,16,32,0,10,0,3
song,ドーナツホール,niconico＆ボーカロイド,13.6,252.0,141,0.7911,0.0865,0.6495,0.3563,0.7628,60,3,6,2,1,6,12,0,0,0,10,0,0,3,2,15,1,49,0,0,1,0,6,0,0,0,4,0,0,0,0,0,0,0,0,0,8,0,0,36,6,0,0,0,4
song,ナイト・オブ・ナイツ,東方Project,13.3,180.0,80,0.8118,0.0924,0.5485,0.3631,0.6576,46,8,5,0,0,7,2,0,0,0,0,0,8,7,0,1,0,5,0,0,2,1,3,0,0,0,11,0,0,0,12,4,1,0,0,0,0,14,0,5,1,2,0,0,0
song,ネクロファンタジア～Arr.Demetori,東方Project,13.8,180.0,109,0.6154,0.0922,0.5783,0.4627,0.6471,28,19,11,3,1,0,9,0,0,0,3,1,2,10,4,0,1,17,0,0,0,0,0,0,0,0,12,0,0,1,1,2,0,0,0,1,5,12,1,14,6,0,13,0,0
song,ハート・ビート,オンゲキ＆CHUNITHM,13.4,212.0,120,0.6969,0.1018,0.4729,0.2453,0.7306,41,20,3,2,3,7,0,0,1,0,5,0,2,4,5,0,0,4,0,0,2,0,0,0,9,0,28,0,0,0,0,1,0,0,0,2,4,0,0,18,9,0,0,0,0
song,ピーマンたべたら,maimai,13.7,178.0,73,0.6562,0.1864,0.5483,0.4496,0.7724,19,15,8,12,1,7,0,0,1,0,15,3,2,4,0,0,8,6,2,0,0,1,1,0,0,0,9,0,0,0,4,5,2,0,0,3,8,10,0,18,3,0,3,0,0
song,フキゲンワルツ,niconico＆ボーカロイド,13.2,210.0,119,0.7165,0.1324,0.4965,0.4323,0.4432,35,11,3,6,2,15,0,0,0,0,6,0,7,0,2,1,6,7,0,2,2,0,0,0,0,0,8,0,0,0,0,0,0,0,4,5,14,8,0,34,5,0,1,0,3
song,ユビキリ,maimai,13.3,174.0,84,0.5627,0.1414,0.5507,0.2788,0.8482,14,12,10,10,5,8,0,0,4,0,11,6,0,6,8,2,4,6,0,0,10,0,0,0,2,0,11,3,0,6,1,0,0,3,2,0,4,0,0,11,18,0,5,0,16
song,リンカーネイション,niconico＆ボーカロイド,13.8,185.0,96,0.7778,0.1457,0.5278,0.1597,0.6929,44,13,3,5,1,5,0,0,1,0,1,0,2,6,0,0,1,6,0,0,0,0,0,0,0,0,12,0,0,0,0,7,1,0,0,4,2,2,3,25,4,0,7,2,0
song,ロストワンの号哭,niconico＆ボーカロイド,13.6,162.0,87,0.7647,0.2835,0.4657,0.2605,0.4667,22,8,0,14,0,17,0,0,0,0,0,1,0,0,1,0,1,12,0,0,2,0,0,0,0,0,12,0,0,1,0,0,0,0,0,0,0,29,0,22,2,0,10,0,1
song,ローリンガール,niconico＆ボーカロイド,13.2,195.0,94,0.625,0.2092,0.5685,0.3796,0.8212,17,14,8,14,2,20,0,0,0,0,17,0,0,6,0,2,0,10,0,0,0,0,0,0,0,0,3,0,0,0,0,0,0,0,0,2,13,0,0,12,0,0,0,0,0
song,ワールズエンド・ダンスホール,niconico＆ボーカロイド,13.0,171.0,68,0.7062,0.063,0.3095,0.3606,0.8717,29,11,8,0,0,1,5,0,0,0,0,0,0,0,6,9,0,4,0,0,1,0,0,0,0,0,20,0,0,0,0,0,0,0,0,4,0,2,2,16,0,0,0,0,0
song,僕は空気が嫁ない,niconico＆ボーカロイド,13.5,192.0,89,0.7388,0.2336,0.5725,0.439,0.7244,33,14,2,14,1,7,0,0,1,0,10,11,0,1,1,0,0,9,2,1,0,5,0,0,0,0,37,0,0,7,0,1,0,0,0,2,1,13,1,26,8,0,2,0,3
song,光線チューニング,オンゲキ＆CHUNITHM,13.7,190.0,111,0.6492,0.0973,0.6333,0.1587,0.7192,33,18,13,11,4,3,0,0,1,0,10,0,5,4,5,0,2,14,1,1,1,0,0,0,2,0,12,0,0,0,1,2,0,0,0,0,6,10,2,33,17,0,1,0,3
song,円舞曲、君に,ゲーム＆バラエティ,13.3,128.0,55,0.6386,0.1672,0.5814,0.3151,0.6165,14,2,8,6,3,5,4,0,0,0,1,0,0,0,6,1,0,4,0,0,0,0,0,0,2,5,2,0,0,0,0,4,0,0,0,2,2,13,0,5,5,0,1,0,0
song,初音ミクの消失,niconico＆ボーカロイド,13.9,240.0,128,0.6865,0.1727,0.5297,0.2584,0.7853,31,21,11,16,0,20,0,0,0,0,8,0,9,6,3,0,0,5,0,7,5,2,4,0,3,0,28,5,0,0,5,6,0,0,0,14,5,1,0,9,9,0,0,7,0
song,初音ミクの激唱,niconico＆ボーカロイド,14.5,200.0,114,0.7541,0.2204,0.5487,0.1838,0.7848,20,11,3,24,24,17,6,0,0,0,17,0,15,3,0,0,0,2,0,0,0,0,6,0,0,0,3,0,0,0,0,0,4,0,0,22,2,0,8,6,2,0,2,0,0
song,前前前世,POPS＆アニメ,13.0,190.0,84,0.7558,0.2153,0.6111,0.3531,0.8188,31,14,1,7,2,7,0,0,0,0,4,0,0,3,3,0,0,6,0,1,0,0,0,3,1,0,7,0,0,0,3,1,0,0,0,5,6,3,1,24,20,0,5,4,9
song,厨病激発ボーイ,niconico＆ボーカロイド,13.8,190.0,107,0.7943,0.2096,0.5255,0.1641,0.7873,35,6,4,8,7,25,18,0,0,0,20,1,0,0,16,1,12,3,0,0,0,0,0,0,19,0,20,0,0,0,0,1,0,0,0,2,2,9,0,12,21,0,7,0,8
song,右肩の蝶,niconico＆ボーカロイド,13.1,140.0,83,0.5503,0.0523,0.529,0.3658,0.6698,13,26,12,0,6,0,0,0,0,0,7,2,2,1,6,1,3,25,1,0,0,0,0,0,1,0,12,0,4,0,0,2,0,0,0,9,1,2,0,27,8,0,5,2,4
song,咲キ誇レ常世ノ華,maimai,13.5,170.0,108,0.7122,0.127,0.5113,0.283,0.7491,36,14,4,6,8,10,0,0,1,0,8,0,0,7,2,0,4,36,0,0,0,2,0,0,3,0,11,0,0,0,1,1,0,0,0,0,6,3,0,18,9,0,0,0,2
song,四月の雨,maimai,13.9,79.0,40,0.5936,0.137,0.5577,0.3577,0.7643,8,15,0,1,0,2,0,0,0,0,10,0,1,0,5,0,2,1,0,0,0,4,0,0,8,0,5,0,1,0,0,6,0,0,0,6,5,4,0,0,14,1,14,0,6
song,回レ！雪月花,POPS＆アニメ,13.3,160.0,59,0.7706,0.0899,0.5112,0.2511,0.7024,29,7,4,3,0,6,0,0,1,0,3,0,0,0,1,1,0,18,0,0,0,0,0,0,4,0,3,0,0,0,0,3,0,0,2,0,3,11,4,27,6,0,0,0,0
song,夜咄ディセイブ,niconico＆ボーカロイド,13.8,260.0,123,0.6673,0.151,0.4226,0.2764,0.7427,35,11,4,15,7,13,0,0,0,0,11,0,1,21,0,0,4,0,0,0,0,0,0,0,0,0,2,0,0,0,0,0,1,0,0,0,8,7,0,2,10,0,0,0,4
song,夜明けまであと３秒,ゲーム＆バラエティ,14.0,177.0,96,0.8309,0.3369,0.522,0.3896,0.6387,40,6,2,32,1,9,0,0,0,0,1,0,4,10,0,3,9,14,0,0,1,0,0,0,0,0,3,3,0,0,10,2,2,0,0,0,1,4,1,24,5,0,3,0,5
song,妖精村の月誕祭 ～Lunate Elf,東方Project,13.3,132.0,55,0.6704,0.0724,0.5138,0.2776,0.711,11,15,2,0,0,1,0,0,0,0,2,0,0,0,0,0,0,12,0,0,4,0,0,0,0,0,12,0,0,0,0,0,0,0,0,0,1,14,0,12,1,0,12,0,0
song,幸せになれる隠しコマンドがあるらしい,niconico＆ボーカロイド,14.0,142.0,86,0.6168,0.0959,0.6455,0.2484,0.7147,21,20,14,1,3,6,0,0,3,0,9,3,0,0,18,3,3,19,2,0,6,6,0,0,0,0,5,0,1,7,1,3,0,0,0,5,0,4,0,16,22,0,4,0,17
song,幻想のサテライト,東方Project,14.1,230.0,118,0.7122,0.1516,0.5354,0.4307,0.776,34,11,4,7,12,8,0,0,1,0,29,0,0,8,4,0,4,34,0,1,0,0,0,0,0,0,8,0,0,0,0,0,0,3,0,0,3,0,1,22,6,0,4,0,0
song,幾四音-Ixion-,オンゲキ＆CHUNITHM,13.3,210.0,117,0.7359,0.2925,0.5062,0.2405,0.8164,23,7,3,30,6,19,0,0,4,0,14,0,2,7,9,2,9,3,4,1,0,2,2,0,0,0,10,0,0,0,0,5,1,0,0,0,9,2,8,11,6,0,1,0,6
song,放課後ストライド,niconico＆ボーカロイド,13.3,225.0,123,0.6326,0.0683,0.4344,0.3509,0.8169,26,44,1,1,9,6,0,0,0,0,10,0,0,8,10,0,5,0,0,0,0,0,0,0,0,0,2,0,0,0,0,0,0,0,0,0,12,21,0,0,25,0,0,0,0
song,敗北の少年,niconico＆ボーカロイド,13.4,185.0,110,0.6339,0.0813,0.6747,0.4034,0.6403,28,34,13,2,2,3,0,0,0,0,5,0,1,0,16,0,1,20,0,0,1,0,0,0,9,0,23,8,0,0,0,4,0,0,2,8,2,6,3,17,29,0,5,0,4
song,日本の米は世界一,POPS＆アニメ,13.3,138.0,62,0.7734,0.0816,0.5572,0.2877,0.8542,24,8,0,1,2,1,0,0,0,0,0,4,0,0,2,5,1,3,2,0,0,0,4,0,0,0,4,0,0,2,0,4,0,0,4,0,0,7,2,19,8,0,14,4,8
song,最終鬼畜妹・一部声,東方Project,13.9,200.0,103,0.6547,0.1961,0.5818,0.3734,0.8767,21,16,5,9,9,13,0,0,0,0,0,0,2,4,2,0,0,26,0,0,0,0,0,0,0,0,9,0,0,0,0,2,0,2,0,0,4,12,0,7,0,0,4,0,0
song,木彫り鯰と右肩ゾンビ,niconico＆ボーカロイド,13.6,150.0,87,0.7857,0.0543,0.5194,0.3434,0.852,47,10,4,2,0,1,0,0,3,0,4,6,1,2,2,3,0,25,3,0,2,1,0,0,0,0,10,0,0,7,0,2,0,0,0,2,1,6,0,22,7,0,8,0,5
song,東方スイーツ！～鬼畜姉妹と受難メイド～,東方Project,13.2,179.0,76,0.6553,0.102,0.5797,0.322,0.7678,20,20,2,4,5,0,0,0,0,0,6,1,0,0,1,0,2,2,0,0,0,0,0,0,0,0,7,0,0,1,0,0,0,0,0,2,0,7,0,17,8,0,2,0,0
song,東方妖々夢 ～the maximum moving about～,東方Project,13.3,196.975,118,0.7179,0.2092,0.3987,0.0851,0.7588,33,17,1,20,3,15,0,0,0,0,6,0,1,0,4,0,0,0,0,0,0,0,0,0,12,0,6,0,0,0,0,2,0,0,0,0,10,15,0,6,25,0,2,0,0
song,極圏,ゲーム＆バラエティ,14.4,207.0,97,0.7035,0.1566,0.5637,0.3456,0.6892,25,19,1,8,10,13,0,0,0,0,4,0,6,11,9,1,2,33,0,0,2,0,0,0,0,0,7,0,0,0,6,4,0,0,0,3,2,6,1,16,12,0,6,1,0
song,火炎地獄,maimai,14.1,216.0,95,0.6081,0.2427,0.4691,0.3504,0.7508,18,16,3,25,1,1,0,0,0,0,0,0,5,0,7,2,2,0,0,0,0,0,2,0,0,0,17,0,0,0,0,0,0,0,2,6,0,6,2,15,2,3,0,0,0
song,炉心融解,niconico＆ボーカロイド,13.2,165.0,62,0.6434,0.0204,0.4723,0.3831,0.8595,10,14,4,0,2,1,0,0,2,0,4,2,0,2,1,0,2,0,0,0,0,3,0,0,0,0,9,0,1,2,0,0,0,0,0,0,0,2,0,7,2,0,4,0,0
song,炭★坑★節,maimai,13.3,112.0,45,0.5339,0.1101,0.4246,0.614,0.8637,8,11,11,0,1,2,0,0,0,0,0,0,0,0,1,5,0,2,0,0,3,0,0,0,0,0,12,0,0,0,0,2,0,0,0,2,0,14,0,0,2,0,2,0,0
song,片想いサンバ,niconico＆ボーカロイド,13.2,150.0,81,0.6504,0.0252,0.3874,0.3444,0.681,25,21,7,0,0,0,0,0,0,0,0,0,2,3,0,0,0,11,0,2,0,0,0,0,0,0,27,0,0,0,0,1,0,0,0,17,9,8,0,4,0,1,2,0,0
song,生きてるおばけは生きている,niconico＆ボーカロイド,13.3,140.0,72,0.8133,0.1691,0.6409,0.3768,0.8594,34,7,1,1,0,9,0,0,0,0,9,0,3,1,0,0,0,7,0,0,0,0,0,0,0,0,11,0,0,0,1,0,0,0,0,0,0,27,0,39,2,0,0,0,0
song,疾走あんさんぶる,東方Project,13.7,195.0,104,0.7604,0.0898,0.6123,0.3038,0.8594,41,19,2,2,1,11,0,0,0,0,5,0,2,10,3,0,0,15,0,0,2,1,0,0,5,0,8,0,0,0,3,0,1,0,0,11,6,10,2,11,13,0,5,0,0
song,真・ハンサム体操でズンドコホイ,POPS＆アニメ,13.4,140.0,60,0.4413,0.0586,0.3891,0.3448,0.643,7,14,17,1,6,4,2,0,1,0,4,4,0,2,0,0,0,3,0,2,0,0,0,0,0,0,2,0,2,0,0,0,0,0,0,5,4,0,0,13,1,0,1,0,0
song,空威張りビヘイビア,maimai,13.7,186.0,101,0.7624,0.296,0.5704,0.2259,0.6866,32,5,3,26,6,12,0,0,0,0,5,0,0,0,4,5,2,8,0,0,0,0,0,0,7,0,8,0,0,0,0,0,0,0,3,0,5,9,0,26,14,0,5,0,0
song,終点,niconico＆ボーカロイド,13.7,222.0,102,0.6532,0.0954,0.5406,0.4051,0.6237,32,21,10,3,8,6,3,0,2,0,13,0,1,0,0,1,0,11,0,0,0,0,0,0,0,0,39,4,0,0,2,1,2,0,0,2,8,5,0,28,0,0,0,0,0
song,緋色のDance,東方Project,13.3,155.0,65,0.7175,0.2892,0.4366,0.3921,0.7723,17,6,5,13,0,7,0,0,0,0,6,0,2,0,0,1,4,0,0,0,0,0,0,0,1,0,8,0,0,0,0,11,0,0,0,0,2,17,2,3,1,0,8,0,0
song,脳漿炸裂ガール,niconico＆ボーカロイド,14.1,155.0,66,0.6494,0.1393,0.5888,0.3371,0.7258,7,17,3,3,0,4,0,0,0,0,4,9,0,4,0,4,2,2,0,0,5,0,0,0,0,0,30,0,0,4,1,0,0,0,0,9,4,46,0,0,6,0,0,0,4
song,言ノ葉カルマ,maimai,13.4,150.0,84,0.7444,0.1128,0.4633,0.211,0.6334,36,15,3,4,0,3,0,0,0,3,10,0,5,2,3,0,2,8,0,0,0,0,0,0,0,0,18,0,0,0,2,3,5,0,0,3,0,15,2,11,1,0,1,0,0
song,記憶、記録,maimai,13.6,185.0,79,0.7862,0.0252,0.4433,0.4351,0.7224,40,8,0,0,1,2,0,0,0,0,0,0,0,3,1,8,2,12,0,0,0,0,0,0,0,0,22,0,0,0,0,0,0,0,9,1,0,20,0,8,1,0,0,0,0
song,超絶！Superlative,ゲーム＆バラエティ,13.2,200.0,83,0.5844,0.238,0.4576,0.1395,0.7432,11,10,10,19,4,11,0,0,0,0,0,0,2,5,1,0,1,6,0,0,0,0,2,0,0,0,6,0,0,0,0,0,0,0,6,0,0,6,2,9,6,0,1,0,0
song,進捗どうですか？,東方Project,13.6,199.0,102,0.8024,0.0887,0.5956,0.1833,0.7466,61,8,1,6,0,5,0,0,0,0,0,2,1,3,1,0,3,16,0,1,4,0,0,0,0,0,24,0,0,2,0,5,0,0,4,5,0,12,0,43,18,0,4,0,0
song,電車で電車でOPA!OPA!OPA! -GMT mashup-,ゲーム＆バラエティ,13.8,134.0,65,0.6005,0.0412,0.389,0.1555,0.7113,16,10,12,2,2,0,0,0,0,0,7,2,2,1,0,0,2,4,0,2,0,3,3,0,6,0,2,0,3,0,0,3,2,0,1,11,4,5,0,3,24,0,1,0,11
song,響縁,東方Project,13.0,180.0,88,0.6548,0.0991,0.4281,0.348,0.6668,31,6,8,9,4,1,0,0,1,0,11,0,0,0,1,0,2,5,0,0,0,0,0,0,0,0,20,0,0,0,0,0,0,0,0,7,4,2,0,9,0,0,8,0,0
song,頓珍漢の宴,niconico＆ボーカロイド,13.8,145.0,78,0.701,0.11,0.6425,0.5804,0.8035,29,11,1,1,2,0,0,0,0,0,0,0,1,0,3,0,0,11,0,6,0,0,0,0,2,0,20,0,0,0,0,2,0,0,3,9,0,20,0,34,22,0,21,0,13
song,魔法少女になるしかねぇ,ゲーム＆バラエティ,14.0,165.0,90,0.7175,0.0854,0.5495,0.1961,0.7164,38,15,6,0,3,3,0,0,2,0,9,1,1,7,10,0,3,8,0,0,0,1,0,0,0,0,18,2,0,0,4,3,0,0,0,5,5,3,5,22,10,2,10,1,0
song,魔理沙は大変なものを盗んでいきました,東方Project,13.3,170.0,80,0.6533,0.0749,0.4048,0.3298,0.7272,30,21,10,1,1,0,2,0,0,3,2,0,0,5,3,0,2,4,0,0,4,0,0,0,0,0,15,0,0,0,5,0,0,0,0,1,2,10,5,1,4,0,2,0,3
song,麒麟,ゲーム＆バラエティ,14.1,220.0,108,0.6541,0.1564,0.4418,0.2055,0.6896,29,13,7,6,14,10,0,0,0,0,12,6,2,9,2,0,4,2,0,0,1,5,1,0,0,0,12,0,0,0,0,1,0,0,0,1,14,4,0,9,8,0,6,0,0
